site,level1,item_id,raw_brand,title,matched_name,matched_id,confidence,path,tagged_at,source_name,source_field,source_norm,latin,chinese,matched_id_num,pool_latin,pool_chinese,pool_category,alias_source,latin_length,risk
momo,Beauty,10038994,JS 婕洛妮絲,【JS 婕洛妮絲】3%傳明酸美白精華30ml（美白透亮）,JS,5712923,79,1.4 品牌欄相符（品牌庫有重複，取業績最高）,2026-09-21 14:58:28,JS 婕洛妮絲,品牌欄,js婕洛妮絲,js,婕洛妮絲,5712923,js,,Home & Living,,2,True
momo,Beauty,10109148,DMC 欣蘭,【DoMeCare】清潔凍膜 500g(欣蘭),D.M.C,2983128,65,1.4 品牌欄相符（品牌庫有重複，取業績最高）,2026-09-21 14:58:28,DMC 欣蘭,品牌欄,dmc欣蘭,dmc,欣蘭,2983128,dmc,,Life & Entertainment,,3,True
momo,Beauty,10113292,DMC 欣蘭,【DMC 欣蘭】清潔凍膜 225g(欣蘭),D.M.C,2983128,65,1.4 品牌欄相符（品牌庫有重複，取業績最高）,2026-09-21 14:58:28,DMC 欣蘭,品牌欄,dmc欣蘭,dmc,欣蘭,2983128,dmc,,Life & Entertainment,,3,True
momo,Beauty,10157867,JS 婕洛妮絲,【JS 婕洛妮絲】液態三重酸煥膚精華5ml（煥膚亮白）,JS,5712923,79,1.4 品牌欄相符（品牌庫有重複，取業績最高）,2026-09-21 14:58:28,JS 婕洛妮絲,品牌欄,js婕洛妮絲,js,婕洛妮絲,5712923,js,,Home & Living,,2,True
momo,Beauty,10168860,GB 綠鐘,【GB 綠鐘】GREEN BELL日本綠鐘隨身型指甲銼刀(PSG-005),gb,4405709,85,1.4 品牌欄相符（品牌庫有重複，取業績最高）,2026-09-21 14:58:28,GB 綠鐘,品牌欄,gb綠鐘,gb,綠鐘,4405709,gb,,Mother & Baby,auto,2,True
momo,Beauty,10168862,GB 綠鐘,【GB 綠鐘】GREEN BELL日本綠鐘鍛造不鏽鋼指甲息皮修剪鉗(PSG-009),gb,4405709,85,1.4 品牌欄相符（品牌庫有重複，取業績最高）,2026-09-21 14:58:28,GB 綠鐘,品牌欄,gb綠鐘,gb,綠鐘,4405709,gb,,Mother & Baby,auto,2,True
momo,Beauty,10168863,GB 綠鐘,【GB 綠鐘】GREEN BELL日本綠鐘不銹鋼腳卷甲縫除垢專用棒(PSG-020),gb,4405709,85,1.4 品牌欄相符（品牌庫有重複，取業績最高）,2026-09-21 14:58:28,GB 綠鐘,品牌欄,gb綠鐘,gb,綠鐘,4405709,gb,,Mother & Baby,auto,2,True
momo,Beauty,10168864,GB 綠鐘,【GB 綠鐘】GREEN BELL日本綠鐘不銹鋼腳指甲縫清垢專用棒(PSG-021),gb,4405709,85,1.4 品牌欄相符（品牌庫有重複，取業績最高）,2026-09-21 14:58:28,GB 綠鐘,品牌欄,gb綠鐘,gb,綠鐘,4405709,gb,,Mother & Baby,auto,2,True
momo,Beauty,10181636,GB 綠鐘,【GB 綠鐘】GREEN BELL日本綠鐘不銹鋼腳指甲緣專用搓磨棒(PSG-022),gb,4405709,85,1.4 品牌欄相符（品牌庫有重複，取業績最高）,2026-09-21 14:58:28,GB 綠鐘,品牌欄,gb綠鐘,gb,綠鐘,4405709,gb,,Mother & Baby,auto,2,True
momo,Beauty,10181638,GB 綠鐘,【GB 綠鐘】GREEN BELL日本綠鐘防水砂足部專用搓磨棒(PSG-024),gb,4405709,85,1.4 品牌欄相符（品牌庫有重複，取業績最高）,2026-09-21 14:58:28,GB 綠鐘,品牌欄,gb綠鐘,gb,綠鐘,4405709,gb,,Mother & Baby,auto,2,True
momo,Beauty,10181639,GB 綠鐘,【GB 綠鐘】GREEN BELL日本綠鐘防水砂足部專用搓磨棒(PSG-025),gb,4405709,85,1.4 品牌欄相符（品牌庫有重複，取業績最高）,2026-09-21 14:58:28,GB 綠鐘,品牌欄,gb綠鐘,gb,綠鐘,4405709,gb,,Mother & Baby,auto,2,True
momo,Beauty,10181640,GB 綠鐘,【GB 綠鐘】GREEN BELL日本綠鐘不銹鋼刃足部息皮刮除刀_附贈德國製刀片(PSG-026),gb,4405709,85,1.4 品牌欄相符（品牌庫有重複，取業績最高）,2026-09-21 14:58:28,GB 綠鐘,品牌欄,gb綠鐘,gb,綠鐘,4405709,gb,,Mother & Baby,auto,2,True
momo,Beauty,10181641,GB 綠鐘,【GB 綠鐘】GREEN BELL日本綠鐘不銹鋼足部息皮刮除替換刀片-10片入_PSG-026指定替換刀片專用(PSG-027),gb,4405709,85,1.4 品牌欄相符（品牌庫有重複，取業績最高）,2026-09-21 14:58:28,GB 綠鐘,品牌欄,gb綠鐘,gb,綠鐘,4405709,gb,,Mother & Baby,auto,2,True
momo,Beauty,10181642,GB 綠鐘,【GB 綠鐘】GREEN BELL日本綠鐘鍍金指甲緣專用去息皮指甲刀(PSG-028),gb,4405709,85,1.4 品牌欄相符（品牌庫有重複，取業績最高）,2026-09-21 14:58:28,GB 綠鐘,品牌欄,gb綠鐘,gb,綠鐘,4405709,gb,,Mother & Baby,auto,2,True
momo,Beauty,10204042,CS 嚴選,【CS 嚴選】頂級黑壇木傳統工藝無靜電厚實黑壇木梳子 髮梳 按摩梳 齒梳 月梳(男女適用 手柄梳+月梳各一個),C&S,2838752,84,1.3 品牌欄完全相符,2026-09-21 14:58:28,CS 嚴選,品牌欄,cs嚴選,cs,嚴選,2838752,cs,,Home & Living,,2,True
momo,Beauty,10208236,GB 綠鐘,【GB 綠鐘】GREEN BELL日本綠鐘不銹鋼17.5R特級眼睫毛夾(PSG-030),gb,4405709,85,1.4 品牌欄相符（品牌庫有重複，取業績最高）,2026-09-21 14:58:28,GB 綠鐘,品牌欄,gb綠鐘,gb,綠鐘,4405709,gb,,Mother & Baby,auto,2,True
momo,Beauty,10222242,GB 綠鐘,【GB 綠鐘】GREEN BELL日本綠鐘不銹鋼旋轉式&竹製耳拔二支組(PSG-029),gb,4405709,85,1.4 品牌欄相符（品牌庫有重複，取業績最高）,2026-09-21 14:58:28,GB 綠鐘,品牌欄,gb綠鐘,gb,綠鐘,4405709,gb,,Mother & Baby,auto,2,True
momo,Beauty,10269152,spa 斐孟,【斐孟spa】摩洛哥油 100ml.(100%精純、抗老化肌膚、修護柔嫩),SPA,3876234,98,1.3 品牌欄完全相符,2026-09-21 14:58:28,spa 斐孟,品牌欄,spa斐孟,spa,斐孟,3876234,spa,,Beauty,auto,3,True
momo,Beauty,10280115,spa 斐孟,【斐孟spa】滋潤修護純植物按摩油100ml.(六星級spa獨家配方、肌膚柔嫩之最),SPA,3876234,98,1.3 品牌欄完全相符,2026-09-21 14:58:28,spa 斐孟,品牌欄,spa斐孟,spa,斐孟,3876234,spa,,Beauty,auto,3,True
momo,Beauty,10282171,spa 斐孟,【斐孟spa】純植物按摩油-嫩白保濕 100ml.(保濕滋養、滋養肌膚、全身可使用),SPA,3876234,98,1.3 品牌欄完全相符,2026-09-21 14:58:28,spa 斐孟,品牌欄,spa斐孟,spa,斐孟,3876234,spa,,Beauty,auto,3,True
momo,Beauty,10284976,spa 斐孟,【斐孟spa】純植物按摩油-抗老保濕 100ml.(含玫瑰天竺葵精油、五大認證),SPA,3876234,98,1.3 品牌欄完全相符,2026-09-21 14:58:28,spa 斐孟,品牌欄,spa斐孟,spa,斐孟,3876234,spa,,Beauty,auto,3,True
momo,Beauty,10284977,spa 斐孟,【斐孟spa】純植物按摩油-紓壓循環 100ml.(徜徉自然之感、肌膚柔嫩之最),SPA,3876234,98,1.3 品牌欄完全相符,2026-09-21 14:58:28,spa 斐孟,品牌欄,spa斐孟,spa,斐孟,3876234,spa,,Beauty,auto,3,True
momo,Beauty,10340349,TS6 護一生,【TS6 護一生】潔淨慕斯180g(私密清潔 私密保養),TS6,1136012,98,1.3 品牌欄完全相符,2026-09-21 14:58:28,TS6 護一生,品牌欄,ts6護一生,ts6,護一生,1136012,ts6,,Beauty,auto,3,True
momo,Beauty,10340350,TS6 護一生,【TS6 護一生】潔淨凝露300g(私密清潔 沐浴露),TS6,1136012,98,1.3 品牌欄完全相符,2026-09-21 14:58:28,TS6 護一生,品牌欄,ts6護一生,ts6,護一生,1136012,ts6,,Beauty,auto,3,True
momo,Beauty,10340351,TS6 護一生,【TS6 護一生】潔淨凝露300gx2入(私密清潔 沐浴露),TS6,1136012,98,1.3 品牌欄完全相符,2026-09-21 14:58:28,TS6 護一生,品牌欄,ts6護一生,ts6,護一生,1136012,ts6,,Beauty,auto,3,True
momo,Beauty,10340353,TS6 護一生,【TS6 護一生】私密緊彈水嫩凝膠 40g(私密保養 緊緻私密肌膚),TS6,1136012,98,1.3 品牌欄完全相符,2026-09-21 14:58:28,TS6 護一生,品牌欄,ts6護一生,ts6,護一生,1136012,ts6,,Beauty,auto,3,True
momo,Beauty,10340355,TS6 護一生,【TS6 護一生】私密粉嫩淡色凝膠30g(私密保養 私密美白),TS6,1136012,98,1.3 品牌欄完全相符,2026-09-21 14:58:28,TS6 護一生,品牌欄,ts6護一生,ts6,護一生,1136012,ts6,,Beauty,auto,3,True
momo,Beauty,10340559,TS6 護一生,【TS6 護一生】私密防護噴霧 40g 私密清潔,TS6,1136012,98,1.3 品牌欄完全相符,2026-09-21 14:58:28,TS6 護一生,品牌欄,ts6護一生,ts6,護一生,1136012,ts6,,Beauty,auto,3,True
momo,Beauty,10340560,TS6 護一生,【TS6 護一生】私密防護噴霧 私密清潔(40gx2入),TS6,1136012,98,1.3 品牌欄完全相符,2026-09-21 14:58:28,TS6 護一生,品牌欄,ts6護一生,ts6,護一生,1136012,ts6,,Beauty,auto,3,True
momo,Beauty,10340562,TS6 護一生,【TS6 護一生】私密保養 凝膠(7mlX7隻),TS6,1136012,98,1.3 品牌欄完全相符,2026-09-21 14:58:28,TS6 護一生,品牌欄,ts6護一生,ts6,護一生,1136012,ts6,,Beauty,auto,3,True
momo,Beauty,10340563,TS6 護一生,【TS6 護一生】私密保養私密修護凝膠-3盒(7mlX7入),TS6,1136012,98,1.3 品牌欄完全相符,2026-09-21 14:58:28,TS6 護一生,品牌欄,ts6護一生,ts6,護一生,1136012,ts6,,Beauty,auto,3,True
momo,Beauty,10364981,RYO 呂,【RYO 呂】官方直營 強韌髮根香氛護髮髮膜 200ml(首爾夕陽/濟州微風/麟蹄林間/襄陽波濤),Ryo,1802408,93,1.4 品牌欄相符（品牌庫有重複，取業績最高）,2026-09-21 14:58:28,RYO 呂,品牌欄,ryo呂,ryo,呂,1802408,ryo,,Beauty,,3,True
momo,Beauty,10364982,RYO 呂,【RYO 呂】官方直營 強韌髮根香氛洗髮精 585ml(首爾夕陽/濟州微風/麟蹄林間/襄陽波濤),Ryo,1802408,93,1.4 品牌欄相符（品牌庫有重複，取業績最高）,2026-09-21 14:58:28,RYO 呂,品牌欄,ryo呂,ryo,呂,1802408,ryo,,Beauty,,3,True
momo,Beauty,10368802,de 第一化妝品,【de 第一化妝品】玻尿酸保濕化粧水500g+玻尿酸精華液250g 贈500ml壓頭(雙效保濕 輕鬆鎖住肌膚水分),de,5656356,90,1.3 品牌欄完全相符,2026-09-21 14:58:28,de 第一化妝品,品牌欄,de第一化妝品,de,第一化妝品,5656356,de,,Sports & Outdoors,auto,2,True
momo,Beauty,10395396,GB 綠鐘,【GB 綠鐘】GREEN BELL日本綠鐘仕女專用安全指甲刀S.66mm(PSG-032),gb,4405709,85,1.4 品牌欄相符（品牌庫有重複，取業績最高）,2026-09-21 14:58:28,GB 綠鐘,品牌欄,gb綠鐘,gb,綠鐘,4405709,gb,,Mother & Baby,auto,2,True
momo,Beauty,10395397,GB 綠鐘,【GB 綠鐘】GREEN BELL日本綠鐘仕女專用安全指甲刀M.86mm(PSG-033),gb,4405709,85,1.4 品牌欄相符（品牌庫有重複，取業績最高）,2026-09-21 14:58:28,GB 綠鐘,品牌欄,gb綠鐘,gb,綠鐘,4405709,gb,,Mother & Baby,auto,2,True
momo,Beauty,10395398,GB 綠鐘,【GB 綠鐘】GREEN BELL日本綠鐘半月型圓弧式指甲銼刀S(PSG-034),gb,4405709,85,1.4 品牌欄相符（品牌庫有重複，取業績最高）,2026-09-21 14:58:28,GB 綠鐘,品牌欄,gb綠鐘,gb,綠鐘,4405709,gb,,Mother & Baby,auto,2,True
momo,Beauty,10395399,GB 綠鐘,【GB 綠鐘】GREEN BELL日本綠鐘附套雙頭擠痘壓棒(PSG-035),gb,4405709,85,1.4 品牌欄相符（品牌庫有重複，取業績最高）,2026-09-21 14:58:28,GB 綠鐘,品牌欄,gb綠鐘,gb,綠鐘,4405709,gb,,Mother & Baby,auto,2,True
momo,Beauty,10395400,GB 綠鐘,【GB 綠鐘】GREEN BELL日本綠鐘極薄刃彎式毛髮修容剪(PSG-036),gb,4405709,85,1.4 品牌欄相符（品牌庫有重複，取業績最高）,2026-09-21 14:58:28,GB 綠鐘,品牌欄,gb綠鐘,gb,綠鐘,4405709,gb,,Mother & Baby,auto,2,True
momo,Beauty,10440071,RYO 呂,【RYO 呂】官方直營 強韌髮根香氛洗髮精 585ml x2入(首爾夕陽/濟州微風/麟蹄林間/襄陽波濤),Ryo,1802408,93,1.4 品牌欄相符（品牌庫有重複，取業績最高）,2026-09-21 14:58:28,RYO 呂,品牌欄,ryo呂,ryo,呂,1802408,ryo,,Beauty,,3,True
momo,Beauty,10534289,GB 綠鐘,【GB 綠鐘】GREEN BELL日本綠鐘極薄刃鼻毛安全修容剪(PSG-037),gb,4405709,85,1.4 品牌欄相符（品牌庫有重複，取業績最高）,2026-09-21 14:58:28,GB 綠鐘,品牌欄,gb綠鐘,gb,綠鐘,4405709,gb,,Mother & Baby,auto,2,True
momo,Beauty,10534291,GB 綠鐘,【GB 綠鐘】GREEN BELL日本綠鐘不鏽鋼粗細型指甲銼刀(QQ-402),gb,4405709,85,1.4 品牌欄相符（品牌庫有重複，取業績最高）,2026-09-21 14:58:28,GB 綠鐘,品牌欄,gb綠鐘,gb,綠鐘,4405709,gb,,Mother & Baby,auto,2,True
momo,Beauty,10534293,GB 綠鐘,【GB 綠鐘】GREEN BELL日本綠鐘半月型圓弧式指甲銼刀L(QQ-403),gb,4405709,85,1.4 品牌欄相符（品牌庫有重複，取業績最高）,2026-09-21 14:58:28,GB 綠鐘,品牌欄,gb綠鐘,gb,綠鐘,4405709,gb,,Mother & Baby,auto,2,True
momo,Beauty,10534295,GB 綠鐘,【GB 綠鐘】GREEN BELL日本綠鐘美甲指面清潔專用刷(QQ-404),gb,4405709,85,1.4 品牌欄相符（品牌庫有重複，取業績最高）,2026-09-21 14:58:28,GB 綠鐘,品牌欄,gb綠鐘,gb,綠鐘,4405709,gb,,Mother & Baby,auto,2,True
momo,Beauty,10534297,GB 綠鐘,【GB 綠鐘】GREEN BELL日本綠鐘+QQ美甲指間及手足部清潔刷(QQ-405),gb,4405709,85,1.4 品牌欄相符（品牌庫有重複，取業績最高）,2026-09-21 14:58:28,GB 綠鐘,品牌欄,gb綠鐘,gb,綠鐘,4405709,gb,,Mother & Baby,auto,2,True
momo,Beauty,10553253,JS 婕洛妮絲,【JS 婕洛妮絲】黃金蠟菊超導精華30ml（澎彈抗老）,JS,5712923,79,1.4 品牌欄相符（品牌庫有重複，取業績最高）,2026-09-21 14:58:28,JS 婕洛妮絲,品牌欄,js婕洛妮絲,js,婕洛妮絲,5712923,js,,Home & Living,,2,True
momo,Beauty,10574316,TS6 護一生,【TS6 護一生】沁涼潔淨慕斯100g(私密清潔),TS6,1136012,98,1.3 品牌欄完全相符,2026-09-21 14:58:28,TS6 護一生,品牌欄,ts6護一生,ts6,護一生,1136012,ts6,,Beauty,auto,3,True
momo,Beauty,10598305,JS 婕洛妮絲,【JS 婕洛妮絲】海藻胺基酸保濕洗面乳100mlx3（清潔保濕）,JS,5712923,79,1.4 品牌欄相符（品牌庫有重複，取業績最高）,2026-09-21 14:58:28,JS 婕洛妮絲,品牌欄,js婕洛妮絲,js,婕洛妮絲,5712923,js,,Home & Living,,2,True
momo,Beauty,10598456,JS 婕洛妮絲,【JS 婕洛妮絲】黃金蠟菊修護精華乳60ml+黃金蠟菊超導精華30ml（修護抗老．澎彈緊緻）,JS,5712923,79,1.4 品牌欄相符（品牌庫有重複，取業績最高）,2026-09-21 14:58:28,JS 婕洛妮絲,品牌欄,js婕洛妮絲,js,婕洛妮絲,5712923,js,,Home & Living,,2,True
momo,Beauty,10632671,RYO 呂,【RYO 呂】官方直營 滋養韌髮洗髮精 400ml x3入(油性/中乾性/敏感性/扁塌無力/去屑),Ryo,1802408,93,1.4 品牌欄相符（品牌庫有重複，取業績最高）,2026-09-21 14:58:28,RYO 呂,品牌欄,ryo呂,ryo,呂,1802408,ryo,,Beauty,,3,True
momo,Beauty,10700560,JS 婕洛妮絲,【JS 婕洛妮絲】極水潤保濕面膜（7片/盒）（補水透亮）,JS,5712923,79,1.4 品牌欄相符（品牌庫有重複，取業績最高）,2026-09-21 14:58:28,JS 婕洛妮絲,品牌欄,js婕洛妮絲,js,婕洛妮絲,5712923,js,,Home & Living,,2,True
momo,Beauty,10739329,GB 綠鐘,【GB 綠鐘】GREEN BELL日本綠鐘匠之技鍛造不銹鋼指甲剪S(G-1200),gb,4405709,85,1.4 品牌欄相符（品牌庫有重複，取業績最高）,2026-09-21 14:58:28,GB 綠鐘,品牌欄,gb綠鐘,gb,綠鐘,4405709,gb,,Mother & Baby,auto,2,True
momo,Beauty,10739330,GB 綠鐘,【GB 綠鐘】GREEN BELL日本綠鐘匠之技鍛造不銹鋼指甲剪L(G-1201),gb,4405709,85,1.4 品牌欄相符（品牌庫有重複，取業績最高）,2026-09-21 14:58:28,GB 綠鐘,品牌欄,gb綠鐘,gb,綠鐘,4405709,gb,,Mother & Baby,auto,2,True
momo,Beauty,10739331,GB 綠鐘,【GB 綠鐘】GREEN BELL日本綠鐘匠之技不銹鋼加高寬口指甲剪(G-1203),gb,4405709,85,1.4 品牌欄相符（品牌庫有重複，取業績最高）,2026-09-21 14:58:28,GB 綠鐘,品牌欄,gb綠鐘,gb,綠鐘,4405709,gb,,Mother & Baby,auto,2,True
momo,Beauty,10761536,TS6 護一生,【TS6 護一生】超美白香氛誘霜120g 私密保養(私密美白),TS6,1136012,98,1.3 品牌欄完全相符,2026-09-21 14:58:28,TS6 護一生,品牌欄,ts6護一生,ts6,護一生,1136012,ts6,,Beauty,auto,3,True
momo,Beauty,10764499,TS6 護一生,【TS6 護一生】男士極淨私密沐浴露 舒涼配方 男士私密清潔(330gX1),TS6,1136012,98,1.3 品牌欄完全相符,2026-09-21 14:58:28,TS6 護一生,品牌欄,ts6護一生,ts6,護一生,1136012,ts6,,Beauty,auto,3,True
momo,Beauty,10793385,HH 草本新淨界,【HH 草本新淨界】HH 女性私密濕式衛生紙 抗菌配方 10抽x5包(女性濕式衛生紙 私密潔淨 溫和不刺激),H&H,1120001,85,1.4 品牌欄相符（品牌庫有重複，取業績最高）,2026-09-21 14:58:28,HH 草本新淨界,品牌欄,hh草本新淨界,hh,草本新淨界,1120001,hh,,Home & Living,auto,2,True
momo,Beauty,10808505,TS6 護一生,【TS6 護一生】私密潔淨凝露300g+潔淨慕斯加護型100g(日常清潔與特別照護),TS6,1136012,98,1.3 品牌欄完全相符,2026-09-21 14:58:28,TS6 護一生,品牌欄,ts6護一生,ts6,護一生,1136012,ts6,,Beauty,auto,3,True
momo,Beauty,10867889,JS 婕洛妮絲,【JS 婕洛妮絲】黃金蠟菊淨白潔顏露100ml（卸妝淨膚）,JS,5712923,79,1.4 品牌欄相符（品牌庫有重複，取業績最高）,2026-09-21 14:58:28,JS 婕洛妮絲,品牌欄,js婕洛妮絲,js,婕洛妮絲,5712923,js,,Home & Living,,2,True
momo,Beauty,10958018,KUM 熊野,【KUM 熊野】沙龍級洗髮精1000ml(多款任選),KUM,1094859,90,1.3 品牌欄完全相符,2026-09-21 14:58:28,KUM 熊野,品牌欄,kum熊野,kum,熊野,1094859,kum,,Home & Living,auto,3,True
momo,Beauty,10962246,JS 婕洛妮絲,【JS 婕洛妮絲】黃金蠟菊全能乳霜60ml（澎彈抗老）,JS,5712923,79,1.4 品牌欄相符（品牌庫有重複，取業績最高）,2026-09-21 14:58:28,JS 婕洛妮絲,品牌欄,js婕洛妮絲,js,婕洛妮絲,5712923,js,,Home & Living,,2,True
momo,Beauty,10966766,TS6 護一生,【TS6 護一生】私密防護(私舒衣物手洗精300g+私密防護噴霧40g),TS6,1136012,98,1.3 品牌欄完全相符,2026-09-21 14:58:28,TS6 護一生,品牌欄,ts6護一生,ts6,護一生,1136012,ts6,,Beauty,auto,3,True
momo,Beauty,11105383,TS6 護一生,【TS6 護一生】男士極戰私密噴霧25g(男生私密保養 私密噴霧 精力充沛),TS6,1136012,98,1.3 品牌欄完全相符,2026-09-21 14:58:28,TS6 護一生,品牌欄,ts6護一生,ts6,護一生,1136012,ts6,,Beauty,auto,3,True
momo,Beauty,11119722,CS 嚴選,【CS 嚴選】黑壇木傳統工藝無靜電厚實黑壇木梳子 髮梳 按摩梳 齒梳 月梳(男女適用 手柄梳+細齒月梳各一個),C&S,2838752,84,1.3 品牌欄完全相符,2026-09-21 14:58:28,CS 嚴選,品牌欄,cs嚴選,cs,嚴選,2838752,cs,,Home & Living,,2,True
momo,Beauty,11159716,TS6 護一生,【TS6 護一生】私密慕斯組-潔淨慕斯180gx2/30gx1+加護型慕斯100g(私密清潔),TS6,1136012,98,1.3 品牌欄完全相符,2026-09-21 14:58:28,TS6 護一生,品牌欄,ts6護一生,ts6,護一生,1136012,ts6,,Beauty,auto,3,True
momo,Beauty,11159717,TS6 護一生,【TS6 護一生】淨白植感慕斯180gx1+蜜桃煥白凝膠45gx2贈超美白香氛誘霜30g(私密清潔美白獨家組),TS6,1136012,98,1.3 品牌欄完全相符,2026-09-21 14:58:28,TS6 護一生,品牌欄,ts6護一生,ts6,護一生,1136012,ts6,,Beauty,auto,3,True
momo,Beauty,11175204,GB 綠鐘,【GB 綠鐘】GREEN BELL日本綠鐘匠之技不銹鋼高級指甲剪S(G-1205),gb,4405709,85,1.4 品牌欄相符（品牌庫有重複，取業績最高）,2026-09-21 14:58:28,GB 綠鐘,品牌欄,gb綠鐘,gb,綠鐘,4405709,gb,,Mother & Baby,auto,2,True
momo,Beauty,11175256,GB 綠鐘,【GB 綠鐘】GREEN BELL日本綠鐘不鏽鋼平式細口毛髮截剪夾(MI-246),gb,4405709,85,1.4 品牌欄相符（品牌庫有重複，取業績最高）,2026-09-21 14:58:28,GB 綠鐘,品牌欄,gb綠鐘,gb,綠鐘,4405709,gb,,Mother & Baby,auto,2,True
momo,Beauty,11175257,GB 綠鐘,【GB 綠鐘】日本綠鐘不銹鋼止滑眉毛修容剪(MI-247),gb,4405709,85,1.4 品牌欄相符（品牌庫有重複，取業績最高）,2026-09-21 14:58:28,GB 綠鐘,品牌欄,gb綠鐘,gb,綠鐘,4405709,gb,,Mother & Baby,auto,2,True
momo,Beauty,11176096,GB 綠鐘,【GB 綠鐘】GREEN BELL日本綠鐘匠之技不銹鋼高級指甲剪S(G-1204),gb,4405709,85,1.4 品牌欄相符（品牌庫有重複，取業績最高）,2026-09-21 14:58:28,GB 綠鐘,品牌欄,gb綠鐘,gb,綠鐘,4405709,gb,,Mother & Baby,auto,2,True
momo,Beauty,11176097,GB 綠鐘,【GB 綠鐘】GREEN BELL日本綠鐘不銹鋼止滑眉毛修容剪(MI-248),gb,4405709,85,1.4 品牌欄相符（品牌庫有重複，取業績最高）,2026-09-21 14:58:28,GB 綠鐘,品牌欄,gb綠鐘,gb,綠鐘,4405709,gb,,Mother & Baby,auto,2,True
momo,Beauty,11176098,GB 綠鐘,【GB 綠鐘】GREEN BELL日本綠鐘不銹鋼止滑眉毛修容剪(MI-249),gb,4405709,85,1.4 品牌欄相符（品牌庫有重複，取業績最高）,2026-09-21 14:58:28,GB 綠鐘,品牌欄,gb綠鐘,gb,綠鐘,4405709,gb,,Mother & Baby,auto,2,True
momo,Beauty,11231559,TS6 護一生,【TS6 護一生】沁涼潔淨凝露250gx2+男士極淨私密沐浴露(舒涼)330gx1(男女私密清潔 涼感),TS6,1136012,98,1.3 品牌欄完全相符,2026-09-21 14:58:28,TS6 護一生,品牌欄,ts6護一生,ts6,護一生,1136012,ts6,,Beauty,auto,3,True
momo,Beauty,11247844,JS 婕洛妮絲,【JS 婕洛妮絲】81酵素去黑頭潔顏露100ml(黑頭81洗面乳)（控油去粉刺）,JS,5712923,79,1.4 品牌欄相符（品牌庫有重複，取業績最高）,2026-09-21 14:58:28,JS 婕洛妮絲,品牌欄,js婕洛妮絲,js,婕洛妮絲,5712923,js,,Home & Living,,2,True
momo,Beauty,11253304,,【東京 Ito】雙面磨腳美足搓腳板(去死皮 老繭 修腳 腳底 刮腳 後跟 腳皮挫 去角質 磨砂),ITO,1216067,93,2.2 由商品名稱【】比對到品牌,2026-09-21 14:58:28,東京 Ito,標題【】,東京ito,ito,東京,1216067,ito,,Beauty,,3,True
momo,Beauty,11265941,TS6 護一生,【TS6 護一生】緊彈水嫩凝膠(40ml-私密清潔/私密保養),TS6,1136012,98,1.3 品牌欄完全相符,2026-09-21 14:58:28,TS6 護一生,品牌欄,ts6護一生,ts6,護一生,1136012,ts6,,Beauty,auto,3,True
momo,Beauty,11265942,TS6 護一生,【TS6 護一生】私密防護噴霧(40g-私密清潔/私密保養),TS6,1136012,98,1.3 品牌欄完全相符,2026-09-21 14:58:28,TS6 護一生,品牌欄,ts6護一生,ts6,護一生,1136012,ts6,,Beauty,auto,3,True
momo,Beauty,11265943,TS6 護一生,【TS6 護一生】果萃沐浴晶露(250g-私密清潔/私密保養),TS6,1136012,98,1.3 品牌欄完全相符,2026-09-21 14:58:28,TS6 護一生,品牌欄,ts6護一生,ts6,護一生,1136012,ts6,,Beauty,auto,3,True
momo,Beauty,11265944,TS6 護一生,【TS6 護一生】加護型生理慕斯(100g-私密清潔/私密保養),TS6,1136012,98,1.3 品牌欄完全相符,2026-09-21 14:58:28,TS6 護一生,品牌欄,ts6護一生,ts6,護一生,1136012,ts6,,Beauty,auto,3,True
momo,Beauty,11265945,TS6 護一生,【TS6 護一生】潔淨慕斯(180g-私密清潔/私密保養),TS6,1136012,98,1.3 品牌欄完全相符,2026-09-21 14:58:28,TS6 護一生,品牌欄,ts6護一生,ts6,護一生,1136012,ts6,,Beauty,auto,3,True
momo,Beauty,11266233,,【東京 Ito】8米長一次性衣領防汗透氣貼(帽簷 領口 吸汗神器 襯衫 領子 袖子 防臟墊 汗腥 運動),ITO,1216067,93,2.2 由商品名稱【】比對到品牌,2026-09-21 14:58:28,東京 Ito,標題【】,東京ito,ito,東京,1216067,ito,,Beauty,,3,True
momo,Beauty,11293613,,【東京 Ito】新款多功能經絡檀木按摩梳(頭部 頭療 穴位 刮痧 眼鏡 鼻子 下巴 天然),ITO,1216067,93,2.2 由商品名稱【】比對到品牌,2026-09-21 14:58:28,東京 Ito,標題【】,東京ito,ito,東京,1216067,ito,,Beauty,,3,True
momo,Beauty,11301883,,【東京 Ito】成人兒童適用電動帶燈掏耳器(采耳 吸耳 挖耳勺 耳屎清潔器),ITO,1216067,93,2.2 由商品名稱【】比對到品牌,2026-09-21 14:58:28,東京 Ito,標題【】,東京ito,ito,東京,1216067,ito,,Beauty,,3,True
momo,Beauty,11309100,,【東京 Ito】後跟防磨腳貼(防痛 防起水泡 腳趾保護 高跟鞋PE棉足跟貼 舒適 彈性 上班),ITO,1216067,93,2.2 由商品名稱【】比對到品牌,2026-09-21 14:58:28,東京 Ito,標題【】,東京ito,ito,東京,1216067,ito,,Beauty,,3,True
momo,Beauty,11331199,TS6 護一生,【TS6 護一生】粉嫩淡色凝膠(30ml-私密清潔/私密保養),TS6,1136012,98,1.3 品牌欄完全相符,2026-09-21 14:58:28,TS6 護一生,品牌欄,ts6護一生,ts6,護一生,1136012,ts6,,Beauty,auto,3,True
momo,Beauty,11363509,de 第一化妝品,【de 第一化妝品】玻尿酸精華液250g+A醇超能精華50ml(細緻肌膚 守護全膚質),de,5656356,90,1.3 品牌欄完全相符,2026-09-21 14:58:28,de 第一化妝品,品牌欄,de第一化妝品,de,第一化妝品,5656356,de,,Sports & Outdoors,auto,2,True
momo,Beauty,11367036,JS 婕洛妮絲,【JS 婕洛妮絲】8%杏仁酸淨痘精華30ml（極效淨痘）,JS,5712923,79,1.4 品牌欄相符（品牌庫有重複，取業績最高）,2026-09-21 14:58:28,JS 婕洛妮絲,品牌欄,js婕洛妮絲,js,婕洛妮絲,5712923,js,,Home & Living,,2,True
momo,Beauty,11406815,ban 盼,【BAN盼】清新體香膏 73g(原廠公司貨),ban,1131931,98,1.3 品牌欄完全相符,2026-09-21 14:58:28,ban 盼,品牌欄,ban盼,ban,盼,1131931,ban,,Beauty,,3,True
momo,Beauty,11406817,ban 盼,【BAN盼】清新體香膏 73g 3入組(原廠公司貨),ban,1131931,98,1.3 品牌欄完全相符,2026-09-21 14:58:28,ban 盼,品牌欄,ban盼,ban,盼,1131931,ban,,Beauty,,3,True
momo,Beauty,11411950,JS 婕洛妮絲,【JS 婕洛妮絲】81酵素去黑頭潔顏露100mlx2(黑頭81洗面乳)（控油去粉刺）,JS,5712923,79,1.4 品牌欄相符（品牌庫有重複，取業績最高）,2026-09-21 14:58:28,JS 婕洛妮絲,品牌欄,js婕洛妮絲,js,婕洛妮絲,5712923,js,,Home & Living,,2,True
momo,Beauty,11443202,Ran 冉,【Ran 冉】夏日身體清潔露組合500mlx2(洋甘菊與橙),Ran,1594021,85,1.4 品牌欄相符（品牌庫有重複，取業績最高）,2026-09-21 14:58:28,Ran 冉,品牌欄,ran冉,ran,冉,1594021,ran,,Home & Living,,3,True
momo,Beauty,11454667,MUK 潮嘜,【MUK 潮嘜】頂級髮尾修護凝露 100ml(新裝 滋養液 免沖洗),muk.,1112610,93,1.4 品牌欄相符（品牌庫有重複，取業績最高）,2026-09-21 14:58:28,MUK 潮嘜,品牌欄,muk潮嘜,muk,潮嘜,1112610,muk,,Beauty,auto,3,True
momo,Beauty,11483355,ban 盼,【BAN盼】清新體香膏 73g 6入組(原廠公司貨),ban,1131931,98,1.3 品牌欄完全相符,2026-09-21 14:58:28,ban 盼,品牌欄,ban盼,ban,盼,1131931,ban,,Beauty,,3,True
momo,Beauty,11496627,HH 草本新淨界,【HH 草本新淨界】寶石光防曬隔離霜SPF40 30ml(彩妝保養 保養防曬 潤色效果),H&H,1120001,85,1.4 品牌欄相符（品牌庫有重複，取業績最高）,2026-09-21 14:58:28,HH 草本新淨界,品牌欄,hh草本新淨界,hh,草本新淨界,1120001,hh,,Home & Living,auto,2,True
momo,Beauty,11502090,HH 草本新淨界,【HH 草本新淨界】HH EPR2全效潤澤緊實面15片(對抗老化/鎖水保濕/緊緻毛孔),H&H,1120001,85,1.4 品牌欄相符（品牌庫有重複，取業績最高）,2026-09-21 14:58:28,HH 草本新淨界,品牌欄,hh草本新淨界,hh,草本新淨界,1120001,hh,,Home & Living,auto,2,True
momo,Beauty,11562686,GB 綠鐘,【GB 綠鐘】GREEN BELL日本綠鐘匠之技鍛造不銹鋼指甲剪(G-1301),gb,4405709,85,1.4 品牌欄相符（品牌庫有重複，取業績最高）,2026-09-21 14:58:28,GB 綠鐘,品牌欄,gb綠鐘,gb,綠鐘,4405709,gb,,Mother & Baby,auto,2,True
momo,Beauty,11662236,JS 婕洛妮絲,【JS 婕洛妮絲】鳶尾花A醇防曬素顏霜SPF50+★★★30ml(紫色防曬霜)（防曬潤色）,JS,5712923,79,1.4 品牌欄相符（品牌庫有重複，取業績最高）,2026-09-21 14:58:28,JS 婕洛妮絲,品牌欄,js婕洛妮絲,js,婕洛妮絲,5712923,js,,Home & Living,,2,True
momo,Beauty,11672815,JS 婕洛妮絲,【JS 婕洛妮絲】鳶尾花A醇防曬素顏霜SPF50+★★★30mlx2(紫色防曬霜)（防曬潤色）,JS,5712923,79,1.4 品牌欄相符（品牌庫有重複，取業績最高）,2026-09-21 14:58:28,JS 婕洛妮絲,品牌欄,js婕洛妮絲,js,婕洛妮絲,5712923,js,,Home & Living,,2,True
momo,Beauty,11672816,JS 婕洛妮絲,【JS 婕洛妮絲】momo獨家▼鳶尾花A醇防曬素顏霜SPF50+★★★30mlx3(紫色防曬霜)（防曬潤色）,JS,5712923,79,1.4 品牌欄相符（品牌庫有重複，取業績最高）,2026-09-21 14:58:28,JS 婕洛妮絲,品牌欄,js婕洛妮絲,js,婕洛妮絲,5712923,js,,Home & Living,,2,True
momo,Beauty,11703093,GB 綠鐘,【GB 綠鐘】GREEN BELL日本綠鐘不銹鋼足用指甲剪(直刃斜口.NC-130),gb,4405709,85,1.4 品牌欄相符（品牌庫有重複，取業績最高）,2026-09-21 14:58:28,GB 綠鐘,品牌欄,gb綠鐘,gb,綠鐘,4405709,gb,,Mother & Baby,auto,2,True
momo,Beauty,11721928,GB 綠鐘,【GB 綠鐘】GREEN BELL日本綠鐘不銹鋼足用指甲剪(彎刃斜口.NC-132),gb,4405709,85,1.4 品牌欄相符（品牌庫有重複，取業績最高）,2026-09-21 14:58:28,GB 綠鐘,品牌欄,gb綠鐘,gb,綠鐘,4405709,gb,,Mother & Baby,auto,2,True
momo,Beauty,11721929,GB 綠鐘,【GB 綠鐘】GREEN BELL日本綠鐘鍍金安全指甲剪M(粉.NC-135),gb,4405709,85,1.4 品牌欄相符（品牌庫有重複，取業績最高）,2026-09-21 14:58:28,GB 綠鐘,品牌欄,gb綠鐘,gb,綠鐘,4405709,gb,,Mother & Baby,auto,2,True
momo,Beauty,11721930,GB 綠鐘,【GB 綠鐘】GREEN BELL日本綠鐘鍍金安全指甲剪M(藍.NC-136),gb,4405709,85,1.4 品牌欄相符（品牌庫有重複，取業績最高）,2026-09-21 14:58:28,GB 綠鐘,品牌欄,gb綠鐘,gb,綠鐘,4405709,gb,,Mother & Baby,auto,2,True
momo,Beauty,11721931,GB 綠鐘,【GB 綠鐘】GREEN BELL日本綠鐘不銹鋼防飛濺指甲剪M(NC-138),gb,4405709,85,1.4 品牌欄相符（品牌庫有重複，取業績最高）,2026-09-21 14:58:28,GB 綠鐘,品牌欄,gb綠鐘,gb,綠鐘,4405709,gb,,Mother & Baby,auto,2,True
momo,Beauty,11721932,GB 綠鐘,【GB 綠鐘】GREEN BELL日本綠鐘不銹鋼曲線刃安全指甲剪(粉.NC-152),gb,4405709,85,1.4 品牌欄相符（品牌庫有重複，取業績最高）,2026-09-21 14:58:28,GB 綠鐘,品牌欄,gb綠鐘,gb,綠鐘,4405709,gb,,Mother & Baby,auto,2,True
momo,Beauty,11721933,GB 綠鐘,【GB 綠鐘】GREEN BELL日本綠鐘不銹鋼曲線刃安全指甲剪(藍.NC-153),gb,4405709,85,1.4 品牌欄相符（品牌庫有重複，取業績最高）,2026-09-21 14:58:28,GB 綠鐘,品牌欄,gb綠鐘,gb,綠鐘,4405709,gb,,Mother & Baby,auto,2,True
momo,Beauty,11729299,GB 綠鐘,【GB 綠鐘】GREEN BELL日本綠鐘鍍金安全指甲剪S(粉.NC-133),gb,4405709,85,1.4 品牌欄相符（品牌庫有重複，取業績最高）,2026-09-21 14:58:28,GB 綠鐘,品牌欄,gb綠鐘,gb,綠鐘,4405709,gb,,Mother & Baby,auto,2,True
momo,Beauty,11729300,GB 綠鐘,【GB 綠鐘】GREEN BELL日本綠鐘鍍金安全指甲剪S(藍.NC-134),gb,4405709,85,1.4 品牌欄相符（品牌庫有重複，取業績最高）,2026-09-21 14:58:28,GB 綠鐘,品牌欄,gb綠鐘,gb,綠鐘,4405709,gb,,Mother & Baby,auto,2,True
momo,Beauty,11729301,GB 綠鐘,【GB 綠鐘】GREEN BELL日本綠鐘不銹鋼防飛濺指甲剪S(NC-137),gb,4405709,85,1.4 品牌欄相符（品牌庫有重複，取業績最高）,2026-09-21 14:58:28,GB 綠鐘,品牌欄,gb綠鐘,gb,綠鐘,4405709,gb,,Mother & Baby,auto,2,True
momo,Beauty,11729364,GB 綠鐘,【GB 綠鐘】日本GB綠鐘不銹鋼曲線刃安全指甲剪M(粉.NC-157),gb,4405709,85,1.4 品牌欄相符（品牌庫有重複，取業績最高）,2026-09-21 14:58:28,GB 綠鐘,品牌欄,gb綠鐘,gb,綠鐘,4405709,gb,,Mother & Baby,auto,2,True
momo,Beauty,11729365,GB 綠鐘,【GB 綠鐘】日本GB綠鐘不銹鋼曲線刃安全指甲剪L(藍.NC-158),gb,4405709,85,1.4 品牌欄相符（品牌庫有重複，取業績最高）,2026-09-21 14:58:28,GB 綠鐘,品牌欄,gb綠鐘,gb,綠鐘,4405709,gb,,Mother & Baby,auto,2,True
momo,Beauty,11742060,NOW 娜奧,【NOW 娜奧】純葡萄籽保濕油473ml-Now Foods,NOW,2387626,85,1.4 品牌欄相符（品牌庫有重複，取業績最高）,2026-09-21 14:58:28,NOW 娜奧,品牌欄,now娜奧,now,娜奧,2387626,now,,Health,auto,3,True
momo,Beauty,11811842,KUM 熊野,【KUM 熊野】麗白洗卸兩用洗面乳190g,KUM,1094859,90,1.3 品牌欄完全相符,2026-09-21 14:58:28,KUM 熊野,品牌欄,kum熊野,kum,熊野,1094859,kum,,Home & Living,auto,3,True
momo,Beauty,11816876,RYO 呂,【RYO 呂】官方直營 ROOTGEN強韌蘊髮洗髮精/護髮膜 515ml(男性專用/女性專用/零油感平衡控油),Ryo,1802408,93,1.4 品牌欄相符（品牌庫有重複，取業績最高）,2026-09-21 14:58:28,RYO 呂,品牌欄,ryo呂,ryo,呂,1802408,ryo,,Beauty,,3,True
momo,Beauty,11833392,RYO 呂,【RYO 呂】官方直營 ROOTGEN強韌蘊髮頭皮精華液80ml (強健髮根 頭皮養護 無矽靈),Ryo,1802408,93,1.4 品牌欄相符（品牌庫有重複，取業績最高）,2026-09-21 14:58:28,RYO 呂,品牌欄,ryo呂,ryo,呂,1802408,ryo,,Beauty,,3,True
momo,Beauty,11846033,JS 婕洛妮絲,【JS 婕洛妮絲】極水潤保濕面膜（2片/盒）（強效保濕）,JS,5712923,79,1.4 品牌欄相符（品牌庫有重複，取業績最高）,2026-09-21 14:58:28,JS 婕洛妮絲,品牌欄,js婕洛妮絲,js,婕洛妮絲,5712923,js,,Home & Living,,2,True
momo,Beauty,11898562,JS 婕洛妮絲,【JS 婕洛妮絲】液態三重酸煥膚精華30mlx2（煥膚亮白）,JS,5712923,79,1.4 品牌欄相符（品牌庫有重複，取業績最高）,2026-09-21 14:58:28,JS 婕洛妮絲,品牌欄,js婕洛妮絲,js,婕洛妮絲,5712923,js,,Home & Living,,2,True
momo,Beauty,11907789,JS 婕洛妮絲,【JS 婕洛妮絲】極水潤保濕面膜（7片/盒）x2（補水透亮）,JS,5712923,79,1.4 品牌欄相符（品牌庫有重複，取業績最高）,2026-09-21 14:58:28,JS 婕洛妮絲,品牌欄,js婕洛妮絲,js,婕洛妮絲,5712923,js,,Home & Living,,2,True
momo,Beauty,11917915,RYO 呂,【RYO 呂】官方直營 強韌髮根香氛護髮髮膜 200ml x2入(首爾夕陽/濟州微風/麟蹄林間/襄陽波濤),Ryo,1802408,93,1.4 品牌欄相符（品牌庫有重複，取業績最高）,2026-09-21 14:58:28,RYO 呂,品牌欄,ryo呂,ryo,呂,1802408,ryo,,Beauty,,3,True
momo,Beauty,11923346,JS 婕洛妮絲,【JS 婕洛妮絲】*鳶尾花A醇防曬素顏霜SPF50+★★★10ml(紫色防曬霜)（防曬潤色）,JS,5712923,79,1.4 品牌欄相符（品牌庫有重複，取業績最高）,2026-09-21 14:58:28,JS 婕洛妮絲,品牌欄,js婕洛妮絲,js,婕洛妮絲,5712923,js,,Home & Living,,2,True
momo,Beauty,11923348,JS 婕洛妮絲,【JS 婕洛妮絲】8%杏仁酸淨痘精華5ml（極致淨痘）,JS,5712923,79,1.4 品牌欄相符（品牌庫有重複，取業績最高）,2026-09-21 14:58:28,JS 婕洛妮絲,品牌欄,js婕洛妮絲,js,婕洛妮絲,5712923,js,,Home & Living,,2,True
momo,Beauty,11923349,JS 婕洛妮絲,【JS 婕洛妮絲】超水感玻尿酸保濕精華5ml（保濕鎖水）,JS,5712923,79,1.4 品牌欄相符（品牌庫有重複，取業績最高）,2026-09-21 14:58:28,JS 婕洛妮絲,品牌欄,js婕洛妮絲,js,婕洛妮絲,5712923,js,,Home & Living,,2,True
momo,Beauty,11942775,GB 綠鐘,【GB 綠鐘】GREEN BELL日本綠鐘匠之技隨身型可折式指甲銼刀(G-1038),gb,4405709,85,1.4 品牌欄相符（品牌庫有重複，取業績最高）,2026-09-21 14:58:28,GB 綠鐘,品牌欄,gb綠鐘,gb,綠鐘,4405709,gb,,Mother & Baby,auto,2,True
momo,Beauty,12001369,RYO 呂,【RYO 呂】官方直營 ROOTGEN強韌蘊髮洗髮精/護髮膜515mlx2入(男性專用/女性專用/零感控油),Ryo,1802408,93,1.4 品牌欄相符（品牌庫有重複，取業績最高）,2026-09-21 14:58:28,RYO 呂,品牌欄,ryo呂,ryo,呂,1802408,ryo,,Beauty,,3,True
momo,Beauty,12007248,GB 綠鐘,【GB 綠鐘】GREEN BELL日本綠鐘匠之技鍛造不銹鋼附放大鏡指甲剪(G-1304),gb,4405709,85,1.4 品牌欄相符（品牌庫有重複，取業績最高）,2026-09-21 14:58:28,GB 綠鐘,品牌欄,gb綠鐘,gb,綠鐘,4405709,gb,,Mother & Baby,auto,2,True
momo,Beauty,12007249,GB 綠鐘,【GB 綠鐘】GREEN BELL日本綠鐘匠之技防飛濺鍛造不銹鋼指甲剪(G-1305),gb,4405709,85,1.4 品牌欄相符（品牌庫有重複，取業績最高）,2026-09-21 14:58:28,GB 綠鐘,品牌欄,gb綠鐘,gb,綠鐘,4405709,gb,,Mother & Baby,auto,2,True
momo,Beauty,12007250,GB 綠鐘,【GB 綠鐘】GREEN BELL日本綠鐘鍛造不鏽鋼彎式美粧修容剪(G-2112),gb,4405709,85,1.4 品牌欄相符（品牌庫有重複，取業績最高）,2026-09-21 14:58:28,GB 綠鐘,品牌欄,gb綠鐘,gb,綠鐘,4405709,gb,,Mother & Baby,auto,2,True
momo,Beauty,12007251,GB 綠鐘,【GB 綠鐘】GREEN BELL日本綠鐘鍛造不鏽鋼鼻毛&美粧安全修容剪(G-2113),gb,4405709,85,1.4 品牌欄相符（品牌庫有重複，取業績最高）,2026-09-21 14:58:28,GB 綠鐘,品牌欄,gb綠鐘,gb,綠鐘,4405709,gb,,Mother & Baby,auto,2,True
momo,Beauty,12007252,GB 綠鐘,【GB 綠鐘】GREEN BELL日本綠鐘匠之技鈦合金螺旋式耳扒(G-2199),gb,4405709,85,1.4 品牌欄相符（品牌庫有重複，取業績最高）,2026-09-21 14:58:28,GB 綠鐘,品牌欄,gb綠鐘,gb,綠鐘,4405709,gb,,Mother & Baby,auto,2,True
momo,Beauty,12007253,GB 綠鐘,【GB 綠鐘】GREEN BELL日本綠鐘匠之技不鏽鋼銳刃平口毛髮截剪夾(G-2200),gb,4405709,85,1.4 品牌欄相符（品牌庫有重複，取業績最高）,2026-09-21 14:58:28,GB 綠鐘,品牌欄,gb綠鐘,gb,綠鐘,4405709,gb,,Mother & Baby,auto,2,True
momo,Beauty,12007254,GB 綠鐘,【GB 綠鐘】GREEN BELL日本綠鐘匠之技不鏽鋼螺旋式耳扒(黑 G-2300),gb,4405709,85,1.4 品牌欄相符（品牌庫有重複，取業績最高）,2026-09-21 14:58:28,GB 綠鐘,品牌欄,gb綠鐘,gb,綠鐘,4405709,gb,,Mother & Baby,auto,2,True
momo,Beauty,12079831,JS 婕洛妮絲,【JS 婕洛妮絲】抗UV素顏霜PRO SPF50★★★★30ml+抗UV素顏霜SPF25★★★30ml（防曬提亮）,JS,5712923,79,1.4 品牌欄相符（品牌庫有重複，取業績最高）,2026-09-21 14:58:28,JS 婕洛妮絲,品牌欄,js婕洛妮絲,js,婕洛妮絲,5712923,js,,Home & Living,,2,True
momo,Beauty,12083049,GB 綠鐘,【GB 綠鐘】GREEN BELL日本綠鐘匠之技附旋轉矽膠刷頭耳扒(G-2172),gb,4405709,85,1.4 品牌欄相符（品牌庫有重複，取業績最高）,2026-09-21 14:58:28,GB 綠鐘,品牌欄,gb綠鐘,gb,綠鐘,4405709,gb,,Mother & Baby,auto,2,True
momo,Beauty,12083050,GB 綠鐘,【GB 綠鐘】GREEN BELL日本綠鐘匠之技不銹鋼附套粗細指甲銼刀(G-1043),gb,4405709,85,1.4 品牌欄相符（品牌庫有重複，取業績最高）,2026-09-21 14:58:28,GB 綠鐘,品牌欄,gb綠鐘,gb,綠鐘,4405709,gb,,Mother & Baby,auto,2,True
momo,Beauty,12137391,JS 婕洛妮絲,【JS 婕洛妮絲】momo獨家▼抗UV防曬素顏霜PRO 30mlx3(SPF50★★★★)（防曬提亮）,JS,5712923,79,1.4 品牌欄相符（品牌庫有重複，取業績最高）,2026-09-21 14:58:28,JS 婕洛妮絲,品牌欄,js婕洛妮絲,js,婕洛妮絲,5712923,js,,Home & Living,,2,True
momo,Beauty,12139989,JS 婕洛妮絲,【JS 婕洛妮絲】液態三重酸煥膚精華30mlx3（煥膚亮白）,JS,5712923,79,1.4 品牌欄相符（品牌庫有重複，取業績最高）,2026-09-21 14:58:28,JS 婕洛妮絲,品牌欄,js婕洛妮絲,js,婕洛妮絲,5712923,js,,Home & Living,,2,True
momo,Beauty,12149836,GB 綠鐘,【GB 綠鐘】GREEN BELL日本綠鐘匠之技附旋轉矽膠刷頭耳扒(G-2173),gb,4405709,85,1.4 品牌欄相符（品牌庫有重複，取業績最高）,2026-09-21 14:58:28,GB 綠鐘,品牌欄,gb綠鐘,gb,綠鐘,4405709,gb,,Mother & Baby,auto,2,True
momo,Beauty,12149837,GB 綠鐘,【GB 綠鐘】GREEN BELL日本綠鐘匠之技附旋轉矽膠刷頭耳扒(G-2174),gb,4405709,85,1.4 品牌欄相符（品牌庫有重複，取業績最高）,2026-09-21 14:58:28,GB 綠鐘,品牌欄,gb綠鐘,gb,綠鐘,4405709,gb,,Mother & Baby,auto,2,True
momo,Beauty,12174364,GB 綠鐘,【GB 綠鐘】GREEN BELL日本綠鐘35.8R眼弧全型捲俏睫毛夾(EC-60),gb,4405709,85,1.4 品牌欄相符（品牌庫有重複，取業績最高）,2026-09-21 14:58:28,GB 綠鐘,品牌欄,gb綠鐘,gb,綠鐘,4405709,gb,,Mother & Baby,auto,2,True
momo,Beauty,12174365,GB 綠鐘,【GB 綠鐘】GREEN BELL日本綠鐘36.5R眼弧全型捲俏睫毛夾(EC-75),gb,4405709,85,1.4 品牌欄相符（品牌庫有重複，取業績最高）,2026-09-21 14:58:28,GB 綠鐘,品牌欄,gb綠鐘,gb,綠鐘,4405709,gb,,Mother & Baby,auto,2,True
momo,Beauty,12174366,GB 綠鐘,【GB 綠鐘】GREEN BELL日本綠鐘彈力捲翹35.8R眼睫毛夾EC-60/EC-75替換墊片(EC-25),gb,4405709,85,1.4 品牌欄相符（品牌庫有重複，取業績最高）,2026-09-21 14:58:28,GB 綠鐘,品牌欄,gb綠鐘,gb,綠鐘,4405709,gb,,Mother & Baby,auto,2,True
momo,Beauty,12174367,GB 綠鐘,【GB 綠鐘】GREEN BELL日本綠鐘特級銀色全型睫毛夾(MI-208),gb,4405709,85,1.4 品牌欄相符（品牌庫有重複，取業績最高）,2026-09-21 14:58:28,GB 綠鐘,品牌欄,gb綠鐘,gb,綠鐘,4405709,gb,,Mother & Baby,auto,2,True
momo,Beauty,12174368,GB 綠鐘,【GB 綠鐘】GREEN BELL日本綠鐘不銹鋼平式寬口毛拔(QQ-500),gb,4405709,85,1.4 品牌欄相符（品牌庫有重複，取業績最高）,2026-09-21 14:58:28,GB 綠鐘,品牌欄,gb綠鐘,gb,綠鐘,4405709,gb,,Mother & Baby,auto,2,True
momo,Beauty,12174370,GB 綠鐘,【GB 綠鐘】日本GB綠鐘不銹鋼滑膠柄細口毛拔(QQ-502),gb,4405709,85,1.4 品牌欄相符（品牌庫有重複，取業績最高）,2026-09-21 14:58:28,GB 綠鐘,品牌欄,gb綠鐘,gb,綠鐘,4405709,gb,,Mother & Baby,auto,2,True
momo,Beauty,12174371,GB 綠鐘,【GB 綠鐘】GREEN BELL日本綠鐘不銹鋼寬細毛拔兩支組(QQ-503),gb,4405709,85,1.4 品牌欄相符（品牌庫有重複，取業績最高）,2026-09-21 14:58:28,GB 綠鐘,品牌欄,gb綠鐘,gb,綠鐘,4405709,gb,,Mother & Baby,auto,2,True
momo,Beauty,12184864,GB 綠鐘,【GB 綠鐘】GREEN BELL日本綠鐘不銹鋼寬直細式多用途安全夾(QQ-505),gb,4405709,85,1.4 品牌欄相符（品牌庫有重複，取業績最高）,2026-09-21 14:58:28,GB 綠鐘,品牌欄,gb綠鐘,gb,綠鐘,4405709,gb,,Mother & Baby,auto,2,True
momo,Beauty,12184865,GB 綠鐘,【GB 綠鐘】GREEN BELL日本綠鐘不銹鋼寬彎細式多用途安全夾(QQ-506),gb,4405709,85,1.4 品牌欄相符（品牌庫有重複，取業績最高）,2026-09-21 14:58:28,GB 綠鐘,品牌欄,gb綠鐘,gb,綠鐘,4405709,gb,,Mother & Baby,auto,2,True
momo,Beauty,12184866,GB 綠鐘,【GB 綠鐘】日本綠鐘雙頭粉刺除痘棒(QQ-600),gb,4405709,85,1.4 品牌欄相符（品牌庫有重複，取業績最高）,2026-09-21 14:58:28,GB 綠鐘,品牌欄,gb綠鐘,gb,綠鐘,4405709,gb,,Mother & Baby,auto,2,True
momo,Beauty,12184867,GB 綠鐘,【GB 綠鐘】GREEN BELL日本綠鐘附套雙頭擠痘壓棒(QQ-601),gb,4405709,85,1.4 品牌欄相符（品牌庫有重複，取業績最高）,2026-09-21 14:58:28,GB 綠鐘,品牌欄,gb綠鐘,gb,綠鐘,4405709,gb,,Mother & Baby,auto,2,True
momo,Beauty,12184868,GB 綠鐘,【GB 綠鐘】GREEN BELL日本綠鐘附白色鵝絨毛竹製耳扒(QQ-604),gb,4405709,85,1.4 品牌欄相符（品牌庫有重複，取業績最高）,2026-09-21 14:58:28,GB 綠鐘,品牌欄,gb綠鐘,gb,綠鐘,4405709,gb,,Mother & Baby,auto,2,True
momo,Beauty,12184869,GB 綠鐘,【GB 綠鐘】GREEN BELL日本綠鐘附白色鵝絨毛竹製耳扒三支組(QQ-605),gb,4405709,85,1.4 品牌欄相符（品牌庫有重複，取業績最高）,2026-09-21 14:58:28,GB 綠鐘,品牌欄,gb綠鐘,gb,綠鐘,4405709,gb,,Mother & Baby,auto,2,True
momo,Beauty,12184871,GB 綠鐘,【GB 綠鐘】GREEN BELL日本綠鐘附套不鏽鋼毛髮彎式安全修容剪(QQ-900),gb,4405709,85,1.4 品牌欄相符（品牌庫有重複，取業績最高）,2026-09-21 14:58:28,GB 綠鐘,品牌欄,gb綠鐘,gb,綠鐘,4405709,gb,,Mother & Baby,auto,2,True
momo,Beauty,12201478,TS6 護一生,【TS6】男士極淨私密沐浴露 330gX2(舒涼配方 男士私密沐浴),TS6,1136012,98,1.3 品牌欄完全相符,2026-09-21 14:58:28,TS6 護一生,品牌欄,ts6護一生,ts6,護一生,1136012,ts6,,Beauty,auto,3,True
momo,Beauty,12216396,GB 綠鐘,【GB 綠鐘】GREEN BELL日本綠鐘附黑色鵝絨毛竹製耳扒(QQ-603),gb,4405709,85,1.4 品牌欄相符（品牌庫有重複，取業績最高）,2026-09-21 14:58:28,GB 綠鐘,品牌欄,gb綠鐘,gb,綠鐘,4405709,gb,,Mother & Baby,auto,2,True
momo,Beauty,12216514,GB 綠鐘,【GB 綠鐘】GREEN BELL日本綠鐘附套不鏽鋼平式安全鼻毛修容剪(QQ-901),gb,4405709,85,1.4 品牌欄相符（品牌庫有重複，取業績最高）,2026-09-21 14:58:28,GB 綠鐘,品牌欄,gb綠鐘,gb,綠鐘,4405709,gb,,Mother & Baby,auto,2,True
momo,Beauty,12216515,GB 綠鐘,【GB 綠鐘】GREEN BELL日本綠鐘附套不鏽鋼平式安全鼻毛修容剪(QQ-902),gb,4405709,85,1.4 品牌欄相符（品牌庫有重複，取業績最高）,2026-09-21 14:58:28,GB 綠鐘,品牌欄,gb綠鐘,gb,綠鐘,4405709,gb,,Mother & Baby,auto,2,True
momo,Beauty,12253839,GB 綠鐘,【GB 綠鐘】GREEN BELL日本綠鐘不銹鋼安全足部角質削除器(NC-305),gb,4405709,85,1.4 品牌欄相符（品牌庫有重複，取業績最高）,2026-09-21 14:58:28,GB 綠鐘,品牌欄,gb綠鐘,gb,綠鐘,4405709,gb,,Mother & Baby,auto,2,True
momo,Beauty,12253841,GB 綠鐘,【GB 綠鐘】GREEN BELL日本綠鐘不銹鋼機能型足部角質削除器(NC-307),gb,4405709,85,1.4 品牌欄相符（品牌庫有重複，取業績最高）,2026-09-21 14:58:28,GB 綠鐘,品牌欄,gb綠鐘,gb,綠鐘,4405709,gb,,Mother & Baby,auto,2,True
momo,Beauty,12291737,KUM 熊野,【KUM 熊野】沙龍級保濕洗潤雙效洗髮精1000ml,KUM,1094859,90,1.3 品牌欄完全相符,2026-09-21 14:58:28,KUM 熊野,品牌欄,kum熊野,kum,熊野,1094859,kum,,Home & Living,auto,3,True
momo,Beauty,12341690,TS6 護一生,【TS6護一生】超美白香氛誘霜120g+粉嫩淡色凝膠30g(私密美白 私密香氛),TS6,1136012,98,1.3 品牌欄完全相符,2026-09-21 14:58:28,TS6 護一生,品牌欄,ts6護一生,ts6,護一生,1136012,ts6,,Beauty,auto,3,True
momo,Beauty,12537581,RYO 呂,【RYO 呂】官方直營 全方位頭皮養護洗髮精 480ml(染燙受損/控油去屑/豐盈蓬鬆/敏感護理),Ryo,1802408,93,1.4 品牌欄相符（品牌庫有重複，取業績最高）,2026-09-21 14:58:28,RYO 呂,品牌欄,ryo呂,ryo,呂,1802408,ryo,,Beauty,,3,True
momo,Beauty,12537582,RYO 呂,【RYO 呂】官方直營 全方位頭皮養護潤髮乳 480ml(染燙受損/豐盈蓬鬆),Ryo,1802408,93,1.4 品牌欄相符（品牌庫有重複，取業績最高）,2026-09-21 14:58:28,RYO 呂,品牌欄,ryo呂,ryo,呂,1802408,ryo,,Beauty,,3,True
momo,Beauty,12537583,RYO 呂,【RYO 呂】官方直營 全方位頭皮養護髮膜 300ml(染燙受損 修護),Ryo,1802408,93,1.4 品牌欄相符（品牌庫有重複，取業績最高）,2026-09-21 14:58:28,RYO 呂,品牌欄,ryo呂,ryo,呂,1802408,ryo,,Beauty,,3,True
momo,Beauty,12538493,JS 婕洛妮絲,【JS 婕洛妮絲】81酵母全能青春露（含51%二裂酵母）120ml（穩膚抗老）,JS,5712923,79,1.4 品牌欄相符（品牌庫有重複，取業績最高）,2026-09-21 14:58:28,JS 婕洛妮絲,品牌欄,js婕洛妮絲,js,婕洛妮絲,5712923,js,,Home & Living,,2,True
momo,Beauty,12617084,RYO 呂,【RYO 呂】官方直營 全方位頭皮養護洗髮精 480ml x2入(染燙受損/控油去屑/豐盈蓬鬆/敏感護理),Ryo,1802408,93,1.4 品牌欄相符（品牌庫有重複，取業績最高）,2026-09-21 14:58:28,RYO 呂,品牌欄,ryo呂,ryo,呂,1802408,ryo,,Beauty,,3,True
momo,Beauty,12645661,HH 草本新淨界,【HH 草本新淨界】HH EPR2植萃水感卸妝油135g(深層卸妝),H&H,1120001,85,1.4 品牌欄相符（品牌庫有重複，取業績最高）,2026-09-21 14:58:28,HH 草本新淨界,品牌欄,hh草本新淨界,hh,草本新淨界,1120001,hh,,Home & Living,auto,2,True
momo,Beauty,12678076,GB 綠鐘,【GB 綠鐘】日本綠鐘匠之技鍛造指甲剪+銼刀組-G-1002,gb,4405709,85,1.4 品牌欄相符（品牌庫有重複，取業績最高）,2026-09-21 14:58:28,GB 綠鐘,品牌欄,gb綠鐘,gb,綠鐘,4405709,gb,,Mother & Baby,auto,2,True
momo,Beauty,12744854,KUM 熊野,【KUM 熊野】無矽靈修護保濕潤髮乳1000ml(多款任選 國際航空版),KUM,1094859,90,1.3 品牌欄完全相符,2026-09-21 14:58:28,KUM 熊野,品牌欄,kum熊野,kum,熊野,1094859,kum,,Home & Living,auto,3,True
momo,Beauty,12744855,KUM 熊野,【KUM 熊野】無矽靈修護洗髮乳1000ml(多款任選-國際航空版),KUM,1094859,90,1.3 品牌欄完全相符,2026-09-21 14:58:28,KUM 熊野,品牌欄,kum熊野,kum,熊野,1094859,kum,,Home & Living,auto,3,True
momo,Beauty,12746382,HH 草本新淨界,【HH草本新淨界】私密積雪草淨森零毛霜+私密植萃抗菌潔淨露(50g+200ml),H&H,1120001,85,1.4 品牌欄相符（品牌庫有重複，取業績最高）,2026-09-21 14:58:28,HH 草本新淨界,品牌欄,hh草本新淨界,hh,草本新淨界,1120001,hh,,Home & Living,auto,2,True
momo,Beauty,12784889,JS 婕洛妮絲,【JS 婕洛妮絲】81酵母全能青春露（含51%二裂酵母）15ml（穩膚抗老）,JS,5712923,79,1.4 品牌欄相符（品牌庫有重複，取業績最高）,2026-09-21 14:58:28,JS 婕洛妮絲,品牌欄,js婕洛妮絲,js,婕洛妮絲,5712923,js,,Home & Living,,2,True
momo,Beauty,12803014,KUM 熊野,【KUM 熊野】無矽靈修護洗髮乳1000ml(任選2入 國際航空版),KUM,1094859,90,1.3 品牌欄完全相符,2026-09-21 14:58:28,KUM 熊野,品牌欄,kum熊野,kum,熊野,1094859,kum,,Home & Living,auto,3,True
momo,Beauty,12832928,MUK 潮嘜,【MUK 潮嘜】柔絲洗髮乳/護髮素 1000ml(柔順最好梳理之洗髮精/潤絲),muk.,1112610,93,1.4 品牌欄相符（品牌庫有重複，取業績最高）,2026-09-21 14:58:28,MUK 潮嘜,品牌欄,muk潮嘜,muk,潮嘜,1112610,muk,,Beauty,auto,3,True
momo,Beauty,12832929,MUK 潮嘜,【MUK 潮嘜】復活精華洗髮乳/護髮素 1000ml(受損髮質 專用),muk.,1112610,93,1.4 品牌欄相符（品牌庫有重複，取業績最高）,2026-09-21 14:58:28,MUK 潮嘜,品牌欄,muk潮嘜,muk,潮嘜,1112610,muk,,Beauty,auto,3,True
momo,Beauty,12832930,MUK 潮嘜,【MUK 潮嘜】20項全能頂級修護素(速效免沖洗/修護/保濕/滋潤...),muk.,1112610,93,1.4 品牌欄相符（品牌庫有重複，取業績最高）,2026-09-21 14:58:28,MUK 潮嘜,品牌欄,muk潮嘜,muk,潮嘜,1112610,muk,,Beauty,auto,3,True
momo,Beauty,12832931,MUK 潮嘜,【MUK 潮嘜】豐絲洗髮露/護髮素300ml(淡雅不甜膩豐盈保濕深層潔淨配方),muk.,1112610,93,1.4 品牌欄相符（品牌庫有重複，取業績最高）,2026-09-21 14:58:28,MUK 潮嘜,品牌欄,muk潮嘜,muk,潮嘜,1112610,muk,,Beauty,auto,3,True
momo,Beauty,12885099,KUM 熊野,【KUM 熊野】日本 泡沫洗手乳補充包 200ml,KUM,1094859,90,1.3 品牌欄完全相符,2026-09-21 14:58:28,KUM 熊野,品牌欄,kum熊野,kum,熊野,1094859,kum,,Home & Living,auto,3,True
momo,Beauty,12885100,KUM 熊野,【KUM 熊野】日本 泡沫洗手乳補充包 1000ml,KUM,1094859,90,1.3 品牌欄完全相符,2026-09-21 14:58:28,KUM 熊野,品牌欄,kum熊野,kum,熊野,1094859,kum,,Home & Living,auto,3,True
momo,Beauty,12885103,KUM 熊野,【KUM 熊野】日本 泡沫洗手乳 250ml,KUM,1094859,90,1.3 品牌欄完全相符,2026-09-21 14:58:28,KUM 熊野,品牌欄,kum熊野,kum,熊野,1094859,kum,,Home & Living,auto,3,True
momo,Beauty,12892500,KUM 熊野,【KUM 熊野】日本 麗白薏仁沐浴乳補充包 1000ml,KUM,1094859,90,1.3 品牌欄完全相符,2026-09-21 14:58:28,KUM 熊野,品牌欄,kum熊野,kum,熊野,1094859,kum,,Home & Living,auto,3,True
momo,Beauty,12895358,KUM 熊野,【KUM 熊野】日本 冰涼爽快沐浴精 550ml,KUM,1094859,90,1.3 品牌欄完全相符,2026-09-21 14:58:28,KUM 熊野,品牌欄,kum熊野,kum,熊野,1094859,kum,,Home & Living,auto,3,True
momo,Beauty,12902686,KUM 熊野,【KUM 熊野】日本 Deve 洗面乳,KUM,1094859,90,1.3 品牌欄完全相符,2026-09-21 14:58:28,KUM 熊野,品牌欄,kum熊野,kum,熊野,1094859,kum,,Home & Living,auto,3,True
momo,Beauty,12919485,Ido 船井醫朵,【Ido 船井醫朵】益生肌玻尿酸純米洗顏露50ml(臉部保養/洗面乳),Ido 醫朵,1122486,93,1.4 品牌欄相符（品牌庫有重複，取業績最高）,2026-09-21 14:58:28,Ido 船井醫朵,品牌欄,ido船井醫朵,ido,船井醫朵,1122486,ido,醫朵,Beauty,auto,3,True
momo,Beauty,12935968,HH 草本新淨界,【HH 草本新淨界】EPR2 2%水楊酸抗痘精華(有效淨痘 代謝角質),H&H,1120001,85,1.4 品牌欄相符（品牌庫有重複，取業績最高）,2026-09-21 14:58:28,HH 草本新淨界,品牌欄,hh草本新淨界,hh,草本新淨界,1120001,hh,,Home & Living,auto,2,True
momo,Beauty,12939166,GB 綠鐘,【GB 綠鐘】GREEN BELL日本綠鐘眼弧全型捲俏睫毛夾(EC-65),gb,4405709,85,1.4 品牌欄相符（品牌庫有重複，取業績最高）,2026-09-21 14:58:28,GB 綠鐘,品牌欄,gb綠鐘,gb,綠鐘,4405709,gb,,Mother & Baby,auto,2,True
momo,Beauty,12939167,GB 綠鐘,【GB 綠鐘】GREEN BELL日本綠鐘指先美人拱形雙面指甲銼刀(YB-02),gb,4405709,85,1.4 品牌欄相符（品牌庫有重複，取業績最高）,2026-09-21 14:58:28,GB 綠鐘,品牌欄,gb綠鐘,gb,綠鐘,4405709,gb,,Mother & Baby,auto,2,True
momo,Beauty,12946485,GB 綠鐘,【GB 綠鐘】GREEN BELL日本綠鐘指先美人不銹鋼附套指甲銼刀(YB-03),gb,4405709,85,1.4 品牌欄相符（品牌庫有重複，取業績最高）,2026-09-21 14:58:28,GB 綠鐘,品牌欄,gb綠鐘,gb,綠鐘,4405709,gb,,Mother & Baby,auto,2,True
momo,Beauty,12946486,GB 綠鐘,【GB 綠鐘】GREEN BELL日本綠鐘指先美人附套隨身型不鏽鋼指甲銼刀(YB-04),gb,4405709,85,1.4 品牌欄相符（品牌庫有重複，取業績最高）,2026-09-21 14:58:28,GB 綠鐘,品牌欄,gb綠鐘,gb,綠鐘,4405709,gb,,Mother & Baby,auto,2,True
momo,Beauty,13010473,KUM 熊野,【KUM 熊野】麗白薏仁保濕化妝水1000ml(超大罐濕敷不心疼-國際航空版),KUM,1094859,90,1.3 品牌欄完全相符,2026-09-21 14:58:28,KUM 熊野,品牌欄,kum熊野,kum,熊野,1094859,kum,,Home & Living,auto,3,True
momo,Beauty,13017028,KUM 熊野,【KUM 熊野】日本 麗白 薏仁保濕化妝水 1000ml(平輸商品),KUM,1094859,90,1.3 品牌欄完全相符,2026-09-21 14:58:28,KUM 熊野,品牌欄,kum熊野,kum,熊野,1094859,kum,,Home & Living,auto,3,True
momo,Beauty,13131161,CS 嚴選,【CS 嚴選】頂級黑壇木傳統工藝無靜電厚實黑壇木梳子 髮梳 按摩梳 齒梳 月梳(男女適用 手柄梳+月梳各一個),C&S,2838752,84,1.3 品牌欄完全相符,2026-09-21 14:58:28,CS 嚴選,品牌欄,cs嚴選,cs,嚴選,2838752,cs,,Home & Living,,2,True
momo,Beauty,13134296,KUM 熊野,【KUM 熊野】日本 TONIC 冰涼爽快洗髮精補充包 800ml(涼感/清爽/酷涼/平輸商品),KUM,1094859,90,1.3 品牌欄完全相符,2026-09-21 14:58:28,KUM 熊野,品牌欄,kum熊野,kum,熊野,1094859,kum,,Home & Living,auto,3,True
momo,Beauty,13134298,KUM 熊野,【KUM 熊野】日本 TONIC 冰涼爽快洗髮精 550ml(涼感/清爽/酷涼/平輸商品),KUM,1094859,90,1.3 品牌欄完全相符,2026-09-21 14:58:28,KUM 熊野,品牌欄,kum熊野,kum,熊野,1094859,kum,,Home & Living,auto,3,True
momo,Beauty,13164727,,【東京 Ito】腳趾縫軟膠清理器(洗腳軟刷去死皮角質刷子搓腳板磨 腳軟毛),ITO,1216067,93,2.2 由商品名稱【】比對到品牌,2026-09-21 14:58:28,東京 Ito,標題【】,東京ito,ito,東京,1216067,ito,,Beauty,,3,True
momo,Beauty,13169305,LUX 麗仕,【LUX 麗仕】精油香氛沐浴乳900/1000mlx5入(多款任選),LUX,2562960,93,1.4 品牌欄相符（品牌庫有重複，取業績最高）,2026-09-21 14:58:28,LUX 麗仕,品牌欄,lux麗仕,lux,麗仕,2562960,lux,,Beauty,auto,3,True
momo,Beauty,13179897,LUX 麗仕,【LUX 麗仕】精油香氛沐浴乳補充包650ml(媚惑幽香/水嫩柔膚/嫵媚迷香),LUX,2562960,93,1.4 品牌欄相符（品牌庫有重複，取業績最高）,2026-09-21 14:58:28,LUX 麗仕,品牌欄,lux麗仕,lux,麗仕,2562960,lux,,Beauty,auto,3,True
momo,Beauty,13179898,LUX 麗仕,【LUX 麗仕】植萃系列精油香氛沐浴露 550ml(多款任選),LUX,2562960,93,1.4 品牌欄相符（品牌庫有重複，取業績最高）,2026-09-21 14:58:28,LUX 麗仕,品牌欄,lux麗仕,lux,麗仕,2562960,lux,,Beauty,auto,3,True
momo,Beauty,13179901,LUX 麗仕,【LUX 麗仕】山茶花新上市-精油香氛沐浴乳900/1000ml(多款任選),LUX,2562960,93,1.4 品牌欄相符（品牌庫有重複，取業績最高）,2026-09-21 14:58:28,LUX 麗仕,品牌欄,lux麗仕,lux,麗仕,2562960,lux,,Beauty,auto,3,True
momo,Beauty,13180328,LUX 麗仕,【LUX 麗仕】柔亮系列洗髮乳750ml/潤髮乳650ml(多款任選),LUX,2562960,93,1.4 品牌欄相符（品牌庫有重複，取業績最高）,2026-09-21 14:58:28,LUX 麗仕,品牌欄,lux麗仕,lux,麗仕,2562960,lux,,Beauty,auto,3,True
momo,Beauty,13188900,LUX 麗仕,即期品【LUX 麗仕】香氛皂 80gx6入(水嫩柔膚/煥活冰爽/媚惑幽香),LUX,2562960,93,1.4 品牌欄相符（品牌庫有重複，取業績最高）,2026-09-21 14:58:28,LUX 麗仕,品牌欄,lux麗仕,lux,麗仕,2562960,lux,,Beauty,auto,3,True
momo,Beauty,13192073,LUX 麗仕,【LUX 麗仕】花漾調香系列洗髮精470ml(優雅山茶花/浪漫玫瑰/清新小蒼蘭/恬淡藍風鈴/日出柑橙),LUX,2562960,93,1.4 品牌欄相符（品牌庫有重複，取業績最高）,2026-09-21 14:58:28,LUX 麗仕,品牌欄,lux麗仕,lux,麗仕,2562960,lux,,Beauty,auto,3,True
momo,Beauty,13193417,LUX 麗仕,【LUX 麗仕】柔亮系列洗髮乳750ml/潤髮乳650ml x3入(多款任選),LUX,2562960,93,1.4 品牌欄相符（品牌庫有重複，取業績最高）,2026-09-21 14:58:28,LUX 麗仕,品牌欄,lux麗仕,lux,麗仕,2562960,lux,,Beauty,auto,3,True
momo,Beauty,13193418,LUX 麗仕,【LUX 麗仕】花漾調香系列洗髮精470ml x4入(優雅山茶花/浪漫玫瑰/清新小蒼蘭/恬淡藍風鈴/日出柑橙),LUX,2562960,93,1.4 品牌欄相符（品牌庫有重複，取業績最高）,2026-09-21 14:58:28,LUX 麗仕,品牌欄,lux麗仕,lux,麗仕,2562960,lux,,Beauty,auto,3,True
momo,Beauty,13199006,LUX 麗仕,【LUX 麗仕】女大推薦 日本製髮的補給 胺基酸洗髮精/護髮乳450gx2入(絲蛋白/膠原蛋白/角蛋白/冰河水),LUX,2562960,93,1.4 品牌欄相符（品牌庫有重複，取業績最高）,2026-09-21 14:58:28,LUX 麗仕,品牌欄,lux麗仕,lux,麗仕,2562960,lux,,Beauty,auto,3,True
momo,Beauty,13199007,LUX 麗仕,【LUX 麗仕】日本製髮的補給 胺基酸洗髮精/護髮乳450gx3入(絲蛋白/膠原蛋白/角蛋白/冰河水),LUX,2562960,93,1.4 品牌欄相符（品牌庫有重複，取業績最高）,2026-09-21 14:58:28,LUX 麗仕,品牌欄,lux麗仕,lux,麗仕,2562960,lux,,Beauty,auto,3,True
momo,Beauty,13199293,LUX 麗仕,【LUX 麗仕】精油香氛沐浴乳補充包650mlx12入/箱(媚惑幽香/水嫩柔膚/嫵媚迷香),LUX,2562960,93,1.4 品牌欄相符（品牌庫有重複，取業績最高）,2026-09-21 14:58:28,LUX 麗仕,品牌欄,lux麗仕,lux,麗仕,2562960,lux,,Beauty,auto,3,True
momo,Beauty,13203032,LUX 麗仕,【LUX 麗仕】植萃系列精油香氛沐浴露 550mlx3入(多款任選),LUX,2562960,93,1.4 品牌欄相符（品牌庫有重複，取業績最高）,2026-09-21 14:58:28,LUX 麗仕,品牌欄,lux麗仕,lux,麗仕,2562960,lux,,Beauty,auto,3,True
momo,Beauty,13203033,LUX 麗仕,【LUX 麗仕】植萃系列精油香氛沐浴露 550mlx5入(多款任選),LUX,2562960,93,1.4 品牌欄相符（品牌庫有重複，取業績最高）,2026-09-21 14:58:28,LUX 麗仕,品牌欄,lux麗仕,lux,麗仕,2562960,lux,,Beauty,auto,3,True
momo,Beauty,13225876,de 第一化妝品,【de 第一化妝品】玻尿酸精華液250g+瞬效修護補水面膜8片/盒(深入保濕 全面補水瞬效滲透),de,5656356,90,1.3 品牌欄完全相符,2026-09-21 14:58:28,de 第一化妝品,品牌欄,de第一化妝品,de,第一化妝品,5656356,de,,Sports & Outdoors,auto,2,True
momo,Beauty,13430497,GB 綠鐘,【GB 綠鐘】GREEN BELL日本綠鐘匠之技鍛造不銹鋼硬指甲剪(G-1029),gb,4405709,85,1.4 品牌欄相符（品牌庫有重複，取業績最高）,2026-09-21 14:58:28,GB 綠鐘,品牌欄,gb綠鐘,gb,綠鐘,4405709,gb,,Mother & Baby,auto,2,True
momo,Beauty,13442804,LUX 麗仕,【LUX 麗仕】日本製髮的補給 胺基酸洗髮精/護髮乳450gx4入(絲蛋白/膠原蛋白/角蛋白/冰河水),LUX,2562960,93,1.4 品牌欄相符（品牌庫有重複，取業績最高）,2026-09-21 14:58:28,LUX 麗仕,品牌欄,lux麗仕,lux,麗仕,2562960,lux,,Beauty,auto,3,True
momo,Beauty,13443039,GB 綠鐘,【GB 綠鐘】GREEN BELL日本綠鐘指甲刀用甲屑防飛濺盒L(G-1209),gb,4405709,85,1.4 品牌欄相符（品牌庫有重複，取業績最高）,2026-09-21 14:58:28,GB 綠鐘,品牌欄,gb綠鐘,gb,綠鐘,4405709,gb,,Mother & Baby,auto,2,True
momo,Beauty,13457531,GB 綠鐘,【GB 綠鐘】GREEN BELL日本綠鐘附套極薄彎刃修容剪(PSG-103),gb,4405709,85,1.4 品牌欄相符（品牌庫有重複，取業績最高）,2026-09-21 14:58:28,GB 綠鐘,品牌欄,gb綠鐘,gb,綠鐘,4405709,gb,,Mother & Baby,auto,2,True
momo,Beauty,13457532,GB 綠鐘,【GB 綠鐘】GREEN BELL日本綠鐘附套極薄直刃鼻毛安全修容剪(PSG-104),gb,4405709,85,1.4 品牌欄相符（品牌庫有重複，取業績最高）,2026-09-21 14:58:28,GB 綠鐘,品牌欄,gb綠鐘,gb,綠鐘,4405709,gb,,Mother & Baby,auto,2,True
momo,Beauty,13461293,GB 綠鐘,【GB 綠鐘】GREEN BELL日本綠鐘極薄直刃修容剪(PSG-105),gb,4405709,85,1.4 品牌欄相符（品牌庫有重複，取業績最高）,2026-09-21 14:58:28,GB 綠鐘,品牌欄,gb綠鐘,gb,綠鐘,4405709,gb,,Mother & Baby,auto,2,True
momo,Beauty,13461294,GB 綠鐘,【GB 綠鐘】GREEN BELL日本綠鐘極薄直刃安全修容剪(PSG-106),gb,4405709,85,1.4 品牌欄相符（品牌庫有重複，取業績最高）,2026-09-21 14:58:28,GB 綠鐘,品牌欄,gb綠鐘,gb,綠鐘,4405709,gb,,Mother & Baby,auto,2,True
momo,Beauty,13461295,GB 綠鐘,【GB 綠鐘】GREEN BELL日本綠鐘可折安全修眉刀二支組(PSG-108),gb,4405709,85,1.4 品牌欄相符（品牌庫有重複，取業績最高）,2026-09-21 14:58:28,GB 綠鐘,品牌欄,gb綠鐘,gb,綠鐘,4405709,gb,,Mother & Baby,auto,2,True
momo,Beauty,13461296,GB 綠鐘,【GB 綠鐘】GREEN BELL日本綠鐘不鏽鋼可摺收納型眉睫毛修整刷(EC-66),gb,4405709,85,1.4 品牌欄相符（品牌庫有重複，取業績最高）,2026-09-21 14:58:28,GB 綠鐘,品牌欄,gb綠鐘,gb,綠鐘,4405709,gb,,Mother & Baby,auto,2,True
momo,Beauty,13495966,de 第一化妝品,【de 第一化妝品】玻尿酸保濕化粧水-500g 兩入組 贈500ml壓頭及面膜布100片/包(提升肌膚飽水光澤),de,5656356,90,1.3 品牌欄完全相符,2026-09-21 14:58:28,de 第一化妝品,品牌欄,de第一化妝品,de,第一化妝品,5656356,de,,Sports & Outdoors,auto,2,True
momo,Beauty,13501496,TS6 護一生,【TS6 護一生】私舒衣物手洗精-絲絨玫瑰 300gX2+私密防護噴霧40gx2(私密衣物 手洗精 私密噴霧),TS6,1136012,98,1.3 品牌欄完全相符,2026-09-21 14:58:28,TS6 護一生,品牌欄,ts6護一生,ts6,護一生,1136012,ts6,,Beauty,auto,3,True
momo,Beauty,13570757,GB 綠鐘,【GB 綠鐘】GREEN BELL日本綠鐘GT不鏽鋼斜口毛拔,gb,4405709,85,1.4 品牌欄相符（品牌庫有重複，取業績最高）,2026-09-21 14:58:28,GB 綠鐘,品牌欄,gb綠鐘,gb,綠鐘,4405709,gb,,Mother & Baby,auto,2,True
momo,Beauty,13570758,GB 綠鐘,【GB 綠鐘】GREEN BELL日本綠鐘指先美人指甲息皮去除棒(YB-05),gb,4405709,85,1.4 品牌欄相符（品牌庫有重複，取業績最高）,2026-09-21 14:58:28,GB 綠鐘,品牌欄,gb綠鐘,gb,綠鐘,4405709,gb,,Mother & Baby,auto,2,True
momo,Beauty,13590157,LUX 麗仕,【LUX 麗仕】花漾調香系列洗髮精470mlx2入組(浪漫玫瑰/清新小蒼蘭/恬淡藍風鈴/日出柑橙),LUX,2562960,93,1.4 品牌欄相符（品牌庫有重複，取業績最高）,2026-09-21 14:58:28,LUX 麗仕,品牌欄,lux麗仕,lux,麗仕,2562960,lux,,Beauty,auto,3,True
momo,Beauty,13658404,Ido 船井醫朵,【Ido 船井醫朵】1+1好康組★黑玫瑰重生緊膚金萃30ml(菸鹼醯胺/保濕修復/玫瑰波波),Ido 醫朵,1122486,93,1.4 品牌欄相符（品牌庫有重複，取業績最高）,2026-09-21 14:58:28,Ido 船井醫朵,品牌欄,ido船井醫朵,ido,船井醫朵,1122486,ido,醫朵,Beauty,auto,3,True
momo,Beauty,13658405,Ido 船井醫朵,【Ido 船井醫朵】2+1囤貨組★黑玫瑰重生緊膚金萃30mlx2(菸鹼醯胺/保濕修復/玫瑰波波),Ido 醫朵,1122486,93,1.4 品牌欄相符（品牌庫有重複，取業績最高）,2026-09-21 14:58:28,Ido 船井醫朵,品牌欄,ido船井醫朵,ido,船井醫朵,1122486,ido,醫朵,Beauty,auto,3,True
momo,Beauty,13668928,Ido 船井醫朵,【Ido 船井醫朵】1+1好康組★黑玫瑰抗老膠原乳霜50ml(150%普拉斯鏈/頸膜/厚敷撫紋/玫瑰繃帶),Ido 醫朵,1122486,93,1.4 品牌欄相符（品牌庫有重複，取業績最高）,2026-09-21 14:58:28,Ido 船井醫朵,品牌欄,ido船井醫朵,ido,船井醫朵,1122486,ido,醫朵,Beauty,auto,3,True
momo,Beauty,13668930,Ido 船井醫朵,【Ido 船井醫朵】2+1囤貨組★黑玫瑰抗老膠原乳霜50mlx2(150%普拉斯鏈/頸膜/厚敷撫紋/玫瑰繃帶),Ido 醫朵,1122486,93,1.4 品牌欄相符（品牌庫有重複，取業績最高）,2026-09-21 14:58:28,Ido 船井醫朵,品牌欄,ido船井醫朵,ido,船井醫朵,1122486,ido,醫朵,Beauty,auto,3,True
momo,Beauty,13698269,JS 婕洛妮絲,【JS 婕洛妮絲】黃金蠟菊全能乳霜60mlx2（澎彈抗老）,JS,5712923,79,1.4 品牌欄相符（品牌庫有重複，取業績最高）,2026-09-21 14:58:28,JS 婕洛妮絲,品牌欄,js婕洛妮絲,js,婕洛妮絲,5712923,js,,Home & Living,,2,True
momo,Beauty,13727696,Ido 船井醫朵,【Ido 船井醫朵】黑玫瑰抗老乳霜50ml+黑玫瑰緊膚金萃30ml(厚敷撫紋/保濕修復/全效抗老組),Ido 醫朵,1122486,93,1.4 品牌欄相符（品牌庫有重複，取業績最高）,2026-09-21 14:58:28,Ido 船井醫朵,品牌欄,ido船井醫朵,ido,船井醫朵,1122486,ido,醫朵,Beauty,auto,3,True
momo,Beauty,13766719,NOW 娜奧,【NOW娜奧】鎂浴鹽 750g-Now Foods(浴鎂鹽),NOW,2387626,85,1.4 品牌欄相符（品牌庫有重複，取業績最高）,2026-09-21 14:58:28,NOW 娜奧,品牌欄,now娜奧,now,娜奧,2387626,now,,Health,auto,3,True
momo,Beauty,13796392,LUX 麗仕,【LUX 麗仕】日本製極輕光護膜洗髮精450ml/髮膜180ml任選1入(頭髮雨衣/護色聚光/蓬鬆修護),LUX,2562960,93,1.4 品牌欄相符（品牌庫有重複，取業績最高）,2026-09-21 14:58:28,LUX 麗仕,品牌欄,lux麗仕,lux,麗仕,2562960,lux,,Beauty,auto,3,True
momo,Beauty,13796393,LUX 麗仕,【LUX 麗仕】日本製 極輕光護膜精華髮膜180ml(頭髮雨衣 護色聚光/蓬鬆修護),LUX,2562960,93,1.4 品牌欄相符（品牌庫有重複，取業績最高）,2026-09-21 14:58:28,LUX 麗仕,品牌欄,lux麗仕,lux,麗仕,2562960,lux,,Beauty,auto,3,True
momo,Beauty,13796394,LUX 麗仕,【LUX 麗仕】日本製 極輕光護膜聚光/輕盈修護髮油90ml(頭髮雨衣 果漾晨曦/花漾晨露),LUX,2562960,93,1.4 品牌欄相符（品牌庫有重複，取業績最高）,2026-09-21 14:58:28,LUX 麗仕,品牌欄,lux麗仕,lux,麗仕,2562960,lux,,Beauty,auto,3,True
momo,Beauty,13802135,JS 婕洛妮絲,【JS 婕洛妮絲】10%神經醯胺保濕修護霜50ml（修護舒緩．敏感肌適用）,JS,5712923,79,1.4 品牌欄相符（品牌庫有重複，取業績最高）,2026-09-21 14:58:28,JS 婕洛妮絲,品牌欄,js婕洛妮絲,js,婕洛妮絲,5712923,js,,Home & Living,,2,True
momo,Beauty,13802136,JS 婕洛妮絲,【JS 婕洛妮絲】神經醯胺B5保濕化妝水125ml（高效保濕．敏感肌適用）,JS,5712923,79,1.4 品牌欄相符（品牌庫有重複，取業績最高）,2026-09-21 14:58:28,JS 婕洛妮絲,品牌欄,js婕洛妮絲,js,婕洛妮絲,5712923,js,,Home & Living,,2,True
momo,Beauty,13812328,LUX 麗仕,【LUX 麗仕】日本製 極輕光護膜精華髮膜180mlx3入(頭髮雨衣 護色聚光/蓬鬆修護),LUX,2562960,93,1.4 品牌欄相符（品牌庫有重複，取業績最高）,2026-09-21 14:58:28,LUX 麗仕,品牌欄,lux麗仕,lux,麗仕,2562960,lux,,Beauty,auto,3,True
momo,Beauty,13817858,KUM 熊野,【KUM 熊野】維生素 洗面乳 130g 兩款任選(淨化毛孔與淨白肌膚),KUM,1094859,90,1.3 品牌欄完全相符,2026-09-21 14:58:28,KUM 熊野,品牌欄,kum熊野,kum,熊野,1094859,kum,,Home & Living,auto,3,True
momo,Beauty,13818178,LUX 麗仕,【LUX 麗仕】小氣泡爽膚沐浴露700g(微醺白桃香/沁涼海鹽香/葡萄沙瓦香/桂花茉莉香),LUX,2562960,93,1.4 品牌欄相符（品牌庫有重複，取業績最高）,2026-09-21 14:58:28,LUX 麗仕,品牌欄,lux麗仕,lux,麗仕,2562960,lux,,Beauty,auto,3,True
momo,Beauty,13819104,LUX 麗仕,【LUX 麗仕】小氣泡爽膚沐浴露700gx4入(微醺白桃香/沁涼海鹽香/葡萄沙瓦香/桂花茉莉香),LUX,2562960,93,1.4 品牌欄相符（品牌庫有重複，取業績最高）,2026-09-21 14:58:28,LUX 麗仕,品牌欄,lux麗仕,lux,麗仕,2562960,lux,,Beauty,auto,3,True
momo,Beauty,13828428,LUX 麗仕,【LUX 麗仕】日本製極輕光護膜洗髮精450ml/髮膜180ml任選3入(頭髮雨衣 護色聚光/蓬鬆修護),LUX,2562960,93,1.4 品牌欄相符（品牌庫有重複，取業績最高）,2026-09-21 14:58:28,LUX 麗仕,品牌欄,lux麗仕,lux,麗仕,2562960,lux,,Beauty,auto,3,True
momo,Beauty,13843919,LUX 麗仕,【LUX 麗仕】日本製極輕光護膜洗髮精450ml/髮膜180ml任選2入(頭髮雨衣/護色聚光/蓬鬆修護),LUX,2562960,93,1.4 品牌欄相符（品牌庫有重複，取業績最高）,2026-09-21 14:58:28,LUX 麗仕,品牌欄,lux麗仕,lux,麗仕,2562960,lux,,Beauty,auto,3,True
momo,Beauty,13843920,LUX 麗仕,【LUX 麗仕】日本製 極輕光護膜精華髮膜180mlx2入(頭髮雨衣 護色聚光/蓬鬆修護),LUX,2562960,93,1.4 品牌欄相符（品牌庫有重複，取業績最高）,2026-09-21 14:58:28,LUX 麗仕,品牌欄,lux麗仕,lux,麗仕,2562960,lux,,Beauty,auto,3,True
momo,Beauty,13843921,LUX 麗仕,【LUX 麗仕】日本製 極輕光護膜聚光/輕盈修護髮油90mlx2入(頭髮雨衣 果漾晨曦/花漾晨露),LUX,2562960,93,1.4 品牌欄相符（品牌庫有重複，取業績最高）,2026-09-21 14:58:28,LUX 麗仕,品牌欄,lux麗仕,lux,麗仕,2562960,lux,,Beauty,auto,3,True
momo,Beauty,13850899,JS 婕洛妮絲,【JS 婕洛妮絲】神經醯胺B5保濕化妝水125ml+神經醯胺保濕修護霜50ml（保濕修護．敏感肌適用）,JS,5712923,79,1.4 品牌欄相符（品牌庫有重複，取業績最高）,2026-09-21 14:58:28,JS 婕洛妮絲,品牌欄,js婕洛妮絲,js,婕洛妮絲,5712923,js,,Home & Living,,2,True
momo,Beauty,13863908,LUX 麗仕,【LUX 麗仕】小氣泡爽膚沐浴露700gx2入(微醺白桃香/沁涼海鹽香/葡萄沙瓦香/桂花茉莉香),LUX,2562960,93,1.4 品牌欄相符（品牌庫有重複，取業績最高）,2026-09-21 14:58:28,LUX 麗仕,品牌欄,lux麗仕,lux,麗仕,2562960,lux,,Beauty,auto,3,True
momo,Beauty,13877560,LUX 麗仕,【LUX 麗仕】日本製 極輕光護膜抗濕3步驟全套組(頭髮雨衣 洗髮精450ml+髮膜180ml+髮油90ml),LUX,2562960,93,1.4 品牌欄相符（品牌庫有重複，取業績最高）,2026-09-21 14:58:28,LUX 麗仕,品牌欄,lux麗仕,lux,麗仕,2562960,lux,,Beauty,auto,3,True
momo,Beauty,13877616,LUX 麗仕,【LUX 麗仕】日本製 極輕光護膜洗護雙星組(頭髮雨衣 洗髮精450ml+髮膜180ml),LUX,2562960,93,1.4 品牌欄相符（品牌庫有重複，取業績最高）,2026-09-21 14:58:28,LUX 麗仕,品牌欄,lux麗仕,lux,麗仕,2562960,lux,,Beauty,auto,3,True
momo,Beauty,13877618,LUX 麗仕,【LUX 麗仕】日本製 極輕光護膜洗護雙星組(頭髮雨衣 洗髮精450ml+髮油90ml),LUX,2562960,93,1.4 品牌欄相符（品牌庫有重複，取業績最高）,2026-09-21 14:58:28,LUX 麗仕,品牌欄,lux麗仕,lux,麗仕,2562960,lux,,Beauty,auto,3,True
momo,Beauty,13888021,LUX 麗仕,【LUX 麗仕】植萃系列超值體驗1+1組(精油香氛沐浴露 550ml+植物籽香氛沐浴磨砂膏),LUX,2562960,93,1.4 品牌欄相符（品牌庫有重複，取業績最高）,2026-09-21 14:58:28,LUX 麗仕,品牌欄,lux麗仕,lux,麗仕,2562960,lux,,Beauty,auto,3,True
momo,Beauty,13960762,JS 婕洛妮絲,【JS 婕洛妮絲】10%神經醯胺保濕修護霜50mlx2（修護舒緩．敏感肌適用）,JS,5712923,79,1.4 品牌欄相符（品牌庫有重複，取業績最高）,2026-09-21 14:58:28,JS 婕洛妮絲,品牌欄,js婕洛妮絲,js,婕洛妮絲,5712923,js,,Home & Living,,2,True
momo,Beauty,13983178,RYO 呂,【RYO 呂】官方直營 ROOTGEN強韌蘊髮髮根蓬鬆泡泡150ml (髮根蓬鬆 抗扁塌),Ryo,1802408,93,1.4 品牌欄相符（品牌庫有重複，取業績最高）,2026-09-21 14:58:28,RYO 呂,品牌欄,ryo呂,ryo,呂,1802408,ryo,,Beauty,,3,True
momo,Beauty,14028986,Ido 船井醫朵,【Ido 船井醫朵】AC-11極緻抗皺賦活霜EX50g(緊緻面霜/六胜肽/小分子玻尿酸),Ido 醫朵,1122486,93,1.4 品牌欄相符（品牌庫有重複，取業績最高）,2026-09-21 14:58:28,Ido 船井醫朵,品牌欄,ido船井醫朵,ido,船井醫朵,1122486,ido,醫朵,Beauty,auto,3,True
momo,Beauty,14190196,DUO 麗優,【DUO 麗優】全新升級-五效合一卸妝膏EX 90g(日本卸妝膏排行第一/洗後滋潤保濕/去黑頭粉刺),DUO,1087798,98,1.3 品牌欄完全相符,2026-09-21 14:58:28,DUO 麗優,品牌欄,duo麗優,duo,麗優,1087798,duo,,Beauty,auto,3,True
momo,Beauty,14190197,DUO 麗優,【DUO 麗優】全新升級-五效合一卸妝膏EX 90g兩入組(日本卸妝膏排行第一/洗後滋潤保濕/去黑頭粉刺),DUO,1087798,98,1.3 品牌欄完全相符,2026-09-21 14:58:28,DUO 麗優,品牌欄,duo麗優,duo,麗優,1087798,duo,,Beauty,auto,3,True
momo,Beauty,14190198,DUO 麗優,【DUO 麗優】全新升級-卸妝體驗款(五效合一卸妝膏EX 18g任選一入),DUO,1087798,98,1.3 品牌欄完全相符,2026-09-21 14:58:28,DUO 麗優,品牌欄,duo麗優,duo,麗優,1087798,duo,,Beauty,auto,3,True
momo,Beauty,14214552,JS 婕洛妮絲,【JS 婕洛妮絲】類A醇緊緻撫紋眼霜20ml（緊緻撫紋）,JS,5712923,79,1.4 品牌欄相符（品牌庫有重複，取業績最高）,2026-09-21 14:58:28,JS 婕洛妮絲,品牌欄,js婕洛妮絲,js,婕洛妮絲,5712923,js,,Home & Living,,2,True
momo,Beauty,14214554,JS 婕洛妮絲,【JS 婕洛妮絲】類A醇緊緻抗老精華50ml（緊緻撫紋）,JS,5712923,79,1.4 品牌欄相符（品牌庫有重複，取業績最高）,2026-09-21 14:58:28,JS 婕洛妮絲,品牌欄,js婕洛妮絲,js,婕洛妮絲,5712923,js,,Home & Living,,2,True
momo,Beauty,14215878,JS 婕洛妮絲,【JS 婕洛妮絲】8%杏仁酸淨痘精華30mlx2（極效淨痘）,JS,5712923,79,1.4 品牌欄相符（品牌庫有重複，取業績最高）,2026-09-21 14:58:28,JS 婕洛妮絲,品牌欄,js婕洛妮絲,js,婕洛妮絲,5712923,js,,Home & Living,,2,True
momo,Beauty,14265679,DUO 麗優,【DUO 麗優】全新升級-五效合一卸妝膏EX_18g任選三入(日本卸妝膏排行第一/洗後滋潤保濕),DUO,1087798,98,1.3 品牌欄完全相符,2026-09-21 14:58:28,DUO 麗優,品牌欄,duo麗優,duo,麗優,1087798,duo,,Beauty,auto,3,True
momo,Beauty,14265680,DUO 麗優,【DUO 麗優】全新升級！超值三入任選_五效合一卸妝膏EX 90g(日本卸妝膏排行第一/洗後滋潤保濕),DUO,1087798,98,1.3 品牌欄完全相符,2026-09-21 14:58:28,DUO 麗優,品牌欄,duo麗優,duo,麗優,1087798,duo,,Beauty,auto,3,True
momo,Beauty,14325530,TS6 護一生,【TS6】沁涼潔淨凝露250g+男士極淨私密沐浴露330g(男女私密清潔),TS6,1136012,98,1.3 品牌欄完全相符,2026-09-21 14:58:28,TS6 護一生,品牌欄,ts6護一生,ts6,護一生,1136012,ts6,,Beauty,auto,3,True
momo,Beauty,14325534,TS6 護一生,【TS6】沁涼潔淨凝露250g+男士極淨私密沐浴露-舒涼款330g(男女私密涼感清潔),TS6,1136012,98,1.3 品牌欄完全相符,2026-09-21 14:58:28,TS6 護一生,品牌欄,ts6護一生,ts6,護一生,1136012,ts6,,Beauty,auto,3,True
momo,Beauty,14387452,HH 草本新淨界,【HH草本新淨界】私密積雪草淨森零毛霜+私密玫瑰純露潔淨慕斯(50g+170ml),H&H,1120001,85,1.4 品牌欄相符（品牌庫有重複，取業績最高）,2026-09-21 14:58:28,HH 草本新淨界,品牌欄,hh草本新淨界,hh,草本新淨界,1120001,hh,,Home & Living,auto,2,True
momo,Beauty,14506777,TS6 護一生,【TS6 護一生】私密淨嫩去角質霜80gx2入(私密清潔去角質 美白),TS6,1136012,98,1.3 品牌欄完全相符,2026-09-21 14:58:28,TS6 護一生,品牌欄,ts6護一生,ts6,護一生,1136012,ts6,,Beauty,auto,3,True
momo,Beauty,14506778,TS6 護一生,【TS6 護一生】私密淨嫩去角質霜80g(私密清潔去角質 美白),TS6,1136012,98,1.3 品牌欄完全相符,2026-09-21 14:58:28,TS6 護一生,品牌欄,ts6護一生,ts6,護一生,1136012,ts6,,Beauty,auto,3,True
momo,Beauty,14506779,TS6 護一生,【TS6 護一生】私密淨嫩去角質霜80g+超美白香氛誘霜120g(私密清潔去角質 美白保養),TS6,1136012,98,1.3 品牌欄完全相符,2026-09-21 14:58:28,TS6 護一生,品牌欄,ts6護一生,ts6,護一生,1136012,ts6,,Beauty,auto,3,True
momo,Beauty,14506780,TS6 護一生,【TS6 護一生】私密淨嫩去角質霜80g+沁涼潔淨凝露250g(私密清潔去角質 美白保養),TS6,1136012,98,1.3 品牌欄完全相符,2026-09-21 14:58:28,TS6 護一生,品牌欄,ts6護一生,ts6,護一生,1136012,ts6,,Beauty,auto,3,True
momo,Beauty,14523368,HH 草本新淨界,【HH 草本新淨界】momo獨家冬季限量美妝袋(私密慕斯170ml+零毛霜50g+美白凝露30ml+濕式衛生紙x10+手洗精30m,H&H,1120001,85,1.4 品牌欄相符（品牌庫有重複，取業績最高）,2026-09-21 14:58:28,HH 草本新淨界,品牌欄,hh草本新淨界,hh,草本新淨界,1120001,hh,,Home & Living,auto,2,True
momo,Beauty,14697892,JS 婕洛妮絲,【JS 婕洛妮絲】外泌體修復再生精華30ml（舒緩修護）,JS,5712923,79,1.4 品牌欄相符（品牌庫有重複，取業績最高）,2026-09-21 14:58:28,JS 婕洛妮絲,品牌欄,js婕洛妮絲,js,婕洛妮絲,5712923,js,,Home & Living,,2,True
momo,Beauty,14699094,JS 婕洛妮絲,【JS 婕洛妮絲】外泌體修復再生精華30ml+81酵素去黑頭潔顏露100ml（舒緩修護．控油去粉刺）,JS,5712923,79,1.4 品牌欄相符（品牌庫有重複，取業績最高）,2026-09-21 14:58:28,JS 婕洛妮絲,品牌欄,js婕洛妮絲,js,婕洛妮絲,5712923,js,,Home & Living,,2,True
momo,Beauty,14740721,JS 婕洛妮絲,【JS 婕洛妮絲】81酵母全能青春露（含51%二裂酵母）120mlx2（穩膚抗老）,JS,5712923,79,1.4 品牌欄相符（品牌庫有重複，取業績最高）,2026-09-21 14:58:28,JS 婕洛妮絲,品牌欄,js婕洛妮絲,js,婕洛妮絲,5712923,js,,Home & Living,,2,True
momo,Beauty,14740723,JS 婕洛妮絲,【JS 婕洛妮絲】抗UV防曬素顏霜PRO 30ml SPF50★★★★+全修護緊緻面膜（7片/盒）（防曬提亮．澎彈撫紋）,JS,5712923,79,1.4 品牌欄相符（品牌庫有重複，取業績最高）,2026-09-21 14:58:28,JS 婕洛妮絲,品牌欄,js婕洛妮絲,js,婕洛妮絲,5712923,js,,Home & Living,,2,True
momo,Beauty,14747269,LUX 麗仕,【LUX 麗仕】日本製洗髮精/護髮乳450mlx3入任選(髮的補給/極輕光頭髮雨衣),LUX,2562960,93,1.4 品牌欄相符（品牌庫有重複，取業績最高）,2026-09-21 14:58:28,LUX 麗仕,品牌欄,lux麗仕,lux,麗仕,2562960,lux,,Beauty,auto,3,True
momo,Beauty,14787826,KUM 熊野,即期品【KUM 熊野】麗白洗卸兩用洗面乳190g(國際航空版),KUM,1094859,90,1.3 品牌欄完全相符,2026-09-21 14:58:28,KUM 熊野,品牌欄,kum熊野,kum,熊野,1094859,kum,,Home & Living,auto,3,True
momo,Beauty,14787827,KUM 熊野,【KUM 熊野】麗白薏仁保濕化妝水500ml(國際航空版),KUM,1094859,90,1.3 品牌欄完全相符,2026-09-21 14:58:28,KUM 熊野,品牌欄,kum熊野,kum,熊野,1094859,kum,,Home & Living,auto,3,True
momo,Beauty,14787828,KUM 熊野,【KUM 熊野】麗白薏仁保濕洗面乳170g(國際航空版),KUM,1094859,90,1.3 品牌欄完全相符,2026-09-21 14:58:28,KUM 熊野,品牌欄,kum熊野,kum,熊野,1094859,kum,,Home & Living,auto,3,True
momo,Beauty,14791516,JS 婕洛妮絲,【JS 婕洛妮絲】外泌體修復再生精華5ml（舒緩修護）,JS,5712923,79,1.4 品牌欄相符（品牌庫有重複，取業績最高）,2026-09-21 14:58:28,JS 婕洛妮絲,品牌欄,js婕洛妮絲,js,婕洛妮絲,5712923,js,,Home & Living,,2,True
momo,Beauty,14791518,JS 婕洛妮絲,【JS 婕洛妮絲】LipoA煥膚無瑕精華乳50ml（亮白煥膚）,JS,5712923,79,1.4 品牌欄相符（品牌庫有重複，取業績最高）,2026-09-21 14:58:28,JS 婕洛妮絲,品牌欄,js婕洛妮絲,js,婕洛妮絲,5712923,js,,Home & Living,,2,True
momo,Beauty,14791519,JS 婕洛妮絲,【JS 婕洛妮絲】LipoA煥膚透亮化妝水120ml（水潤透亮）,JS,5712923,79,1.4 品牌欄相符（品牌庫有重複，取業績最高）,2026-09-21 14:58:28,JS 婕洛妮絲,品牌欄,js婕洛妮絲,js,婕洛妮絲,5712923,js,,Home & Living,,2,True
momo,Beauty,14791520,JS 婕洛妮絲,【JS 婕洛妮絲】LipoA煥膚無瑕精華乳10ml（亮白煥膚）,JS,5712923,79,1.4 品牌欄相符（品牌庫有重複，取業績最高）,2026-09-21 14:58:28,JS 婕洛妮絲,品牌欄,js婕洛妮絲,js,婕洛妮絲,5712923,js,,Home & Living,,2,True
momo,Beauty,14791521,JS 婕洛妮絲,【JS 婕洛妮絲】LipoA煥膚透亮化妝水15ml（水潤透亮）,JS,5712923,79,1.4 品牌欄相符（品牌庫有重複，取業績最高）,2026-09-21 14:58:28,JS 婕洛妮絲,品牌欄,js婕洛妮絲,js,婕洛妮絲,5712923,js,,Home & Living,,2,True
momo,Beauty,14866560,TS6 護一生,【TS6 護一生】私密淨嫩去角質霜80g+男士極淨私密沐浴露(私密清潔去角質 嫩白 男士清潔),TS6,1136012,98,1.3 品牌欄完全相符,2026-09-21 14:58:28,TS6 護一生,品牌欄,ts6護一生,ts6,護一生,1136012,ts6,,Beauty,auto,3,True
momo,Beauty,14921517,RYO 呂,【RYO 呂】官方直營 ROOTGEN強韌蘊髮頭皮精華液80mlx2入 (強健髮根 蓬鬆 無矽靈),Ryo,1802408,93,1.4 品牌欄相符（品牌庫有重複，取業績最高）,2026-09-21 14:58:28,RYO 呂,品牌欄,ryo呂,ryo,呂,1802408,ryo,,Beauty,,3,True
momo,Beauty,14965919,JS 婕洛妮絲,【JS 婕洛妮絲】外泌體修復再生精華30mlx2（舒緩修護）,JS,5712923,79,1.4 品牌欄相符（品牌庫有重複，取業績最高）,2026-09-21 14:58:28,JS 婕洛妮絲,品牌欄,js婕洛妮絲,js,婕洛妮絲,5712923,js,,Home & Living,,2,True
momo,Beauty,14965920,JS 婕洛妮絲,【JS 婕洛妮絲】外泌體修復再生精華30mlx3（舒緩修護）,JS,5712923,79,1.4 品牌欄相符（品牌庫有重複，取業績最高）,2026-09-21 14:58:28,JS 婕洛妮絲,品牌欄,js婕洛妮絲,js,婕洛妮絲,5712923,js,,Home & Living,,2,True
momo,Beauty,14966957,JS 婕洛妮絲,【JS 婕洛妮絲】抗UV素顏霜PRO SPF50 30ml+鳶尾花A醇素顏霜SPF50+ 30ml（防曬提亮）,JS,5712923,79,1.4 品牌欄相符（品牌庫有重複，取業績最高）,2026-09-21 14:58:28,JS 婕洛妮絲,品牌欄,js婕洛妮絲,js,婕洛妮絲,5712923,js,,Home & Living,,2,True
momo,Beauty,14966962,JS 婕洛妮絲,【JS 婕洛妮絲】81酵素去黑頭潔顏露100ml+液態三重酸煥膚精華30ml（控油去粉刺．煥膚亮白）,JS,5712923,79,1.4 品牌欄相符（品牌庫有重複，取業績最高）,2026-09-21 14:58:28,JS 婕洛妮絲,品牌欄,js婕洛妮絲,js,婕洛妮絲,5712923,js,,Home & Living,,2,True
momo,Beauty,14974085,LUX 麗仕,超市【LUX 麗仕】小氣泡爽膚沐浴露700g(微醺白桃香/沁涼海鹽香),LUX,2562960,93,1.4 品牌欄相符（品牌庫有重複，取業績最高）,2026-09-21 14:58:28,LUX 麗仕,品牌欄,lux麗仕,lux,麗仕,2562960,lux,,Beauty,auto,3,True
momo,Beauty,14974092,LUX 麗仕,超市【LUX 麗仕】山茶花新上市-精油香氛沐浴乳900/1000ml(多款任選),LUX,2562960,93,1.4 品牌欄相符（品牌庫有重複，取業績最高）,2026-09-21 14:58:28,LUX 麗仕,品牌欄,lux麗仕,lux,麗仕,2562960,lux,,Beauty,auto,3,True
momo,Beauty,14974200,LUX 麗仕,超市【LUX 麗仕】植萃系列精油香氛沐浴露 550ml(多款任選),LUX,2562960,93,1.4 品牌欄相符（品牌庫有重複，取業績最高）,2026-09-21 14:58:28,LUX 麗仕,品牌欄,lux麗仕,lux,麗仕,2562960,lux,,Beauty,auto,3,True
momo,Beauty,15006688,LUX 麗仕,【LUX 麗仕】療癒精油香氛洗髮精470ml(微醺白桃香/花果夢香/舒心雪松香),LUX,2562960,93,1.4 品牌欄相符（品牌庫有重複，取業績最高）,2026-09-21 14:58:28,LUX 麗仕,品牌欄,lux麗仕,lux,麗仕,2562960,lux,,Beauty,auto,3,True
momo,Beauty,15010806,LUX 麗仕,【LUX 麗仕】新客組 療癒精油香氛洗髮精470ml加贈280ml(微醺白桃香/花果夢香/舒心雪松香),LUX,2562960,93,1.4 品牌欄相符（品牌庫有重複，取業績最高）,2026-09-21 14:58:28,LUX 麗仕,品牌欄,lux麗仕,lux,麗仕,2562960,lux,,Beauty,auto,3,True
momo,Beauty,15010810,LUX 麗仕,【LUX 麗仕】療癒精油香氛洗髮精470mlx2入(微醺白桃香/花果夢香/舒心雪松香),LUX,2562960,93,1.4 品牌欄相符（品牌庫有重複，取業績最高）,2026-09-21 14:58:28,LUX 麗仕,品牌欄,lux麗仕,lux,麗仕,2562960,lux,,Beauty,auto,3,True
momo,Beauty,15033442,JS 婕洛妮絲,【JS 婕洛妮絲】81酵素去黑頭潔顏露22ml(黑頭81洗面乳)（控油去粉刺）,JS,5712923,79,1.4 品牌欄相符（品牌庫有重複，取業績最高）,2026-09-21 14:58:28,JS 婕洛妮絲,品牌欄,js婕洛妮絲,js,婕洛妮絲,5712923,js,,Home & Living,,2,True
momo,Beauty,15033443,JS 婕洛妮絲,【JS 婕洛妮絲】神經醯胺B5保濕旅行組(化妝水23ml+修護霜10ml)（保濕修護．敏感肌適用）,JS,5712923,79,1.4 品牌欄相符（品牌庫有重複，取業績最高）,2026-09-21 14:58:28,JS 婕洛妮絲,品牌欄,js婕洛妮絲,js,婕洛妮絲,5712923,js,,Home & Living,,2,True
momo,Beauty,15037409,RYO 呂,【RYO 呂】官方直營 ROOTGEN強韌蘊髮零油感平衡頭皮水100ml (油性專用 頭皮調理 控油 涼感),Ryo,1802408,93,1.4 品牌欄相符（品牌庫有重複，取業績最高）,2026-09-21 14:58:28,RYO 呂,品牌欄,ryo呂,ryo,呂,1802408,ryo,,Beauty,,3,True
momo,Beauty,15042543,JS 婕洛妮絲,【JS 婕洛妮絲】黃金蠟菊淨白潔顏露100mlx2（卸妝淨膚）,JS,5712923,79,1.4 品牌欄相符（品牌庫有重複，取業績最高）,2026-09-21 14:58:28,JS 婕洛妮絲,品牌欄,js婕洛妮絲,js,婕洛妮絲,5712923,js,,Home & Living,,2,True
momo,Beauty,15044346,JS 婕洛妮絲,【JS 婕洛妮絲】超水感玻尿酸保濕精華30mlx3（保濕鎖水）,JS,5712923,79,1.4 品牌欄相符（品牌庫有重複，取業績最高）,2026-09-21 14:58:28,JS 婕洛妮絲,品牌欄,js婕洛妮絲,js,婕洛妮絲,5712923,js,,Home & Living,,2,True
momo,Beauty,15044347,JS 婕洛妮絲,【JS 婕洛妮絲】8%杏仁酸淨痘精華30mlx3（極效淨痘）,JS,5712923,79,1.4 品牌欄相符（品牌庫有重複，取業績最高）,2026-09-21 14:58:28,JS 婕洛妮絲,品牌欄,js婕洛妮絲,js,婕洛妮絲,5712923,js,,Home & Living,,2,True
momo,Beauty,15044348,JS 婕洛妮絲,【JS 婕洛妮絲】3%傳明酸美白精華30mlx2（美白透亮）,JS,5712923,79,1.4 品牌欄相符（品牌庫有重複，取業績最高）,2026-09-21 14:58:28,JS 婕洛妮絲,品牌欄,js婕洛妮絲,js,婕洛妮絲,5712923,js,,Home & Living,,2,True
momo,Beauty,15044350,JS 婕洛妮絲,【JS 婕洛妮絲】3%傳明酸美白精華30mlx3（美白透亮）,JS,5712923,79,1.4 品牌欄相符（品牌庫有重複，取業績最高）,2026-09-21 14:58:28,JS 婕洛妮絲,品牌欄,js婕洛妮絲,js,婕洛妮絲,5712923,js,,Home & Living,,2,True
momo,Beauty,15044351,JS 婕洛妮絲,【JS 婕洛妮絲】3%傳明酸美白精華30ml+液態三重酸煥膚精華30ml（美白透亮．溫和煥膚）,JS,5712923,79,1.4 品牌欄相符（品牌庫有重複，取業績最高）,2026-09-21 14:58:28,JS 婕洛妮絲,品牌欄,js婕洛妮絲,js,婕洛妮絲,5712923,js,,Home & Living,,2,True
momo,Beauty,15044353,JS 婕洛妮絲,【JS 婕洛妮絲】藜麥抗痘全能精華30mlx2（抗痘保濕）,JS,5712923,79,1.4 品牌欄相符（品牌庫有重複，取業績最高）,2026-09-21 14:58:28,JS 婕洛妮絲,品牌欄,js婕洛妮絲,js,婕洛妮絲,5712923,js,,Home & Living,,2,True
momo,Beauty,15046317,JS 婕洛妮絲,【JS 婕洛妮絲】黃金蠟菊精華化妝水120ml+黃金蠟菊淨白潔顏露100ml（潤白緊緻．卸妝淨膚）,JS,5712923,79,1.4 品牌欄相符（品牌庫有重複，取業績最高）,2026-09-21 14:58:28,JS 婕洛妮絲,品牌欄,js婕洛妮絲,js,婕洛妮絲,5712923,js,,Home & Living,,2,True
momo,Beauty,15046318,JS 婕洛妮絲,【JS 婕洛妮絲】81酵素去黑頭潔顏露100mlx3（控油去粉刺）,JS,5712923,79,1.4 品牌欄相符（品牌庫有重複，取業績最高）,2026-09-21 14:58:28,JS 婕洛妮絲,品牌欄,js婕洛妮絲,js,婕洛妮絲,5712923,js,,Home & Living,,2,True
momo,Beauty,15048980,LUX 麗仕,【LUX 麗仕】超值囤貨組 療癒精油香氛洗髮精470mlx3入(微醺白桃香/花果夢香/舒心雪松香),LUX,2562960,93,1.4 品牌欄相符（品牌庫有重複，取業績最高）,2026-09-21 14:58:28,LUX 麗仕,品牌欄,lux麗仕,lux,麗仕,2562960,lux,,Beauty,auto,3,True
momo,Beauty,15051617,LUX 麗仕,【LUX 麗仕】療癒精油香氛洗髮精280ml(微醺白桃香/舒心雪松香),LUX,2562960,93,1.4 品牌欄相符（品牌庫有重複，取業績最高）,2026-09-21 14:58:28,LUX 麗仕,品牌欄,lux麗仕,lux,麗仕,2562960,lux,,Beauty,auto,3,True
momo,Beauty,15051619,LUX 麗仕,【LUX 麗仕】超值囤貨組 療癒精油香氛洗髮精470mlx3入贈280mlx2入白桃(微醺白桃香/花果夢香/舒心雪松香),LUX,2562960,93,1.4 品牌欄相符（品牌庫有重複，取業績最高）,2026-09-21 14:58:28,LUX 麗仕,品牌欄,lux麗仕,lux,麗仕,2562960,lux,,Beauty,auto,3,True
momo,Beauty,15054019,LUX 麗仕,超市【LUX 麗仕】精油香氛沐浴乳補充包650ml(媚惑幽香/水嫩柔膚/嫵媚迷香),LUX,2562960,93,1.4 品牌欄相符（品牌庫有重複，取業績最高）,2026-09-21 14:58:28,LUX 麗仕,品牌欄,lux麗仕,lux,麗仕,2562960,lux,,Beauty,auto,3,True
momo,Beauty,15062257,RYO 呂,【RYO 呂】官方直營 ROOTGEN強韌蘊髮零油感平衡控油洗髮精515mlX2入 (保濕 控油),Ryo,1802408,93,1.4 品牌欄相符（品牌庫有重複，取業績最高）,2026-09-21 14:58:28,RYO 呂,品牌欄,ryo呂,ryo,呂,1802408,ryo,,Beauty,,3,True
momo,Beauty,15062258,RYO 呂,【RYO 呂】官方直營 ROOTGEN強韌蘊髮零油感平衡控油洗髮精515ml+零油感平衡控油頭皮水100ml,Ryo,1802408,93,1.4 品牌欄相符（品牌庫有重複，取業績最高）,2026-09-21 14:58:28,RYO 呂,品牌欄,ryo呂,ryo,呂,1802408,ryo,,Beauty,,3,True
momo,Beauty,15078103,LUX 麗仕,超市【LUX 麗仕】植物籽香氛沐浴磨砂膏(淨化美肌),LUX,2562960,93,1.4 品牌欄相符（品牌庫有重複，取業績最高）,2026-09-21 14:58:28,LUX 麗仕,品牌欄,lux麗仕,lux,麗仕,2562960,lux,,Beauty,auto,3,True
momo,Beauty,15155807,HH 草本新淨界,【HH 草本新淨界】私密益生元保養噴霧(30ml),H&H,1120001,85,1.4 品牌欄相符（品牌庫有重複，取業績最高）,2026-09-21 14:58:28,HH 草本新淨界,品牌欄,hh草本新淨界,hh,草本新淨界,1120001,hh,,Home & Living,auto,2,True
momo,Beauty,15171569,HH 草本新淨界,【HH 草本新淨界】私密益生元保養噴霧+貼身衣物抗菌手洗精,H&H,1120001,85,1.4 品牌欄相符（品牌庫有重複，取業績最高）,2026-09-21 14:58:28,HH 草本新淨界,品牌欄,hh草本新淨界,hh,草本新淨界,1120001,hh,,Home & Living,auto,2,True
momo,Beauty,15171575,HH 草本新淨界,【HH 草本新淨界】私密益生元保養噴霧(30ml)+美白緊緻凝露(30ml),H&H,1120001,85,1.4 品牌欄相符（品牌庫有重複，取業績最高）,2026-09-21 14:58:28,HH 草本新淨界,品牌欄,hh草本新淨界,hh,草本新淨界,1120001,hh,,Home & Living,auto,2,True
momo,Beauty,15171579,HH 草本新淨界,【HH 草本新淨界】私密益生元保養噴霧(30ml)X2,H&H,1120001,85,1.4 品牌欄相符（品牌庫有重複，取業績最高）,2026-09-21 14:58:28,HH 草本新淨界,品牌欄,hh草本新淨界,hh,草本新淨界,1120001,hh,,Home & Living,auto,2,True
momo,Beauty,15189267,JS 婕洛妮絲,【JS 婕洛妮絲】LipoA煥膚去角質凝露20ml,JS,5712923,79,1.4 品牌欄相符（品牌庫有重複，取業績最高）,2026-09-21 14:58:28,JS 婕洛妮絲,品牌欄,js婕洛妮絲,js,婕洛妮絲,5712923,js,,Home & Living,,2,True
momo,Beauty,15189269,JS 婕洛妮絲,【JS 婕洛妮絲】LipoA煥膚去角質凝露100ml,JS,5712923,79,1.4 品牌欄相符（品牌庫有重複，取業績最高）,2026-09-21 14:58:28,JS 婕洛妮絲,品牌欄,js婕洛妮絲,js,婕洛妮絲,5712923,js,,Home & Living,,2,True
momo,Beauty,15199228,JS 婕洛妮絲,【JS 婕洛妮絲】LipoA煥膚去角質凝露100mlx3（透亮平滑）,JS,5712923,79,1.4 品牌欄相符（品牌庫有重複，取業績最高）,2026-09-21 14:58:28,JS 婕洛妮絲,品牌欄,js婕洛妮絲,js,婕洛妮絲,5712923,js,,Home & Living,,2,True
momo,Beauty,15199229,JS 婕洛妮絲,【JS 婕洛妮絲】外泌體修復再生精華30mlx2+10%神經醯胺保濕修護霜50ml（修護舒緩．敏感肌適用）,JS,5712923,79,1.4 品牌欄相符（品牌庫有重複，取業績最高）,2026-09-21 14:58:28,JS 婕洛妮絲,品牌欄,js婕洛妮絲,js,婕洛妮絲,5712923,js,,Home & Living,,2,True
momo,Beauty,15199231,JS 婕洛妮絲,【JS 婕洛妮絲】神經醯胺B5保濕化妝水125ml+鳶尾花A醇防曬素顏霜SPF50+★★★30ml（舒緩修護．防曬潤色）,JS,5712923,79,1.4 品牌欄相符（品牌庫有重複，取業績最高）,2026-09-21 14:58:28,JS 婕洛妮絲,品牌欄,js婕洛妮絲,js,婕洛妮絲,5712923,js,,Home & Living,,2,True
momo,Beauty,15199232,JS 婕洛妮絲,【JS 婕洛妮絲】LipoA煥膚去角質凝露100mlx2（透亮平滑）,JS,5712923,79,1.4 品牌欄相符（品牌庫有重複，取業績最高）,2026-09-21 14:58:28,JS 婕洛妮絲,品牌欄,js婕洛妮絲,js,婕洛妮絲,5712923,js,,Home & Living,,2,True
momo,Beauty,15208443,RYO 呂,【RYO 呂】強韌髮根香氛護髮髮膜 200ml,Ryo,1802408,93,1.4 品牌欄相符（品牌庫有重複，取業績最高）,2026-09-21 14:58:28,RYO 呂,品牌欄,ryo呂,ryo,呂,1802408,ryo,,Beauty,,3,True
momo,Beauty,15211834,JS 婕洛妮絲,【JS 婕洛妮絲】LipoA煥膚去角質凝露100ml+抗UV防曬素顏霜PRO SPF50★★★★30mlx2（透亮平滑．提亮防曬）,JS,5712923,79,1.4 品牌欄相符（品牌庫有重複，取業績最高）,2026-09-21 14:58:28,JS 婕洛妮絲,品牌欄,js婕洛妮絲,js,婕洛妮絲,5712923,js,,Home & Living,,2,True
momo,Beauty,15211835,JS 婕洛妮絲,【JS 婕洛妮絲】LipoA煥膚去角質凝露100ml+81酵素去黑頭潔顏露100mlx2（透亮平滑．瓦解粉刺）,JS,5712923,79,1.4 品牌欄相符（品牌庫有重複，取業績最高）,2026-09-21 14:58:28,JS 婕洛妮絲,品牌欄,js婕洛妮絲,js,婕洛妮絲,5712923,js,,Home & Living,,2,True
momo,Beauty,15227121,Ran 冉,【Ran 冉】官方旗艦店 528身體清潔露 冷杉琥珀 MOMO獨家兩入組,Ran,1594021,85,1.4 品牌欄相符（品牌庫有重複，取業績最高）,2026-09-21 14:58:28,Ran 冉,品牌欄,ran冉,ran,冉,1594021,ran,,Home & Living,,3,True
momo,Beauty,15237457,KUM 熊野,【KUM 熊野】麗白薏仁高保濕沐浴乳600ml,KUM,1094859,90,1.3 品牌欄完全相符,2026-09-21 14:58:28,KUM 熊野,品牌欄,kum熊野,kum,熊野,1094859,kum,,Home & Living,auto,3,True
momo,Beauty,15237458,KUM 熊野,【KUM 熊野】麗白薏仁沐浴乳800ml,KUM,1094859,90,1.3 品牌欄完全相符,2026-09-21 14:58:28,KUM 熊野,品牌欄,kum熊野,kum,熊野,1094859,kum,,Home & Living,auto,3,True
momo,Beauty,15237459,KUM 熊野,【KUM 熊野】麗白薏仁沐浴乳450ml(補充包),KUM,1094859,90,1.3 品牌欄完全相符,2026-09-21 14:58:28,KUM 熊野,品牌欄,kum熊野,kum,熊野,1094859,kum,,Home & Living,auto,3,True
momo,Beauty,15237461,KUM 熊野,【KUM 熊野】麗白薏仁高保濕沐浴乳600ml(補充包),KUM,1094859,90,1.3 品牌欄完全相符,2026-09-21 14:58:28,KUM 熊野,品牌欄,kum熊野,kum,熊野,1094859,kum,,Home & Living,auto,3,True
momo,Beauty,15249987,Ran 冉,【Ran 冉】官方旗艦店 508 手部清潔露 冷杉琥珀 MOMO獨家兩入組,Ran,1594021,85,1.4 品牌欄相符（品牌庫有重複，取業績最高）,2026-09-21 14:58:28,Ran 冉,品牌欄,ran冉,ran,冉,1594021,ran,,Home & Living,,3,True
momo,Beauty,15253800,GB 綠鐘,【GB 綠鐘】GREEN BELL日本綠鐘PSG不銹鋼腳指甲緣專用清潔銼刀(PSG-300),gb,4405709,85,1.4 品牌欄相符（品牌庫有重複，取業績最高）,2026-09-21 14:58:28,GB 綠鐘,品牌欄,gb綠鐘,gb,綠鐘,4405709,gb,,Mother & Baby,auto,2,True
momo,Beauty,15253802,GB 綠鐘,【GB 綠鐘】GREEN BELL日本綠鐘PSG不銹鋼長柄L型腳捲甲專用銼刀(PSG-302),gb,4405709,85,1.4 品牌欄相符（品牌庫有重複，取業績最高）,2026-09-21 14:58:28,GB 綠鐘,品牌欄,gb綠鐘,gb,綠鐘,4405709,gb,,Mother & Baby,auto,2,True
momo,Beauty,15253804,GB 綠鐘,【GB 綠鐘】GREEN BELL日本綠鐘PSG不銹鋼腳捲甲專用雙頭銼刀(PSG-301),gb,4405709,85,1.4 品牌欄相符（品牌庫有重複，取業績最高）,2026-09-21 14:58:28,GB 綠鐘,品牌欄,gb綠鐘,gb,綠鐘,4405709,gb,,Mother & Baby,auto,2,True
momo,Beauty,15254967,GB 綠鐘,【GB 綠鐘】GREEN BELL日本綠鐘GT防滑膠柄平口/斜口毛拔,gb,4405709,85,1.4 品牌欄相符（品牌庫有重複，取業績最高）,2026-09-21 14:58:28,GB 綠鐘,品牌欄,gb綠鐘,gb,綠鐘,4405709,gb,,Mother & Baby,auto,2,True
momo,Beauty,15257169,KUM 熊野,【KUM 熊野】PHARMAACT 泡沫洗手乳200ml(補充包),KUM,1094859,90,1.3 品牌欄完全相符,2026-09-21 14:58:28,KUM 熊野,品牌欄,kum熊野,kum,熊野,1094859,kum,,Home & Living,auto,3,True
momo,Beauty,15257170,KUM 熊野,【KUM 熊野】Cool涼感舒爽沐浴精800ml(補充包),KUM,1094859,90,1.3 品牌欄完全相符,2026-09-21 14:58:28,KUM 熊野,品牌欄,kum熊野,kum,熊野,1094859,kum,,Home & Living,auto,3,True
momo,Beauty,15272932,TS6 護一生,【TS6 護一生】私密裸感淨毛霜80g(含專用刮板)+私密B5高效舒緩霜40g+蜜桃煥白凝膠45g+超美白香氛誘霜30g,TS6,1136012,98,1.3 品牌欄完全相符,2026-09-21 14:58:28,TS6 護一生,品牌欄,ts6護一生,ts6,護一生,1136012,ts6,,Beauty,auto,3,True
momo,Beauty,15274194,KUM 熊野,【KUM 熊野】cyclear 維他命C化妝水1000ml,KUM,1094859,90,1.3 品牌欄完全相符,2026-09-21 14:58:28,KUM 熊野,品牌欄,kum熊野,kum,熊野,1094859,kum,,Home & Living,auto,3,True
momo,Beauty,15274196,KUM 熊野,【KUM 熊野】cyclear 維他命C化妝水500ml(補充包),KUM,1094859,90,1.3 品牌欄完全相符,2026-09-21 14:58:28,KUM 熊野,品牌欄,kum熊野,kum,熊野,1094859,kum,,Home & Living,auto,3,True
momo,Beauty,15274198,KUM 熊野,【KUM 熊野】cyclear 維他命C酵素洗面乳130g,KUM,1094859,90,1.3 品牌欄完全相符,2026-09-21 14:58:28,KUM 熊野,品牌欄,kum熊野,kum,熊野,1094859,kum,,Home & Living,auto,3,True
momo,Beauty,15274203,KUM 熊野,【KUM 熊野】麗白薏仁化妝水500ml(補充包),KUM,1094859,90,1.3 品牌欄完全相符,2026-09-21 14:58:28,KUM 熊野,品牌欄,kum熊野,kum,熊野,1094859,kum,,Home & Living,auto,3,True
momo,Beauty,15274215,KUM 熊野,【KUM 熊野】cyclear 維他命C化妝水500ml,KUM,1094859,90,1.3 品牌欄完全相符,2026-09-21 14:58:28,KUM 熊野,品牌欄,kum熊野,kum,熊野,1094859,kum,,Home & Living,auto,3,True
momo,Beauty,15274220,KUM 熊野,【KUM 熊野】麗白薏仁高保濕洗面乳130g,KUM,1094859,90,1.3 品牌欄完全相符,2026-09-21 14:58:28,KUM 熊野,品牌欄,kum熊野,kum,熊野,1094859,kum,,Home & Living,auto,3,True
momo,Beauty,15274222,KUM 熊野,【KUM 熊野】麗白薏仁洗卸兩用洗面乳130g,KUM,1094859,90,1.3 品牌欄完全相符,2026-09-21 14:58:28,KUM 熊野,品牌欄,kum熊野,kum,熊野,1094859,kum,,Home & Living,auto,3,True
momo,Beauty,15274226,KUM 熊野,【KUM 熊野】麗白薏仁保濕化妝水-噴霧型250ml,KUM,1094859,90,1.3 品牌欄完全相符,2026-09-21 14:58:28,KUM 熊野,品牌欄,kum熊野,kum,熊野,1094859,kum,,Home & Living,auto,3,True
momo,Beauty,15282226,GB 綠鐘,【GB 綠鐘】GREEN BELL日本綠鐘NC不銹鋼手足部去角質搓磨棒(NC-308),gb,4405709,85,1.4 品牌欄相符（品牌庫有重複，取業績最高）,2026-09-21 14:58:28,GB 綠鐘,品牌欄,gb綠鐘,gb,綠鐘,4405709,gb,,Mother & Baby,auto,2,True
momo,Beauty,15294713,LUX 麗仕,【LUX 麗仕】小氣泡爽膚沐浴露400g(葡萄沙瓦香),LUX,2562960,93,1.4 品牌欄相符（品牌庫有重複，取業績最高）,2026-09-21 14:58:28,LUX 麗仕,品牌欄,lux麗仕,lux,麗仕,2562960,lux,,Beauty,auto,3,True
momo,Beauty,15313054,KUM 熊野,【KUM 熊野】氨基酸修護潤髮乳1000ml(國際航空版),KUM,1094859,90,1.3 品牌欄完全相符,2026-09-21 14:58:28,KUM 熊野,品牌欄,kum熊野,kum,熊野,1094859,kum,,Home & Living,auto,3,True
momo,Beauty,15313062,KUM 熊野,【KUM 熊野】Zero無添加洗髮精450ml(補充包),KUM,1094859,90,1.3 品牌欄完全相符,2026-09-21 14:58:28,KUM 熊野,品牌欄,kum熊野,kum,熊野,1094859,kum,,Home & Living,auto,3,True
momo,Beauty,15313063,KUM 熊野,【KUM 熊野】Zero無添加潤絲精450ml(補充包),KUM,1094859,90,1.3 品牌欄完全相符,2026-09-21 14:58:28,KUM 熊野,品牌欄,kum熊野,kum,熊野,1094859,kum,,Home & Living,auto,3,True
momo,Beauty,15316278,GB 綠鐘,【GB 綠鐘】GREEN BELL日本綠鐘匠之技不銹鋼斜口腳指甲剪(G-1035),gb,4405709,85,1.4 品牌欄相符（品牌庫有重複，取業績最高）,2026-09-21 14:58:28,GB 綠鐘,品牌欄,gb綠鐘,gb,綠鐘,4405709,gb,,Mother & Baby,auto,2,True
momo,Beauty,15316279,GB 綠鐘,【GB 綠鐘】GREEN BELL日本綠鐘匠之技防飛濺不鏽鋼指甲剪(G-1024),gb,4405709,85,1.4 品牌欄相符（品牌庫有重複，取業績最高）,2026-09-21 14:58:28,GB 綠鐘,品牌欄,gb綠鐘,gb,綠鐘,4405709,gb,,Mother & Baby,auto,2,True
momo,Beauty,15318668,GB 綠鐘,【GB 綠鐘】GREEN BELL日本綠鐘匠之技不銹鋼防滑握柄指甲修飾剪(G-1040),gb,4405709,85,1.4 品牌欄相符（品牌庫有重複，取業績最高）,2026-09-21 14:58:28,GB 綠鐘,品牌欄,gb綠鐘,gb,綠鐘,4405709,gb,,Mother & Baby,auto,2,True
momo,Beauty,15318690,KUM 熊野,【KUM 熊野】Zero無添加洗髮精600ml,KUM,1094859,90,1.3 品牌欄完全相符,2026-09-21 14:58:28,KUM 熊野,品牌欄,kum熊野,kum,熊野,1094859,kum,,Home & Living,auto,3,True
momo,Beauty,15318691,KUM 熊野,【KUM 熊野】Zero無添加潤絲精600ml,KUM,1094859,90,1.3 品牌欄完全相符,2026-09-21 14:58:28,KUM 熊野,品牌欄,kum熊野,kum,熊野,1094859,kum,,Home & Living,auto,3,True
momo,Beauty,15326321,KUM 熊野,【KUM 熊野】沙龍級保濕修護潤絲精1000ml,KUM,1094859,90,1.3 品牌欄完全相符,2026-09-21 14:58:28,KUM 熊野,品牌欄,kum熊野,kum,熊野,1094859,kum,,Home & Living,auto,3,True
momo,Beauty,15349231,JS 婕洛妮絲,【JS 婕洛妮絲】神經醯胺B5保濕卸妝凝露150ml,JS,5712923,79,1.4 品牌欄相符（品牌庫有重複，取業績最高）,2026-09-21 14:58:28,JS 婕洛妮絲,品牌欄,js婕洛妮絲,js,婕洛妮絲,5712923,js,,Home & Living,,2,True
momo,Beauty,15352906,KUM 熊野,【KUM 熊野】Cool涼感舒爽洗髮精800ml(補充包),KUM,1094859,90,1.3 品牌欄完全相符,2026-09-21 14:58:28,KUM 熊野,品牌欄,kum熊野,kum,熊野,1094859,kum,,Home & Living,auto,3,True
momo,Beauty,15352907,KUM 熊野,【KUM 熊野】洗髮精1000ml(多款任選),KUM,1094859,90,1.3 品牌欄完全相符,2026-09-21 14:58:28,KUM 熊野,品牌欄,kum熊野,kum,熊野,1094859,kum,,Home & Living,auto,3,True
momo,Beauty,15352908,KUM 熊野,【KUM 熊野】潤髮乳1000ml(多款任選),KUM,1094859,90,1.3 品牌欄完全相符,2026-09-21 14:58:28,KUM 熊野,品牌欄,kum熊野,kum,熊野,1094859,kum,,Home & Living,auto,3,True
momo,Beauty,15352965,JS 婕洛妮絲,【JS 婕洛妮絲】81酵素去黑頭潔顏露22mlx2,JS,5712923,79,1.4 品牌欄相符（品牌庫有重複，取業績最高）,2026-09-21 14:58:28,JS 婕洛妮絲,品牌欄,js婕洛妮絲,js,婕洛妮絲,5712923,js,,Home & Living,,2,True
momo,Beauty,15352966,JS 婕洛妮絲,【JS 婕洛妮絲】神經醯胺B5保濕卸妝凝露150ml+神經醯胺B5保濕潔顏慕斯150ml（雙效養膚．敏感肌適用）,JS,5712923,79,1.4 品牌欄相符（品牌庫有重複，取業績最高）,2026-09-21 14:58:28,JS 婕洛妮絲,品牌欄,js婕洛妮絲,js,婕洛妮絲,5712923,js,,Home & Living,,2,True
momo,Beauty,15352968,JS 婕洛妮絲,【JS 婕洛妮絲】神經醯胺B5保濕卸妝凝露150ml+抗UV防曬素顏霜PRO SPF50★★★★30mlx2（卸妝提亮）,JS,5712923,79,1.4 品牌欄相符（品牌庫有重複，取業績最高）,2026-09-21 14:58:28,JS 婕洛妮絲,品牌欄,js婕洛妮絲,js,婕洛妮絲,5712923,js,,Home & Living,,2,True
momo,Beauty,15352969,JS 婕洛妮絲,【JS 婕洛妮絲】神經醯胺B5保濕卸妝凝露150ml+81酵素去黑頭潔顏露100mlx2（卸妝控油）,JS,5712923,79,1.4 品牌欄相符（品牌庫有重複，取業績最高）,2026-09-21 14:58:28,JS 婕洛妮絲,品牌欄,js婕洛妮絲,js,婕洛妮絲,5712923,js,,Home & Living,,2,True
momo,Beauty,15352970,JS 婕洛妮絲,【JS 婕洛妮絲】神經醯胺B5保濕化妝水125mlx2（舒緩修護．敏感肌適用）,JS,5712923,79,1.4 品牌欄相符（品牌庫有重複，取業績最高）,2026-09-21 14:58:28,JS 婕洛妮絲,品牌欄,js婕洛妮絲,js,婕洛妮絲,5712923,js,,Home & Living,,2,True
momo,Beauty,15352971,JS 婕洛妮絲,【JS 婕洛妮絲】神經醯胺B5保濕化妝水125mlx3（舒緩修護．敏感肌適用）,JS,5712923,79,1.4 品牌欄相符（品牌庫有重複，取業績最高）,2026-09-21 14:58:28,JS 婕洛妮絲,品牌欄,js婕洛妮絲,js,婕洛妮絲,5712923,js,,Home & Living,,2,True
momo,Beauty,15356237,KUM 熊野,【KUM 熊野】cyclear 維他命C沐浴乳700ml(補充包),KUM,1094859,90,1.3 品牌欄完全相符,2026-09-21 14:58:28,KUM 熊野,品牌欄,kum熊野,kum,熊野,1094859,kum,,Home & Living,auto,3,True
momo,Beauty,15360720,KUM 熊野,【KUM 熊野】Cool涼感舒爽洗髮精550ml,KUM,1094859,90,1.3 品牌欄完全相符,2026-09-21 14:58:28,KUM 熊野,品牌欄,kum熊野,kum,熊野,1094859,kum,,Home & Living,auto,3,True
momo,Beauty,15368517,KUM 熊野,【KUM 熊野】PHARMAACT 泡沫洗手乳250ml,KUM,1094859,90,1.3 品牌欄完全相符,2026-09-21 14:58:28,KUM 熊野,品牌欄,kum熊野,kum,熊野,1094859,kum,,Home & Living,auto,3,True
momo,Beauty,15368519,KUM 熊野,【KUM 熊野】PHARMAACT 泡沫洗手乳200ml(補充包),KUM,1094859,90,1.3 品牌欄完全相符,2026-09-21 14:58:28,KUM 熊野,品牌欄,kum熊野,kum,熊野,1094859,kum,,Home & Living,auto,3,True
momo,Beauty,15368523,KUM 熊野,【KUM 熊野】麗白薏仁高保濕沐浴乳600ml,KUM,1094859,90,1.3 品牌欄完全相符,2026-09-21 14:58:28,KUM 熊野,品牌欄,kum熊野,kum,熊野,1094859,kum,,Home & Living,auto,3,True
momo,Beauty,15368530,KUM 熊野,【KUM 熊野】麗白薏仁高保濕沐浴乳600ml(補充包),KUM,1094859,90,1.3 品牌欄完全相符,2026-09-21 14:58:28,KUM 熊野,品牌欄,kum熊野,kum,熊野,1094859,kum,,Home & Living,auto,3,True
momo,Beauty,15368541,KUM 熊野,【KUM 熊野】麗白薏仁沐浴乳800ml,KUM,1094859,90,1.3 品牌欄完全相符,2026-09-21 14:58:28,KUM 熊野,品牌欄,kum熊野,kum,熊野,1094859,kum,,Home & Living,auto,3,True
momo,Beauty,15368546,KUM 熊野,【KUM 熊野】麗白薏仁沐浴乳450ml(補充包),KUM,1094859,90,1.3 品牌欄完全相符,2026-09-21 14:58:28,KUM 熊野,品牌欄,kum熊野,kum,熊野,1094859,kum,,Home & Living,auto,3,True
momo,Beauty,15368547,KUM 熊野,【KUM 熊野】麗白薏仁沐浴乳1000ml(補充包),KUM,1094859,90,1.3 品牌欄完全相符,2026-09-21 14:58:28,KUM 熊野,品牌欄,kum熊野,kum,熊野,1094859,kum,,Home & Living,auto,3,True
momo,Beauty,15462837,KUM 熊野,【KUM 熊野】麗白薏仁保濕洗面乳170g,KUM,1094859,90,1.3 品牌欄完全相符,2026-09-21 14:58:28,KUM 熊野,品牌欄,kum熊野,kum,熊野,1094859,kum,,Home & Living,auto,3,True
momo,Beauty,15462838,KUM 熊野,【KUM 熊野】麗白薏仁化妝水 500ml,KUM,1094859,90,1.3 品牌欄完全相符,2026-09-21 14:58:28,KUM 熊野,品牌欄,kum熊野,kum,熊野,1094859,kum,,Home & Living,auto,3,True
momo,Beauty,15462839,KUM 熊野,【KUM 熊野】麗白薏仁化妝水1000ml,KUM,1094859,90,1.3 品牌欄完全相符,2026-09-21 14:58:28,KUM 熊野,品牌欄,kum熊野,kum,熊野,1094859,kum,,Home & Living,auto,3,True
momo,Beauty,15462841,KUM 熊野,【KUM 熊野】Cyclear維他命C化妝水500ml,KUM,1094859,90,1.3 品牌欄完全相符,2026-09-21 14:58:28,KUM 熊野,品牌欄,kum熊野,kum,熊野,1094859,kum,,Home & Living,auto,3,True
momo,Beauty,15462843,KUM 熊野,【KUM 熊野】Cyclear維他命C化妝水1000ml,KUM,1094859,90,1.3 品牌欄完全相符,2026-09-21 14:58:28,KUM 熊野,品牌欄,kum熊野,kum,熊野,1094859,kum,,Home & Living,auto,3,True
momo,Beauty,15462844,KUM 熊野,【KUM 熊野】Cyclear維他命C化妝水500ml(補充包),KUM,1094859,90,1.3 品牌欄完全相符,2026-09-21 14:58:28,KUM 熊野,品牌欄,kum熊野,kum,熊野,1094859,kum,,Home & Living,auto,3,True
momo,Beauty,15462845,KUM 熊野,【KUM 熊野】Cyclear維他命C酵素洗面乳130g,KUM,1094859,90,1.3 品牌欄完全相符,2026-09-21 14:58:28,KUM 熊野,品牌欄,kum熊野,kum,熊野,1094859,kum,,Home & Living,auto,3,True
momo,Beauty,15462847,KUM 熊野,【KUM 熊野】麗白薏仁保濕化妝水-噴霧型250ml,KUM,1094859,90,1.3 品牌欄完全相符,2026-09-21 14:58:28,KUM 熊野,品牌欄,kum熊野,kum,熊野,1094859,kum,,Home & Living,auto,3,True
momo,Beauty,15462848,KUM 熊野,【KUM 熊野】麗白薏仁保濕化妝水500ml(補充包),KUM,1094859,90,1.3 品牌欄完全相符,2026-09-21 14:58:28,KUM 熊野,品牌欄,kum熊野,kum,熊野,1094859,kum,,Home & Living,auto,3,True
momo,Beauty,15462849,KUM 熊野,【KUM 熊野】麗白保濕凝膠300g,KUM,1094859,90,1.3 品牌欄完全相符,2026-09-21 14:58:28,KUM 熊野,品牌欄,kum熊野,kum,熊野,1094859,kum,,Home & Living,auto,3,True
momo,Beauty,15462850,KUM 熊野,【KUM 熊野】麗白薏仁洗卸兩用洗面乳130g,KUM,1094859,90,1.3 品牌欄完全相符,2026-09-21 14:58:28,KUM 熊野,品牌欄,kum熊野,kum,熊野,1094859,kum,,Home & Living,auto,3,True
momo,Beauty,15462852,KUM 熊野,【KUM 熊野】金木犀洗面乳120g,KUM,1094859,90,1.3 品牌欄完全相符,2026-09-21 14:58:28,KUM 熊野,品牌欄,kum熊野,kum,熊野,1094859,kum,,Home & Living,auto,3,True
momo,Beauty,15462853,KUM 熊野,【KUM 熊野】洗面乳170g(多款任選),KUM,1094859,90,1.3 品牌欄完全相符,2026-09-21 14:58:28,KUM 熊野,品牌欄,kum熊野,kum,熊野,1094859,kum,,Home & Living,auto,3,True
momo,Beauty,15462854,KUM 熊野,【KUM 熊野】DEVE男士磨砂洗面乳130g,KUM,1094859,90,1.3 品牌欄完全相符,2026-09-21 14:58:28,KUM 熊野,品牌欄,kum熊野,kum,熊野,1094859,kum,,Home & Living,auto,3,True
momo,Beauty,15462855,KUM 熊野,【KUM 熊野】淨化毛孔洗面乳130g,KUM,1094859,90,1.3 品牌欄完全相符,2026-09-21 14:58:28,KUM 熊野,品牌欄,kum熊野,kum,熊野,1094859,kum,,Home & Living,auto,3,True
momo,Beauty,15462856,KUM 熊野,【KUM 熊野】麗白薏仁高保濕洗面乳130g,KUM,1094859,90,1.3 品牌欄完全相符,2026-09-21 14:58:28,KUM 熊野,品牌欄,kum熊野,kum,熊野,1094859,kum,,Home & Living,auto,3,True
momo,Beauty,15462857,KUM 熊野,【KUM 熊野】豆乳美肌洗面乳200g,KUM,1094859,90,1.3 品牌欄完全相符,2026-09-21 14:58:28,KUM 熊野,品牌欄,kum熊野,kum,熊野,1094859,kum,,Home & Living,auto,3,True
momo,Beauty,15462858,KUM 熊野,【KUM 熊野】Cool涼感洗面乳130g,KUM,1094859,90,1.3 品牌欄完全相符,2026-09-21 14:58:28,KUM 熊野,品牌欄,kum熊野,kum,熊野,1094859,kum,,Home & Living,auto,3,True
momo,Beauty,15462859,KUM 熊野,【KUM 熊野】Zero無添加洗面乳130g,KUM,1094859,90,1.3 品牌欄完全相符,2026-09-21 14:58:28,KUM 熊野,品牌欄,kum熊野,kum,熊野,1094859,kum,,Home & Living,auto,3,True
momo,Beauty,15465770,KUM 熊野,【KUM 熊野】Cool涼感舒爽沐浴精800ml(補充包),KUM,1094859,90,1.3 品牌欄完全相符,2026-09-21 14:58:28,KUM 熊野,品牌欄,kum熊野,kum,熊野,1094859,kum,,Home & Living,auto,3,True
momo,Beauty,15469305,HH 草本新淨界,【HH 草本新淨界】女性私密衣物抗菌手洗精200mlx2,H&H,1120001,85,1.4 品牌欄相符（品牌庫有重複，取業績最高）,2026-09-21 14:58:28,HH 草本新淨界,品牌欄,hh草本新淨界,hh,草本新淨界,1120001,hh,,Home & Living,auto,2,True
momo,Beauty,15474752,HH 草本新淨界,【HH 草本新淨界】女性私密衣物抗菌手洗精200mlx3,H&H,1120001,85,1.4 品牌欄相符（品牌庫有重複，取業績最高）,2026-09-21 14:58:28,HH 草本新淨界,品牌欄,hh草本新淨界,hh,草本新淨界,1120001,hh,,Home & Living,auto,2,True
momo,Beauty,15489951,JS 婕洛妮絲,【JS 婕洛妮絲】神經醯胺B5洗卸保濕組,JS,5712923,79,1.4 品牌欄相符（品牌庫有重複，取業績最高）,2026-09-21 14:58:28,JS 婕洛妮絲,品牌欄,js婕洛妮絲,js,婕洛妮絲,5712923,js,,Home & Living,,2,True
momo,Beauty,15494194,JS 婕洛妮絲,【JS 婕洛妮絲】神經醯胺B5洗卸保濕組+外泌體修復再生精華30mlx2（敏感肌適用）,JS,5712923,79,1.4 品牌欄相符（品牌庫有重複，取業績最高）,2026-09-21 14:58:28,JS 婕洛妮絲,品牌欄,js婕洛妮絲,js,婕洛妮絲,5712923,js,,Home & Living,,2,True
momo,Beauty,15494195,JS 婕洛妮絲,【JS 婕洛妮絲】神經醯胺B5洗卸保濕組+神經醯胺B5保濕修護霜50ml（敏感肌適用）,JS,5712923,79,1.4 品牌欄相符（品牌庫有重複，取業績最高）,2026-09-21 14:58:28,JS 婕洛妮絲,品牌欄,js婕洛妮絲,js,婕洛妮絲,5712923,js,,Home & Living,,2,True
momo,Beauty,15494196,JS 婕洛妮絲,【JS 婕洛妮絲】神經醯胺B5洗卸保濕組+抗UV防曬素顏霜PRO 30mlx2（SPF50★★★★）,JS,5712923,79,1.4 品牌欄相符（品牌庫有重複，取業績最高）,2026-09-21 14:58:28,JS 婕洛妮絲,品牌欄,js婕洛妮絲,js,婕洛妮絲,5712923,js,,Home & Living,,2,True
momo,Beauty,15524781,KUM 熊野,【KUM 熊野】Cool涼感舒爽沐浴精550ml,KUM,1094859,90,1.3 品牌欄完全相符,2026-09-21 14:58:28,KUM 熊野,品牌欄,kum熊野,kum,熊野,1094859,kum,,Home & Living,auto,3,True
momo,Beauty,15532912,KUM 熊野,【KUM 熊野】Cyclear維他命C沐浴乳500ml,KUM,1094859,90,1.3 品牌欄完全相符,2026-09-21 14:58:28,KUM 熊野,品牌欄,kum熊野,kum,熊野,1094859,kum,,Home & Living,auto,3,True
momo,Beauty,15532913,KUM 熊野,【KUM 熊野】豆乳精華亮白沐浴乳600ml,KUM,1094859,90,1.3 品牌欄完全相符,2026-09-21 14:58:28,KUM 熊野,品牌欄,kum熊野,kum,熊野,1094859,kum,,Home & Living,auto,3,True
momo,Beauty,15535481,RYO 呂,【RYO 呂】官方直營 ROOTGEN強韌蘊髮洗髮精/護髮膜515mlx3入(男性專用/女性專用/零感控油),Ryo,1802408,93,1.4 品牌欄相符（品牌庫有重複，取業績最高）,2026-09-21 14:58:28,RYO 呂,品牌欄,ryo呂,ryo,呂,1802408,ryo,,Beauty,,3,True
momo,Beauty,15543054,TS6 護一生,【TS6 護一生】男士極光私密精華乳+男士極戰私密噴霧25g+男士極淨私密沐浴露330g(經典/舒涼),TS6,1136012,98,1.3 品牌欄完全相符,2026-09-21 14:58:28,TS6 護一生,品牌欄,ts6護一生,ts6,護一生,1136012,ts6,,Beauty,auto,3,True
momo,Beauty,15543055,TS6 護一生,【TS6 護一生】男士極光私密精華乳45gX2+男士極戰私密噴霧25g (男性私密美白保養),TS6,1136012,98,1.3 品牌欄完全相符,2026-09-21 14:58:28,TS6 護一生,品牌欄,ts6護一生,ts6,護一生,1136012,ts6,,Beauty,auto,3,True
momo,Beauty,15569276,KUM 熊野,【KUM 熊野】Zero無添加沐浴乳450ml(補充包),KUM,1094859,90,1.3 品牌欄完全相符,2026-09-21 14:58:28,KUM 熊野,品牌欄,kum熊野,kum,熊野,1094859,kum,,Home & Living,auto,3,True
momo,Beauty,15569278,KUM 熊野,【KUM 熊野】Zero無添加沐浴乳600ml,KUM,1094859,90,1.3 品牌欄完全相符,2026-09-21 14:58:28,KUM 熊野,品牌欄,kum熊野,kum,熊野,1094859,kum,,Home & Living,auto,3,True
momo,Beauty,15585858,HH 草本新淨界,【HH 草本新淨界】HH EPR2溫和水潤洗面露(200ml),H&H,1120001,85,1.4 品牌欄相符（品牌庫有重複，取業績最高）,2026-09-21 14:58:28,HH 草本新淨界,品牌欄,hh草本新淨界,hh,草本新淨界,1120001,hh,,Home & Living,auto,2,True
momo,Beauty,15585859,HH 草本新淨界,【HH 草本新淨界】HH EPR2淨膚抗痘洗面露(200ml),H&H,1120001,85,1.4 品牌欄相符（品牌庫有重複，取業績最高）,2026-09-21 14:58:28,HH 草本新淨界,品牌欄,hh草本新淨界,hh,草本新淨界,1120001,hh,,Home & Living,auto,2,True
momo,Beauty,15587529,HH 草本新淨界,【HH 草本新淨界】HH絲滑亮澤護髮乳(300ml),H&H,1120001,85,1.4 品牌欄相符（品牌庫有重複，取業績最高）,2026-09-21 14:58:28,HH 草本新淨界,品牌欄,hh草本新淨界,hh,草本新淨界,1120001,hh,,Home & Living,auto,2,True
momo,Beauty,3932858,TS6 護一生,【TS6護一生】私密潔淨慕斯-加護型 100g(私密清潔 加強防護),TS6,1136012,98,1.3 品牌欄完全相符,2026-09-21 14:58:28,TS6 護一生,品牌欄,ts6護一生,ts6,護一生,1136012,ts6,,Beauty,auto,3,True
momo,Beauty,3932872,TS6 護一生,【TS6 護一生】果萃沐浴晶露250g(私密清潔-蔓越莓添加),TS6,1136012,98,1.3 品牌欄完全相符,2026-09-21 14:58:28,TS6 護一生,品牌欄,ts6護一生,ts6,護一生,1136012,ts6,,Beauty,auto,3,True
momo,Beauty,4238789,TS6 護一生,【TS6 護一生】果萃沐浴晶露250g+私密舒緩蜜露15g 私密清潔保養 舒緩,TS6,1136012,98,1.3 品牌欄完全相符,2026-09-21 14:58:28,TS6 護一生,品牌欄,ts6護一生,ts6,護一生,1136012,ts6,,Beauty,auto,3,True
momo,Beauty,4712702,TS6 護一生,【TS6護一生】私舒衣物手洗精300gX1+潔淨慕斯-加護型X1(私密清潔 貼身衣物清潔),TS6,1136012,98,1.3 品牌欄完全相符,2026-09-21 14:58:28,TS6 護一生,品牌欄,ts6護一生,ts6,護一生,1136012,ts6,,Beauty,auto,3,True
momo,Beauty,4777347,TS6 護一生,【TS6 護一生】私密超美白香氛誘霜(30g),TS6,1136012,98,1.3 品牌欄完全相符,2026-09-21 14:58:28,TS6 護一生,品牌欄,ts6護一生,ts6,護一生,1136012,ts6,,Beauty,auto,3,True
momo,Beauty,4873464,RCM 美國專業甲油膠,【RCM 美國專業甲油膠】20302(LED光撩美甲燈-黑),RCM,1099497,98,1.3 品牌欄完全相符,2026-09-21 14:58:28,RCM 美國專業甲油膠,品牌欄,rcm美國專業甲油膠,rcm,美國專業甲油膠,1099497,rcm,,Beauty,auto,3,True
momo,Beauty,5024280,GB 綠鐘,【GB 綠鐘】GREEN BELL日本綠鐘匠之技不銹鋼指甲剪＆弧形指甲銼二件組(G-1002),gb,4405709,85,1.4 品牌欄相符（品牌庫有重複，取業績最高）,2026-09-21 14:58:28,GB 綠鐘,品牌欄,gb綠鐘,gb,綠鐘,4405709,gb,,Mother & Baby,auto,2,True
momo,Beauty,5024283,GB 綠鐘,【GB 綠鐘】GREEN BELL日本綠鐘匠之技附放大鏡不銹鋼指甲剪(附收納袋.G-1004),gb,4405709,85,1.4 品牌欄相符（品牌庫有重複，取業績最高）,2026-09-21 14:58:28,GB 綠鐘,品牌欄,gb綠鐘,gb,綠鐘,4405709,gb,,Mother & Baby,auto,2,True
momo,Beauty,5024369,GB 綠鐘,【GB 綠鐘】GREEN BELL日本綠鐘匠之技鍛造鋼指甲刀(曲線刃 G-1006),gb,4405709,85,1.4 品牌欄相符（品牌庫有重複，取業績最高）,2026-09-21 14:58:28,GB 綠鐘,品牌欄,gb綠鐘,gb,綠鐘,4405709,gb,,Mother & Baby,auto,2,True
momo,Beauty,5024370,GB 綠鐘,【GB 綠鐘】GREEN BELL日本綠鐘匠之技不銹鋼指甲剪(曲線刃 G-1007),gb,4405709,85,1.4 品牌欄相符（品牌庫有重複，取業績最高）,2026-09-21 14:58:28,GB 綠鐘,品牌欄,gb綠鐘,gb,綠鐘,4405709,gb,,Mother & Baby,auto,2,True
momo,Beauty,5024380,GB 綠鐘,【GB 綠鐘】GREEN BELL日本綠鐘匠之技鍛造不銹鋼防滑握柄指甲剪(細長型 G-1028),gb,4405709,85,1.4 品牌欄相符（品牌庫有重複，取業績最高）,2026-09-21 14:58:28,GB 綠鐘,品牌欄,gb綠鐘,gb,綠鐘,4405709,gb,,Mother & Baby,auto,2,True
momo,Beauty,5024386,GB 綠鐘,【GB 綠鐘】GREEN BELL日本綠鐘匠之技鍛造不鏽鋼鬢角鬍鬍修容剪(鋸齒刃.銀. G-2102),gb,4405709,85,1.4 品牌欄相符（品牌庫有重複，取業績最高）,2026-09-21 14:58:28,GB 綠鐘,品牌欄,gb綠鐘,gb,綠鐘,4405709,gb,,Mother & Baby,auto,2,True
momo,Beauty,5027424,GB 綠鐘,【GB 綠鐘】GREEN BELL日本綠鐘鍛造不銹鋼硬卷型硬厚甲專用指甲鉗(QQ-04),gb,4405709,85,1.4 品牌欄相符（品牌庫有重複，取業績最高）,2026-09-21 14:58:28,GB 綠鐘,品牌欄,gb綠鐘,gb,綠鐘,4405709,gb,,Mother & Baby,auto,2,True
momo,Beauty,5027425,GB 綠鐘,【GB 綠鐘】GREEN BELL日本綠鐘可消毒全不銹鋼指甲剪(QQ-05),gb,4405709,85,1.4 品牌欄相符（品牌庫有重複，取業績最高）,2026-09-21 14:58:28,GB 綠鐘,品牌欄,gb綠鐘,gb,綠鐘,4405709,gb,,Mother & Baby,auto,2,True
momo,Beauty,5027430,GB 綠鐘,【GB 綠鐘】GREEN BELL日本綠鐘不銹鋼長握把型指甲剪(QQ-104),gb,4405709,85,1.4 品牌欄相符（品牌庫有重複，取業績最高）,2026-09-21 14:58:28,GB 綠鐘,品牌欄,gb綠鐘,gb,綠鐘,4405709,gb,,Mother & Baby,auto,2,True
momo,Beauty,5027431,GB 綠鐘,【GB 綠鐘】GREEN BELL日本綠鐘不銹鋼防飛濺指甲剪(QQ-105),gb,4405709,85,1.4 品牌欄相符（品牌庫有重複，取業績最高）,2026-09-21 14:58:28,GB 綠鐘,品牌欄,gb綠鐘,gb,綠鐘,4405709,gb,,Mother & Baby,auto,2,True
momo,Beauty,5027434,GB 綠鐘,【GB 綠鐘】GREEN BELL日本綠鐘不鏽鋼防滑細長指甲修飾剪(鋸齒刃 QQ-200),gb,4405709,85,1.4 品牌欄相符（品牌庫有重複，取業績最高）,2026-09-21 14:58:28,GB 綠鐘,品牌欄,gb綠鐘,gb,綠鐘,4405709,gb,,Mother & Baby,auto,2,True
momo,Beauty,5027435,GB 綠鐘,【GB 綠鐘】日本綠鐘不鏽鋼指甲緣去息皮斜口指甲刀(QQ-300),gb,4405709,85,1.4 品牌欄相符（品牌庫有重複，取業績最高）,2026-09-21 14:58:28,GB 綠鐘,品牌欄,gb綠鐘,gb,綠鐘,4405709,gb,,Mother & Baby,auto,2,True
momo,Beauty,5027437,GB 綠鐘,【GB 綠鐘】GREEN BELL日本綠鐘仕女專用指甲刀(曲線刃 PSG-001),gb,4405709,85,1.4 品牌欄相符（品牌庫有重複，取業績最高）,2026-09-21 14:58:28,GB 綠鐘,品牌欄,gb綠鐘,gb,綠鐘,4405709,gb,,Mother & Baby,auto,2,True
momo,Beauty,5027438,GB 綠鐘,【GB 綠鐘】GREEN BELL日本綠鐘指甲息皮去除棒(V型刃.PSG-003),gb,4405709,85,1.4 品牌欄相符（品牌庫有重複，取業績最高）,2026-09-21 14:58:28,GB 綠鐘,品牌欄,gb綠鐘,gb,綠鐘,4405709,gb,,Mother & Baby,auto,2,True
momo,Beauty,5027439,GB 綠鐘,【GB 綠鐘】GREEN BELL日本綠鐘指甲息皮去除棒(U型雙頭.PSG-004),gb,4405709,85,1.4 品牌欄相符（品牌庫有重複，取業績最高）,2026-09-21 14:58:28,GB 綠鐘,品牌欄,gb綠鐘,gb,綠鐘,4405709,gb,,Mother & Baby,auto,2,True
momo,Beauty,5027440,GB 綠鐘,【GB 綠鐘】GREEN BELL日本綠鐘防滑握柄超薄指甲修飾剪(防滑彈力型 PSG-007),gb,4405709,85,1.4 品牌欄相符（品牌庫有重複，取業績最高）,2026-09-21 14:58:28,GB 綠鐘,品牌欄,gb綠鐘,gb,綠鐘,4405709,gb,,Mother & Baby,auto,2,True
momo,Beauty,5027441,GB 綠鐘,【GB 綠鐘】GREEN BELL日本綠鐘不銹鋼平式細口毛拔(PSG-010),gb,4405709,85,1.4 品牌欄相符（品牌庫有重複，取業績最高）,2026-09-21 14:58:28,GB 綠鐘,品牌欄,gb綠鐘,gb,綠鐘,4405709,gb,,Mother & Baby,auto,2,True
momo,Beauty,5027442,GB 綠鐘,【GB 綠鐘】GREEN BELL日本綠鐘不銹鋼平式寬口毛拔(PSG-011),gb,4405709,85,1.4 品牌欄相符（品牌庫有重複，取業績最高）,2026-09-21 14:58:28,GB 綠鐘,品牌欄,gb綠鐘,gb,綠鐘,4405709,gb,,Mother & Baby,auto,2,True
momo,Beauty,5027446,GB 綠鐘,【GB 綠鐘】GREEN BELL日本綠鐘特級止滑彎式毛髮修容剪(PSG-015),gb,4405709,85,1.4 品牌欄相符（品牌庫有重複，取業績最高）,2026-09-21 14:58:28,GB 綠鐘,品牌欄,gb綠鐘,gb,綠鐘,4405709,gb,,Mother & Baby,auto,2,True
momo,Beauty,5027447,GB 綠鐘,【GB 綠鐘】GREEN BELL日本綠鐘特級止滑直刃圓頭毛髮修容剪(PSG-016),gb,4405709,85,1.4 品牌欄相符（品牌庫有重複，取業績最高）,2026-09-21 14:58:28,GB 綠鐘,品牌欄,gb綠鐘,gb,綠鐘,4405709,gb,,Mother & Baby,auto,2,True
momo,Beauty,5027448,GB 綠鐘,【GB 綠鐘】GREEN BELL日本綠鐘不銹鋼美髮剪刀(修髮量100%.PSG-017),gb,4405709,85,1.4 品牌欄相符（品牌庫有重複，取業績最高）,2026-09-21 14:58:28,GB 綠鐘,品牌欄,gb綠鐘,gb,綠鐘,4405709,gb,,Mother & Baby,auto,2,True
momo,Beauty,5027449,GB 綠鐘,【GB 綠鐘】GREEN BELL日本綠鐘不銹鋼厚打薄修剪刀(修髮量40-50%.PSG-018),gb,4405709,85,1.4 品牌欄相符（品牌庫有重複，取業績最高）,2026-09-21 14:58:28,GB 綠鐘,品牌欄,gb綠鐘,gb,綠鐘,4405709,gb,,Mother & Baby,auto,2,True
momo,Beauty,5027451,GB 綠鐘,【GB 綠鐘】日本綠鐘不銹鋼淺打薄修剪刀(修髮量15-20%.PSG-019),gb,4405709,85,1.4 品牌欄相符（品牌庫有重複，取業績最高）,2026-09-21 14:58:28,GB 綠鐘,品牌欄,gb綠鐘,gb,綠鐘,4405709,gb,,Mother & Baby,auto,2,True
momo,Beauty,5027452,GB 綠鐘,【GB 綠鐘】GREEN BELL日本綠鐘不鏽鋼交叉銼紋指甲銼刀(QQ-401),gb,4405709,85,1.4 品牌欄相符（品牌庫有重複，取業績最高）,2026-09-21 14:58:28,GB 綠鐘,品牌欄,gb綠鐘,gb,綠鐘,4405709,gb,,Mother & Baby,auto,2,True
momo,Beauty,5052057,TS6 護一生,【TS6 護一生】淨白植感慕斯180g(私密美白清潔),TS6,1136012,98,1.3 品牌欄完全相符,2026-09-21 14:58:28,TS6 護一生,品牌欄,ts6護一生,ts6,護一生,1136012,ts6,,Beauty,auto,3,True
momo,Beauty,5138422,GB 綠鐘,【GB 綠鐘】日本綠鐘匠之技鍛造不鏽鋼鬢角鬍鬍修容剪(鋸齒刃.金.G-2109),gb,4405709,85,1.4 品牌欄相符（品牌庫有重複，取業績最高）,2026-09-21 14:58:28,GB 綠鐘,品牌欄,gb綠鐘,gb,綠鐘,4405709,gb,,Mother & Baby,auto,2,True
momo,Beauty,5143043,GB 綠鐘,【GB 綠鐘】GREEN BELL日本綠鐘可折式捲翹眼睫毛夾(EC-45),gb,4405709,85,1.4 品牌欄相符（品牌庫有重複，取業績最高）,2026-09-21 14:58:28,GB 綠鐘,品牌欄,gb綠鐘,gb,綠鐘,4405709,gb,,Mother & Baby,auto,2,True
momo,Beauty,5143044,GB 綠鐘,【GB 綠鐘】GREEN BELL日本綠鐘捲翹局部加強眼睫毛夾(捲翹局部加強型 EC-40),gb,4405709,85,1.4 品牌欄相符（品牌庫有重複，取業績最高）,2026-09-21 14:58:28,GB 綠鐘,品牌欄,gb綠鐘,gb,綠鐘,4405709,gb,,Mother & Baby,auto,2,True
momo,Beauty,5183724,GB 綠鐘,【GB 綠鐘】GREEN BELL日本綠鐘美髮按摩機能洗頭梳(GT-500),gb,4405709,85,1.4 品牌欄相符（品牌庫有重複，取業績最高）,2026-09-21 14:58:28,GB 綠鐘,品牌欄,gb綠鐘,gb,綠鐘,4405709,gb,,Mother & Baby,auto,2,True
momo,Beauty,5183725,GB 綠鐘,【GB 綠鐘】GREEN BELL日本綠鐘美髮按摩機能洗頭梳(SE-026),gb,4405709,85,1.4 品牌欄相符（品牌庫有重複，取業績最高）,2026-09-21 14:58:28,GB 綠鐘,品牌欄,gb綠鐘,gb,綠鐘,4405709,gb,,Mother & Baby,auto,2,True
momo,Beauty,5225313,GB 綠鐘,【GB 綠鐘】GREEN BELL日本綠鐘不銹鋼專利安全指甲刀(SS-101),gb,4405709,85,1.4 品牌欄相符（品牌庫有重複，取業績最高）,2026-09-21 14:58:28,GB 綠鐘,品牌欄,gb綠鐘,gb,綠鐘,4405709,gb,,Mother & Baby,auto,2,True
momo,Beauty,5231665,GB 綠鐘,【GB 綠鐘】GREEN BELL日本綠鐘鍛造不銹鋼附把手安全指甲刀(SS-102),gb,4405709,85,1.4 品牌欄相符（品牌庫有重複，取業績最高）,2026-09-21 14:58:28,GB 綠鐘,品牌欄,gb綠鐘,gb,綠鐘,4405709,gb,,Mother & Baby,auto,2,True
momo,Beauty,5231667,GB 綠鐘,【GB 綠鐘】GREEN BELL日本綠鐘不銹鋼安全指甲刀(SS-103),gb,4405709,85,1.4 品牌欄相符（品牌庫有重複，取業績最高）,2026-09-21 14:58:28,GB 綠鐘,品牌欄,gb綠鐘,gb,綠鐘,4405709,gb,,Mother & Baby,auto,2,True
momo,Beauty,5231668,GB 綠鐘,【GB 綠鐘】GREEN BELL日本綠鐘附放大鏡不銹鋼安全指甲刀(SS-105),gb,4405709,85,1.4 品牌欄相符（品牌庫有重複，取業績最高）,2026-09-21 14:58:28,GB 綠鐘,品牌欄,gb綠鐘,gb,綠鐘,4405709,gb,,Mother & Baby,auto,2,True
momo,Beauty,5231670,GB 綠鐘,【GB 綠鐘】GREEN BELL日本綠鐘鍛造不銹鋼彈力指甲修飾剪(SS-201),gb,4405709,85,1.4 品牌欄相符（品牌庫有重複，取業績最高）,2026-09-21 14:58:28,GB 綠鐘,品牌欄,gb綠鐘,gb,綠鐘,4405709,gb,,Mother & Baby,auto,2,True
momo,Beauty,5231671,GB 綠鐘,【GB 綠鐘】GREEN BELL日本綠鐘不銹鋼附套美顏修容剪(SS-300),gb,4405709,85,1.4 品牌欄相符（品牌庫有重複，取業績最高）,2026-09-21 14:58:28,GB 綠鐘,品牌欄,gb綠鐘,gb,綠鐘,4405709,gb,,Mother & Baby,auto,2,True
momo,Beauty,5231673,GB 綠鐘,【GB 綠鐘】GREEN BELL日本綠鐘雙頭兩用指甲搓磨棒(SS-402),gb,4405709,85,1.4 品牌欄相符（品牌庫有重複，取業績最高）,2026-09-21 14:58:28,GB 綠鐘,品牌欄,gb綠鐘,gb,綠鐘,4405709,gb,,Mother & Baby,auto,2,True
momo,Beauty,5241847,GB 綠鐘,【GB 綠鐘】GREEN BELL日本綠鐘不鏽鋼安全指甲刀S(SE-001),gb,4405709,85,1.4 品牌欄相符（品牌庫有重複，取業績最高）,2026-09-21 14:58:28,GB 綠鐘,品牌欄,gb綠鐘,gb,綠鐘,4405709,gb,,Mother & Baby,auto,2,True
momo,Beauty,5241849,GB 綠鐘,【GB 綠鐘】日本GB綠鐘SE不鏽鋼安全指甲刀(SE-002),gb,4405709,85,1.4 品牌欄相符（品牌庫有重複，取業績最高）,2026-09-21 14:58:28,GB 綠鐘,品牌欄,gb綠鐘,gb,綠鐘,4405709,gb,,Mother & Baby,auto,2,True
momo,Beauty,5241856,GB 綠鐘,【GB 綠鐘】GREEN BELL日本綠鐘止滑斜寬口毛拔(SE-010),gb,4405709,85,1.4 品牌欄相符（品牌庫有重複，取業績最高）,2026-09-21 14:58:28,GB 綠鐘,品牌欄,gb綠鐘,gb,綠鐘,4405709,gb,,Mother & Baby,auto,2,True
momo,Beauty,5255934,GB 綠鐘,【GB 綠鐘】GREEN BELL日本綠鐘不銹鋼指甲剪&銼刀兩支組(NO-310),gb,4405709,85,1.4 品牌欄相符（品牌庫有重複，取業績最高）,2026-09-21 14:58:28,GB 綠鐘,品牌欄,gb綠鐘,gb,綠鐘,4405709,gb,,Mother & Baby,auto,2,True
momo,Beauty,5255935,GB 綠鐘,【GB 綠鐘】GREEN BELL日本綠鐘不銹鋼多用途安全剪(NO-59),gb,4405709,85,1.4 品牌欄相符（品牌庫有重複，取業績最高）,2026-09-21 14:58:28,GB 綠鐘,品牌欄,gb綠鐘,gb,綠鐘,4405709,gb,,Mother & Baby,auto,2,True
momo,Beauty,5255937,GB 綠鐘,【GB 綠鐘】GREEN BELL日本綠鐘不銹鋼多用途直式安全聶子夾(NO-540),gb,4405709,85,1.4 品牌欄相符（品牌庫有重複，取業績最高）,2026-09-21 14:58:28,GB 綠鐘,品牌欄,gb綠鐘,gb,綠鐘,4405709,gb,,Mother & Baby,auto,2,True
momo,Beauty,5255939,GB 綠鐘,【GB 綠鐘】GREEN BELL日本綠鐘不銹鋼寬細口毛拔兩支組(D-13),gb,4405709,85,1.4 品牌欄相符（品牌庫有重複，取業績最高）,2026-09-21 14:58:28,GB 綠鐘,品牌欄,gb綠鐘,gb,綠鐘,4405709,gb,,Mother & Baby,auto,2,True
momo,Beauty,5255940,GB 綠鐘,【GB 綠鐘】GREEN BELL日本綠鐘竹製耳扒兩支組(D-23),gb,4405709,85,1.4 品牌欄相符（品牌庫有重複，取業績最高）,2026-09-21 14:58:28,GB 綠鐘,品牌欄,gb綠鐘,gb,綠鐘,4405709,gb,,Mother & Baby,auto,2,True
momo,Beauty,5279033,GB 綠鐘,【GB 綠鐘】GREEN BELL日本綠鐘不銹鋼安全指甲剪(DN-344),gb,4405709,85,1.4 品牌欄相符（品牌庫有重複，取業績最高）,2026-09-21 14:58:28,GB 綠鐘,品牌欄,gb綠鐘,gb,綠鐘,4405709,gb,,Mother & Baby,auto,2,True
momo,Beauty,5279034,GB 綠鐘,【GB 綠鐘】日本綠鐘不銹鋼安全指甲剪(DN-345),gb,4405709,85,1.4 品牌欄相符（品牌庫有重複，取業績最高）,2026-09-21 14:58:28,GB 綠鐘,品牌欄,gb綠鐘,gb,綠鐘,4405709,gb,,Mother & Baby,auto,2,True
momo,Beauty,5279035,GB 綠鐘,【GB 綠鐘】GREEN BELL日本綠鐘可折式20R全弧睫毛夾(MI-200),gb,4405709,85,1.4 品牌欄相符（品牌庫有重複，取業績最高）,2026-09-21 14:58:28,GB 綠鐘,品牌欄,gb綠鐘,gb,綠鐘,4405709,gb,,Mother & Baby,auto,2,True
momo,Beauty,5437924,GB 綠鐘,【GB 綠鐘】GREEN BELL日本綠鐘附矽膠刷雙頭耳扒(G-2167),gb,4405709,85,1.4 品牌欄相符（品牌庫有重複，取業績最高）,2026-09-21 14:58:28,GB 綠鐘,品牌欄,gb綠鐘,gb,綠鐘,4405709,gb,,Mother & Baby,auto,2,True
momo,Beauty,5707693,GB 綠鐘,【GB 綠鐘】GREEN BELL日本綠鐘嬰幼兒專用附套攜帶型安全指甲剪(BA-104),gb,4405709,85,1.4 品牌欄相符（品牌庫有重複，取業績最高）,2026-09-21 14:58:28,GB 綠鐘,品牌欄,gb綠鐘,gb,綠鐘,4405709,gb,,Mother & Baby,auto,2,True
momo,Beauty,5707694,GB 綠鐘,【GB 綠鐘】GREEN BELL日本綠鐘嬰幼兒專用安全髮梳(BA-107),gb,4405709,85,1.4 品牌欄相符（品牌庫有重複，取業績最高）,2026-09-21 14:58:28,GB 綠鐘,品牌欄,gb綠鐘,gb,綠鐘,4405709,gb,,Mother & Baby,auto,2,True
momo,Beauty,5707706,GB 綠鐘,【GB 綠鐘】GREEN BELL日本綠鐘嬰幼兒專用指甲緣挫磨棒(BA-106),gb,4405709,85,1.4 品牌欄相符（品牌庫有重複，取業績最高）,2026-09-21 14:58:28,GB 綠鐘,品牌欄,gb綠鐘,gb,綠鐘,4405709,gb,,Mother & Baby,auto,2,True
momo,Beauty,5783974,GB 綠鐘,【GB 綠鐘】GREEN BELL日本綠鐘匠之技銼刀&鍛造鋼指甲刀之禮盒組(G-3110),gb,4405709,85,1.4 品牌欄相符（品牌庫有重複，取業績最高）,2026-09-21 14:58:28,GB 綠鐘,品牌欄,gb綠鐘,gb,綠鐘,4405709,gb,,Mother & Baby,auto,2,True
momo,Beauty,5783975,GB 綠鐘,【GB 綠鐘】GREEN BELL日本綠鐘匠之技銼刀&鍛造鋼指甲刀&腳皮刮除器之禮盒組(G-3111),gb,4405709,85,1.4 品牌欄相符（品牌庫有重複，取業績最高）,2026-09-21 14:58:28,GB 綠鐘,品牌欄,gb綠鐘,gb,綠鐘,4405709,gb,,Mother & Baby,auto,2,True
momo,Beauty,5783979,GB 綠鐘,【GB 綠鐘】GREEN BELL日本綠鐘ABS全360度旋轉耳拔(藍.G-334),gb,4405709,85,1.4 品牌欄相符（品牌庫有重複，取業績最高）,2026-09-21 14:58:28,GB 綠鐘,品牌欄,gb綠鐘,gb,綠鐘,4405709,gb,,Mother & Baby,auto,2,True
momo,Beauty,5784015,GB 綠鐘,【GB 綠鐘】GREEN BELL日本綠鐘匠之技指甲剪&弧形銼刀修甲禮盒組(G-3120),gb,4405709,85,1.4 品牌欄相符（品牌庫有重複，取業績最高）,2026-09-21 14:58:28,GB 綠鐘,品牌欄,gb綠鐘,gb,綠鐘,4405709,gb,,Mother & Baby,auto,2,True
momo,Beauty,5784017,GB 綠鐘,【GB 綠鐘】GREEN BELL日本綠鐘ABS全360度旋轉耳拔(粉.G-331),gb,4405709,85,1.4 品牌欄相符（品牌庫有重複，取業績最高）,2026-09-21 14:58:28,GB 綠鐘,品牌欄,gb綠鐘,gb,綠鐘,4405709,gb,,Mother & Baby,auto,2,True
momo,Beauty,5784018,GB 綠鐘,【GB 綠鐘】GREEN BELL日本綠鐘ABS全360度旋轉耳拔(綠.G-333),gb,4405709,85,1.4 品牌欄相符（品牌庫有重複，取業績最高）,2026-09-21 14:58:28,GB 綠鐘,品牌欄,gb綠鐘,gb,綠鐘,4405709,gb,,Mother & Baby,auto,2,True
momo,Beauty,5784019,GB 綠鐘,【GB 綠鐘】GREEN BELL日本綠鐘匠之技鍛造不銹鋼理髮剪刀(修髮量100%.G-5001),gb,4405709,85,1.4 品牌欄相符（品牌庫有重複，取業績最高）,2026-09-21 14:58:28,GB 綠鐘,品牌欄,gb綠鐘,gb,綠鐘,4405709,gb,,Mother & Baby,auto,2,True
momo,Beauty,5800605,GB 綠鐘,【GB 綠鐘】GREEN BELL日本綠鐘匠之技鍛造鋼修容9件組旅行隨身包(G-3109),gb,4405709,85,1.4 品牌欄相符（品牌庫有重複，取業績最高）,2026-09-21 14:58:28,GB 綠鐘,品牌欄,gb綠鐘,gb,綠鐘,4405709,gb,,Mother & Baby,auto,2,True
momo,Beauty,5800650,GB 綠鐘,【GB 綠鐘】GREEN BELL日本綠鐘匠之技男士專用眉毛旅行修容組(G-2114),gb,4405709,85,1.4 品牌欄相符（品牌庫有重複，取業績最高）,2026-09-21 14:58:28,GB 綠鐘,品牌欄,gb綠鐘,gb,綠鐘,4405709,gb,,Mother & Baby,auto,2,True
momo,Beauty,5800652,GB 綠鐘,【GB 綠鐘】GREEN BELL日本綠鐘匠之技鼻毛剪&毛拔隨身修容組(G-2116),gb,4405709,85,1.4 品牌欄相符（品牌庫有重複，取業績最高）,2026-09-21 14:58:28,GB 綠鐘,品牌欄,gb綠鐘,gb,綠鐘,4405709,gb,,Mother & Baby,auto,2,True
momo,Beauty,5800653,GB 綠鐘,【GB 綠鐘】GREEN BELL日本綠鐘匠之技鍛造鋼修容4件組旅行隨身包(G-3105),gb,4405709,85,1.4 品牌欄相符（品牌庫有重複，取業績最高）,2026-09-21 14:58:28,GB 綠鐘,品牌欄,gb綠鐘,gb,綠鐘,4405709,gb,,Mother & Baby,auto,2,True
momo,Beauty,5800655,GB 綠鐘,【GB 綠鐘】GREEN BELL日本綠鐘匠之技鍛造鋼修容9件組旅行隨身包(G-3108),gb,4405709,85,1.4 品牌欄相符（品牌庫有重複，取業績最高）,2026-09-21 14:58:28,GB 綠鐘,品牌欄,gb綠鐘,gb,綠鐘,4405709,gb,,Mother & Baby,auto,2,True
momo,Beauty,5877085,TS6 護一生,【TS6 護一生】緊彈水嫩凝膠40gx2+粉嫩淡色凝膠30gx2贈潔淨慕斯加護型100g(私密清潔保養),TS6,1136012,98,1.3 品牌欄完全相符,2026-09-21 14:58:28,TS6 護一生,品牌欄,ts6護一生,ts6,護一生,1136012,ts6,,Beauty,auto,3,True
momo,Beauty,5877368,TS6 護一生,【TS6 護一生】微醺蜜桃酥潤滑液80gX2+贈香菜上癮酥潤滑液40g (酥酥派對新品限量上架) 親密私密,TS6,1136012,98,1.3 品牌欄完全相符,2026-09-21 14:58:28,TS6 護一生,品牌欄,ts6護一生,ts6,護一生,1136012,ts6,,Beauty,auto,3,True
momo,Beauty,6031991,TS6 護一生,【TS6 護一生】私密緊緻蜜桃組(蜜桃煥白凝膠45g+緊彈水嫩凝膠40g),TS6,1136012,98,1.3 品牌欄完全相符,2026-09-21 14:58:28,TS6 護一生,品牌欄,ts6護一生,ts6,護一生,1136012,ts6,,Beauty,auto,3,True
momo,Beauty,6117368,Ido 船井醫朵,【Ido 船井醫朵】AC-11肌活修復精露120mlx3瓶組(曬後保養/保濕修護),Ido 醫朵,1122486,93,1.4 品牌欄相符（品牌庫有重複，取業績最高）,2026-09-21 14:58:28,Ido 船井醫朵,品牌欄,ido船井醫朵,ido,船井醫朵,1122486,ido,醫朵,Beauty,auto,3,True
momo,Beauty,6135154,HH 草本新淨界,【HH 草本新淨界】寶貝燕麥敏弱全護面霜40g(臉部面霜 滋潤保濕 寶寶專用),H&H,1120001,85,1.4 品牌欄相符（品牌庫有重複，取業績最高）,2026-09-21 14:58:28,HH 草本新淨界,品牌欄,hh草本新淨界,hh,草本新淨界,1120001,hh,,Home & Living,auto,2,True
momo,Beauty,6159175,Ido 船井醫朵,【Ido 船井醫朵】AC-11極緻抗皺賦活霜EX50g_三瓶組(緊緻面霜/六胜肽/小分子玻尿酸),Ido 醫朵,1122486,93,1.4 品牌欄相符（品牌庫有重複，取業績最高）,2026-09-21 14:58:28,Ido 船井醫朵,品牌欄,ido船井醫朵,ido,船井醫朵,1122486,ido,醫朵,Beauty,auto,3,True
momo,Beauty,6159177,Ido 船井醫朵,【Ido 船井醫朵】AC-11極緻抗皺賦活霜EX50g_六瓶組(緊緻面霜/六胜肽/小分子玻尿酸),Ido 醫朵,1122486,93,1.4 品牌欄相符（品牌庫有重複，取業績最高）,2026-09-21 14:58:28,Ido 船井醫朵,品牌欄,ido船井醫朵,ido,船井醫朵,1122486,ido,醫朵,Beauty,auto,3,True
momo,Beauty,6339712,Ido 船井醫朵,【Ido 船井醫朵】AC-11肌活修復精露六瓶團購組(曬後保養/保濕修護/精華),Ido 醫朵,1122486,93,1.4 品牌欄相符（品牌庫有重複，取業績最高）,2026-09-21 14:58:28,Ido 船井醫朵,品牌欄,ido船井醫朵,ido,船井醫朵,1122486,ido,醫朵,Beauty,auto,3,True
momo,Beauty,6364429,TS6 護一生,【TS6 護一生】微醺蜜桃酥潤滑液80g (酥酥派對新品限量上架) 私密 親密,TS6,1136012,98,1.3 品牌欄完全相符,2026-09-21 14:58:28,TS6 護一生,品牌欄,ts6護一生,ts6,護一生,1136012,ts6,,Beauty,auto,3,True
momo,Beauty,6408890,Ido 船井醫朵,【Ido 船井醫朵】AC-11肌活修復精露120ml(曬後保養/保濕修護),Ido 醫朵,1122486,93,1.4 品牌欄相符（品牌庫有重複，取業績最高）,2026-09-21 14:58:28,Ido 船井醫朵,品牌欄,ido船井醫朵,ido,船井醫朵,1122486,ido,醫朵,Beauty,auto,3,True
momo,Beauty,6434698,TS6 護一生,【TS6 護一生】蜜桃煥白凝膠-私密美白保養(45g),TS6,1136012,98,1.3 品牌欄完全相符,2026-09-21 14:58:28,TS6 護一生,品牌欄,ts6護一生,ts6,護一生,1136012,ts6,,Beauty,auto,3,True
momo,Beauty,6434712,TS6 護一生,【TS6 護一生】蜜桃煥白凝膠-私密美白保養(45gx3入),TS6,1136012,98,1.3 品牌欄完全相符,2026-09-21 14:58:28,TS6 護一生,品牌欄,ts6護一生,ts6,護一生,1136012,ts6,,Beauty,auto,3,True
momo,Beauty,6543439,JS 婕洛妮絲,【JS 婕洛妮絲】海藻胺基酸保濕洗面乳100ml（清潔保濕）,JS,5712923,79,1.4 品牌欄相符（品牌庫有重複，取業績最高）,2026-09-21 14:58:28,JS 婕洛妮絲,品牌欄,js婕洛妮絲,js,婕洛妮絲,5712923,js,,Home & Living,,2,True
momo,Beauty,6598694,TS6 護一生,【TS6 護一生】私密柔媚澄雪慕斯(280g),TS6,1136012,98,1.3 品牌欄完全相符,2026-09-21 14:58:28,TS6 護一生,品牌欄,ts6護一生,ts6,護一生,1136012,ts6,,Beauty,auto,3,True
momo,Beauty,6598695,TS6 護一生,【TS6 護一生】私密美白保養-俏媚花妍粉嫩膠(40g),TS6,1136012,98,1.3 品牌欄完全相符,2026-09-21 14:58:28,TS6 護一生,品牌欄,ts6護一生,ts6,護一生,1136012,ts6,,Beauty,auto,3,True
momo,Beauty,6598696,TS6 護一生,【TS6 護一生】百媚玉潤豐彈膠 50g(私密草本緊緻),TS6,1136012,98,1.3 品牌欄完全相符,2026-09-21 14:58:28,TS6 護一生,品牌欄,ts6護一生,ts6,護一生,1136012,ts6,,Beauty,auto,3,True
momo,Beauty,6598756,TS6 護一生,【TS6 護一生】嬌媚凝香玉露 330g(私密草本清潔),TS6,1136012,98,1.3 品牌欄完全相符,2026-09-21 14:58:28,TS6 護一生,品牌欄,ts6護一生,ts6,護一生,1136012,ts6,,Beauty,auto,3,True
momo,Beauty,6601900,NOW 娜奧,【NOW 娜奧】美國有機認證純海棠果保濕油30ml-Now Foods,NOW,2387626,85,1.4 品牌欄相符（品牌庫有重複，取業績最高）,2026-09-21 14:58:28,NOW 娜奧,品牌欄,now娜奧,now,娜奧,2387626,now,,Health,auto,3,True
momo,Beauty,6605490,NOW 娜奧,【NOW 娜奧】維他命E深層保濕油30ml-Now Foods,NOW,2387626,85,1.4 品牌欄相符（品牌庫有重複，取業績最高）,2026-09-21 14:58:28,NOW 娜奧,品牌欄,now娜奧,now,娜奧,2387626,now,,Health,auto,3,True
momo,Beauty,6605491,NOW 娜奧,【NOW 娜奧】鎂浴鹽1531g-Now Foods(浴鎂鹽),NOW,2387626,85,1.4 品牌欄相符（品牌庫有重複，取業績最高）,2026-09-21 14:58:28,NOW 娜奧,品牌欄,now娜奧,now,娜奧,2387626,now,,Health,auto,3,True
momo,Beauty,6606749,NOW 娜奧,【NOW 娜奧】美國有機認證純乳木果油油膏198g-Now Foods,NOW,2387626,85,1.4 品牌欄相符（品牌庫有重複，取業績最高）,2026-09-21 14:58:28,NOW 娜奧,品牌欄,now娜奧,now,娜奧,2387626,now,,Health,auto,3,True
momo,Beauty,6606750,NOW 娜奧,【NOW 娜奧】純椰子油膏207ml-Now Foods,NOW,2387626,85,1.4 品牌欄相符（品牌庫有重複，取業績最高）,2026-09-21 14:58:28,NOW 娜奧,品牌欄,now娜奧,now,娜奧,2387626,now,,Health,auto,3,True
momo,Beauty,6606868,NOW 娜奧,【NOW娜奧】美國有機認證純玫瑰果保濕油30ml-Now Foods,NOW,2387626,85,1.4 品牌欄相符（品牌庫有重複，取業績最高）,2026-09-21 14:58:28,NOW 娜奧,品牌欄,now娜奧,now,娜奧,2387626,now,,Health,auto,3,True
momo,Beauty,6610305,Ido 船井醫朵,【Ido 船井醫朵】買一送一★AC-11肌活修復精露_共240ml(曬後保養/保濕修護/精華),Ido 醫朵,1122486,93,1.4 品牌欄相符（品牌庫有重複，取業績最高）,2026-09-21 14:58:28,Ido 船井醫朵,品牌欄,ido船井醫朵,ido,船井醫朵,1122486,ido,醫朵,Beauty,auto,3,True
momo,Beauty,6628753,NOW 娜奧,【NOW 娜奧】玻璃空瓶罐-滾動滾珠10ml-Now Foods,NOW,2387626,85,1.4 品牌欄相符（品牌庫有重複，取業績最高）,2026-09-21 14:58:28,NOW 娜奧,品牌欄,now娜奧,now,娜奧,2387626,now,,Health,auto,3,True
momo,Beauty,6628756,NOW 娜奧,【NOW娜奧】玻璃空瓶罐-噴霧59ml-Now Foods,NOW,2387626,85,1.4 品牌欄相符（品牌庫有重複，取業績最高）,2026-09-21 14:58:28,NOW 娜奧,品牌欄,now娜奧,now,娜奧,2387626,now,,Health,auto,3,True
momo,Beauty,6673895,HH 草本新淨界,【HH 草本新淨界】私密經期抗菌舒緩噴霧PLUS30ml(私密噴霧 升級涼感 乳酸加倍 私密香水),H&H,1120001,85,1.4 品牌欄相符（品牌庫有重複，取業績最高）,2026-09-21 14:58:28,HH 草本新淨界,品牌欄,hh草本新淨界,hh,草本新淨界,1120001,hh,,Home & Living,auto,2,True
momo,Beauty,6677898,HH 草本新淨界,【HH 草本新淨界】寶貝2合一燕麥敏弱沐浴乳500gX2(寶寶清潔 寶寶沐浴乳 兒童沐浴乳),H&H,1120001,85,1.4 品牌欄相符（品牌庫有重複，取業績最高）,2026-09-21 14:58:28,HH 草本新淨界,品牌欄,hh草本新淨界,hh,草本新淨界,1120001,hh,,Home & Living,auto,2,True
momo,Beauty,6678516,Ido 船井醫朵,【Ido 船井醫朵】AC-11激光瞬白凝霜美白晶球_50ml(曬後保養/保濕修護/亮白),Ido 醫朵,1122486,93,1.4 品牌欄相符（品牌庫有重複，取業績最高）,2026-09-21 14:58:28,Ido 船井醫朵,品牌欄,ido船井醫朵,ido,船井醫朵,1122486,ido,醫朵,Beauty,auto,3,True
momo,Beauty,6678520,Ido 船井醫朵,【Ido 船井醫朵】AC-11激光瞬白凝霜美白晶球三瓶組_共150ml(足量傳明酸/維他命C衍生物),Ido 醫朵,1122486,93,1.4 品牌欄相符（品牌庫有重複，取業績最高）,2026-09-21 14:58:28,Ido 船井醫朵,品牌欄,ido船井醫朵,ido,船井醫朵,1122486,ido,醫朵,Beauty,auto,3,True
momo,Beauty,6678526,Ido 船井醫朵,【Ido 船井醫朵】AC-11激光瞬白凝霜美白晶球50ml_六瓶組(足量傳明酸/維他命C衍生物),Ido 醫朵,1122486,93,1.4 品牌欄相符（品牌庫有重複，取業績最高）,2026-09-21 14:58:28,Ido 船井醫朵,品牌欄,ido船井醫朵,ido,船井醫朵,1122486,ido,醫朵,Beauty,auto,3,True
momo,Beauty,6692927,HH 草本新淨界,【HH草本新淨界】私密玫瑰純露潔淨慕斯+私密衣物抗菌手洗精(180ml+200ml),H&H,1120001,85,1.4 品牌欄相符（品牌庫有重複，取業績最高）,2026-09-21 14:58:28,HH 草本新淨界,品牌欄,hh草本新淨界,hh,草本新淨界,1120001,hh,,Home & Living,auto,2,True
momo,Beauty,6692928,HH 草本新淨界,【HH 草本新淨界】私密玫瑰純露潔淨慕斯/私密潔淨舒緩噴霧(170ml/50ml),H&H,1120001,85,1.4 品牌欄相符（品牌庫有重複，取業績最高）,2026-09-21 14:58:28,HH 草本新淨界,品牌欄,hh草本新淨界,hh,草本新淨界,1120001,hh,,Home & Living,auto,2,True
momo,Beauty,6713765,NOW 娜奧,【NOW 娜奧】美國有機認證純蓖麻保濕油237ml-Now Foods,NOW,2387626,85,1.4 品牌欄相符（品牌庫有重複，取業績最高）,2026-09-21 14:58:28,NOW 娜奧,品牌欄,now娜奧,now,娜奧,2387626,now,,Health,auto,3,True
momo,Beauty,6718892,NOW 娜奧,【NOW 娜奧】純羊毛脂油膏198g-Now Foods,NOW,2387626,85,1.4 品牌欄相符（品牌庫有重複，取業績最高）,2026-09-21 14:58:28,NOW 娜奧,品牌欄,now娜奧,now,娜奧,2387626,now,,Health,auto,3,True
momo,Beauty,6718955,NOW 娜奧,【NOW 娜奧】純乳木果油油膏198g-Now Foods,NOW,2387626,85,1.4 品牌欄相符（品牌庫有重複，取業績最高）,2026-09-21 14:58:28,NOW 娜奧,品牌欄,now娜奧,now,娜奧,2387626,now,,Health,auto,3,True
momo,Beauty,6747132,JS 婕洛妮絲,【JS 婕洛妮絲】抗UV防曬素顏霜30mlx2(SPF25★★★)（防曬提亮）,JS,5712923,79,1.4 品牌欄相符（品牌庫有重複，取業績最高）,2026-09-21 14:58:28,JS 婕洛妮絲,品牌欄,js婕洛妮絲,js,婕洛妮絲,5712923,js,,Home & Living,,2,True
momo,Beauty,7352631,JS 婕洛妮絲,【JS 婕洛妮絲】灰熊厲害瞬白泡泡面膜150ml（淨膚調理）,JS,5712923,79,1.4 品牌欄相符（品牌庫有重複，取業績最高）,2026-09-21 14:58:28,JS 婕洛妮絲,品牌欄,js婕洛妮絲,js,婕洛妮絲,5712923,js,,Home & Living,,2,True
momo,Beauty,7352632,JS 婕洛妮絲,【JS 婕洛妮絲】黃金蠟菊修護精華乳60ml（修護抗老）,JS,5712923,79,1.4 品牌欄相符（品牌庫有重複，取業績最高）,2026-09-21 14:58:28,JS 婕洛妮絲,品牌欄,js婕洛妮絲,js,婕洛妮絲,5712923,js,,Home & Living,,2,True
momo,Beauty,7384124,KIN 卡碧絲,【KIN 卡碧絲】KIN頂級二代洗護系列 900ML /3入組,KIN,1132039,98,1.3 品牌欄完全相符,2026-09-21 14:58:28,KIN 卡碧絲,品牌欄,kin卡碧絲,kin,卡碧絲,1132039,kin,,Beauty,auto,3,True
momo,Beauty,7496398,JS 婕洛妮絲,【JS 婕洛妮絲】灰熊厲害瞬白泡泡面膜150mlx2（淨膚調理）,JS,5712923,79,1.4 品牌欄相符（品牌庫有重複，取業績最高）,2026-09-21 14:58:28,JS 婕洛妮絲,品牌欄,js婕洛妮絲,js,婕洛妮絲,5712923,js,,Home & Living,,2,True
momo,Beauty,7571133,JS 婕洛妮絲,【JS 婕洛妮絲】藜麥抗痘全能精華30ml（抗痘保濕）,JS,5712923,79,1.4 品牌欄相符（品牌庫有重複，取業績最高）,2026-09-21 14:58:28,JS 婕洛妮絲,品牌欄,js婕洛妮絲,js,婕洛妮絲,5712923,js,,Home & Living,,2,True
momo,Beauty,7576218,JS 婕洛妮絲,【JS 婕洛妮絲】黃金蠟菊精華化妝水120ml（潤白緊緻）,JS,5712923,79,1.4 品牌欄相符（品牌庫有重複，取業績最高）,2026-09-21 14:58:28,JS 婕洛妮絲,品牌欄,js婕洛妮絲,js,婕洛妮絲,5712923,js,,Home & Living,,2,True
momo,Beauty,7867452,TS6 護一生,【TS6 護一生】私密清潔沁涼舒緩噴霧(40g),TS6,1136012,98,1.3 品牌欄完全相符,2026-09-21 14:58:28,TS6 護一生,品牌欄,ts6護一生,ts6,護一生,1136012,ts6,,Beauty,auto,3,True
momo,Beauty,7923308,GB 綠鐘,【GB 綠鐘】GREEN BELL日本綠鐘不銹鋼螺旋式耳扒附刷兩支組(D-28),gb,4405709,85,1.4 品牌欄相符（品牌庫有重複，取業績最高）,2026-09-21 14:58:28,GB 綠鐘,品牌欄,gb綠鐘,gb,綠鐘,4405709,gb,,Mother & Baby,auto,2,True
momo,Beauty,7923309,GB 綠鐘,【GB 綠鐘】GREEN BELL日本綠鐘不銹鋼附蓋耳扒組(D-29),gb,4405709,85,1.4 品牌欄相符（品牌庫有重複，取業績最高）,2026-09-21 14:58:28,GB 綠鐘,品牌欄,gb綠鐘,gb,綠鐘,4405709,gb,,Mother & Baby,auto,2,True
momo,Beauty,7923310,GB 綠鐘,【GB 綠鐘】GREEN BELL日本綠鐘深弧柔力睫毛夾EC-80替換墊片(EC-20),gb,4405709,85,1.4 品牌欄相符（品牌庫有重複，取業績最高）,2026-09-21 14:58:28,GB 綠鐘,品牌欄,gb綠鐘,gb,綠鐘,4405709,gb,,Mother & Baby,auto,2,True
momo,Beauty,7923312,GB 綠鐘,【GB 綠鐘】GREEN BELL日本綠鐘匠之技鍛造不銹鋼硬指甲剪附銼刀組(G-1027),gb,4405709,85,1.4 品牌欄相符（品牌庫有重複，取業績最高）,2026-09-21 14:58:28,GB 綠鐘,品牌欄,gb綠鐘,gb,綠鐘,4405709,gb,,Mother & Baby,auto,2,True
momo,Beauty,7923314,GB 綠鐘,【GB 綠鐘】GREEN BELL日本綠鐘匠之技鍛造不銹鋼硬厚指甲鉗專用防屑彈蓋(G-1034),gb,4405709,85,1.4 品牌欄相符（品牌庫有重複，取業績最高）,2026-09-21 14:58:28,GB 綠鐘,品牌欄,gb綠鐘,gb,綠鐘,4405709,gb,,Mother & Baby,auto,2,True
momo,Beauty,7923315,GB 綠鐘,【GB 綠鐘】GREEN BELL日本綠鐘匠之技鍛造不銹鋼防滑指甲面銼刀(G-1037),gb,4405709,85,1.4 品牌欄相符（品牌庫有重複，取業績最高）,2026-09-21 14:58:28,GB 綠鐘,品牌欄,gb綠鐘,gb,綠鐘,4405709,gb,,Mother & Baby,auto,2,True
momo,Beauty,7923316,GB 綠鐘,【GB 綠鐘】GREEN BELL日本綠鐘匠之技專利鍛造不銹鋼弧型銼刀(G-1011),gb,4405709,85,1.4 品牌欄相符（品牌庫有重複，取業績最高）,2026-09-21 14:58:28,GB 綠鐘,品牌欄,gb綠鐘,gb,綠鐘,4405709,gb,,Mother & Baby,auto,2,True
momo,Beauty,7923319,GB 綠鐘,【GB 綠鐘】日本綠鐘匠之技鍛造不鏽鋼金色斜口毛拔(G-2142),gb,4405709,85,1.4 品牌欄相符（品牌庫有重複，取業績最高）,2026-09-21 14:58:28,GB 綠鐘,品牌欄,gb綠鐘,gb,綠鐘,4405709,gb,,Mother & Baby,auto,2,True
momo,Beauty,7923320,GB 綠鐘,【GB 綠鐘】GREEN BELL日本綠鐘匠之技鍛造不鏽鋼銀色斜口毛拔(G-2151),gb,4405709,85,1.4 品牌欄相符（品牌庫有重複，取業績最高）,2026-09-21 14:58:28,GB 綠鐘,品牌欄,gb綠鐘,gb,綠鐘,4405709,gb,,Mother & Baby,auto,2,True
momo,Beauty,7923321,GB 綠鐘,【GB 綠鐘】GREEN BELL日本綠鐘匠之技鍛造不鏽鋼銀色尖口毛拔(G-2152),gb,4405709,85,1.4 品牌欄相符（品牌庫有重複，取業績最高）,2026-09-21 14:58:28,GB 綠鐘,品牌欄,gb綠鐘,gb,綠鐘,4405709,gb,,Mother & Baby,auto,2,True
momo,Beauty,7923322,GB 綠鐘,【GB 綠鐘】GREEN BELL日本綠鐘匠之技高級煤竹製耳拔二支組(G-2153),gb,4405709,85,1.4 品牌欄相符（品牌庫有重複，取業績最高）,2026-09-21 14:58:28,GB 綠鐘,品牌欄,gb綠鐘,gb,綠鐘,4405709,gb,,Mother & Baby,auto,2,True
momo,Beauty,7923323,GB 綠鐘,【GB 綠鐘】GREEN BELL日本綠鐘匠之技附收納袋高級煤竹製耳拔(G-2154),gb,4405709,85,1.4 品牌欄相符（品牌庫有重複，取業績最高）,2026-09-21 14:58:28,GB 綠鐘,品牌欄,gb綠鐘,gb,綠鐘,4405709,gb,,Mother & Baby,auto,2,True
momo,Beauty,7923324,GB 綠鐘,【GB 綠鐘】GREEN BELL日本綠鐘匠之技附綿頭高級煤竹製耳拔(G-2155),gb,4405709,85,1.4 品牌欄相符（品牌庫有重複，取業績最高）,2026-09-21 14:58:28,GB 綠鐘,品牌欄,gb綠鐘,gb,綠鐘,4405709,gb,,Mother & Baby,auto,2,True
momo,Beauty,7923325,GB 綠鐘,【GB 綠鐘】GREEN BELL日本綠鐘匠之技附收納袋高級黃楊木製耳拔(G-2156),gb,4405709,85,1.4 品牌欄相符（品牌庫有重複，取業績最高）,2026-09-21 14:58:28,GB 綠鐘,品牌欄,gb綠鐘,gb,綠鐘,4405709,gb,,Mother & Baby,auto,2,True
momo,Beauty,7923326,GB 綠鐘,【GB 綠鐘】GREEN BELL日本綠鐘匠之技鍛造不鏽鋼360度旋轉兩用耳拔(銀色 G-2158),gb,4405709,85,1.4 品牌欄相符（品牌庫有重複，取業績最高）,2026-09-21 14:58:28,GB 綠鐘,品牌欄,gb綠鐘,gb,綠鐘,4405709,gb,,Mother & Baby,auto,2,True
momo,Beauty,7923327,GB 綠鐘,【GB 綠鐘】GREEN BELL日本綠鐘匠之技鍛造不鏽鋼全360度旋轉兩用耳拔(金色 G-2159),gb,4405709,85,1.4 品牌欄相符（品牌庫有重複，取業績最高）,2026-09-21 14:58:28,GB 綠鐘,品牌欄,gb綠鐘,gb,綠鐘,4405709,gb,,Mother & Baby,auto,2,True
momo,Beauty,7923328,GB 綠鐘,【GB 綠鐘】GREEN BELL日本綠鐘匠之技鍛造不銹鋼尖口毛拔(G-2162),gb,4405709,85,1.4 品牌欄相符（品牌庫有重複，取業績最高）,2026-09-21 14:58:28,GB 綠鐘,品牌欄,gb綠鐘,gb,綠鐘,4405709,gb,,Mother & Baby,auto,2,True
momo,Beauty,7923330,GB 綠鐘,【GB 綠鐘】GREEN BELL日本綠鐘匠之技附套隨身型耳扒(G-2164),gb,4405709,85,1.4 品牌欄相符（品牌庫有重複，取業績最高）,2026-09-21 14:58:28,GB 綠鐘,品牌欄,gb綠鐘,gb,綠鐘,4405709,gb,,Mother & Baby,auto,2,True
momo,Beauty,7923331,GB 綠鐘,【GB 綠鐘】GREEN BELL日本綠鐘附膠頭刷全360度旋轉耳扒(黑色 G-2169),gb,4405709,85,1.4 品牌欄相符（品牌庫有重複，取業績最高）,2026-09-21 14:58:28,GB 綠鐘,品牌欄,gb綠鐘,gb,綠鐘,4405709,gb,,Mother & Baby,auto,2,True
momo,Beauty,7923332,GB 綠鐘,【GB 綠鐘】GREEN BELL日本綠鐘匠之技設計達人級除青春痘棒(黑色 G-2170),gb,4405709,85,1.4 品牌欄相符（品牌庫有重複，取業績最高）,2026-09-21 14:58:28,GB 綠鐘,品牌欄,gb綠鐘,gb,綠鐘,4405709,gb,,Mother & Baby,auto,2,True
momo,Beauty,7923333,GB 綠鐘,【GB 綠鐘】GREEN BELL日本綠鐘附膠頭刷全360度旋轉耳扒(粉.G-2190),gb,4405709,85,1.4 品牌欄相符（品牌庫有重複，取業績最高）,2026-09-21 14:58:28,GB 綠鐘,品牌欄,gb綠鐘,gb,綠鐘,4405709,gb,,Mother & Baby,auto,2,True
momo,Beauty,7923334,GB 綠鐘,【GB 綠鐘】GREEN BELL日本綠鐘附膠頭刷全360度旋轉耳扒(紫.G-2191),gb,4405709,85,1.4 品牌欄相符（品牌庫有重複，取業績最高）,2026-09-21 14:58:28,GB 綠鐘,品牌欄,gb綠鐘,gb,綠鐘,4405709,gb,,Mother & Baby,auto,2,True
momo,Beauty,7923335,GB 綠鐘,【GB 綠鐘】GREEN BELL日本綠鐘附膠頭刷全360度旋轉耳扒(藍.G-2192),gb,4405709,85,1.4 品牌欄相符（品牌庫有重複，取業績最高）,2026-09-21 14:58:28,GB 綠鐘,品牌欄,gb綠鐘,gb,綠鐘,4405709,gb,,Mother & Baby,auto,2,True
momo,Beauty,7923336,GB 綠鐘,【GB 綠鐘】GREEN BELL日本綠鐘Mimi專利附膠頭刷全360度旋轉耳扒(G-2193),gb,4405709,85,1.4 品牌欄相符（品牌庫有重複，取業績最高）,2026-09-21 14:58:28,GB 綠鐘,品牌欄,gb綠鐘,gb,綠鐘,4405709,gb,,Mother & Baby,auto,2,True
momo,Beauty,7923337,GB 綠鐘,【GB 綠鐘】GREEN BELL日本綠鐘雙頭旋轉耳扒(G-2194),gb,4405709,85,1.4 品牌欄相符（品牌庫有重複，取業績最高）,2026-09-21 14:58:28,GB 綠鐘,品牌欄,gb綠鐘,gb,綠鐘,4405709,gb,,Mother & Baby,auto,2,True
momo,Beauty,7923338,GB 綠鐘,【GB 綠鐘】GREEN BELL日本綠鐘匠之技特級燻煤竹製耳拔(G-2195),gb,4405709,85,1.4 品牌欄相符（品牌庫有重複，取業績最高）,2026-09-21 14:58:28,GB 綠鐘,品牌欄,gb綠鐘,gb,綠鐘,4405709,gb,,Mother & Baby,auto,2,True
momo,Beauty,7923339,GB 綠鐘,【GB 綠鐘】GREEN BELL日本綠鐘匠之技特級鈦金屬製耳拔(G-2196),gb,4405709,85,1.4 品牌欄相符（品牌庫有重複，取業績最高）,2026-09-21 14:58:28,GB 綠鐘,品牌欄,gb綠鐘,gb,綠鐘,4405709,gb,,Mother & Baby,auto,2,True
momo,Beauty,7923506,GB 綠鐘,【GB 綠鐘】GREEN BELL日本綠鐘嬰幼兒專用可調型多段式寬細削髮刀(BA-112),gb,4405709,85,1.4 品牌欄相符（品牌庫有重複，取業績最高）,2026-09-21 14:58:28,GB 綠鐘,品牌欄,gb綠鐘,gb,綠鐘,4405709,gb,,Mother & Baby,auto,2,True
momo,Beauty,8103916,JS 婕洛妮絲,【JS 婕洛妮絲】抗UV防曬素顏霜PRO 30ml(SPF50★★★★)（防曬提亮）,JS,5712923,79,1.4 品牌欄相符（品牌庫有重複，取業績最高）,2026-09-21 14:58:28,JS 婕洛妮絲,品牌欄,js婕洛妮絲,js,婕洛妮絲,5712923,js,,Home & Living,,2,True
momo,Beauty,8122125,JS 婕洛妮絲,【JS 婕洛妮絲】黃金蠟菊修護精華乳10ml（修護抗老）,JS,5712923,79,1.4 品牌欄相符（品牌庫有重複，取業績最高）,2026-09-21 14:58:28,JS 婕洛妮絲,品牌欄,js婕洛妮絲,js,婕洛妮絲,5712923,js,,Home & Living,,2,True
momo,Beauty,8347827,JS 婕洛妮絲,【JS 婕洛妮絲】抗UV防曬素顏霜PRO 30mlx2(SPF50★★★★)（防曬提亮）,JS,5712923,79,1.4 品牌欄相符（品牌庫有重複，取業績最高）,2026-09-21 14:58:28,JS 婕洛妮絲,品牌欄,js婕洛妮絲,js,婕洛妮絲,5712923,js,,Home & Living,,2,True
momo,Beauty,8394210,NOW 娜奧,【NOW 娜奧】純蓖麻保濕油473ml-Now Foods(純淨滋養/護膚/護髮/局部密集滋潤),NOW,2387626,85,1.4 品牌欄相符（品牌庫有重複，取業績最高）,2026-09-21 14:58:28,NOW 娜奧,品牌欄,now娜奧,now,娜奧,2387626,now,,Health,auto,3,True
momo,Beauty,8397474,HH 草本新淨界,【HH 草本新淨界】私密玫瑰純露潔淨慕斯+潔淨舒緩噴霧+美白緊緻凝露(170ml+50ml+30ml),H&H,1120001,85,1.4 品牌欄相符（品牌庫有重複，取業績最高）,2026-09-21 14:58:28,HH 草本新淨界,品牌欄,hh草本新淨界,hh,草本新淨界,1120001,hh,,Home & Living,auto,2,True
momo,Beauty,8486742,JS 婕洛妮絲,【JS 婕洛妮絲】黃金蠟菊精華化妝水120mlx2（潤白緊緻）,JS,5712923,79,1.4 品牌欄相符（品牌庫有重複，取業績最高）,2026-09-21 14:58:28,JS 婕洛妮絲,品牌欄,js婕洛妮絲,js,婕洛妮絲,5712923,js,,Home & Living,,2,True
momo,Beauty,8698164,MUK 潮嘜,【MUK 潮嘜】夠蓬海鹽水250ml(髮根蓬鬆噴霧)附贈50ml空瓶,muk.,1112610,93,1.4 品牌欄相符（品牌庫有重複，取業績最高）,2026-09-21 14:58:28,MUK 潮嘜,品牌欄,muk潮嘜,muk,潮嘜,1112610,muk,,Beauty,auto,3,True
momo,Beauty,8698165,MUK 潮嘜,【MUK 潮嘜】浪潮霜 加強版 200ml(造型乳霜),muk.,1112610,93,1.4 品牌欄相符（品牌庫有重複，取業績最高）,2026-09-21 14:58:28,MUK 潮嘜,品牌欄,muk潮嘜,muk,潮嘜,1112610,muk,,Beauty,auto,3,True
momo,Beauty,8699813,MUK 潮嘜,【MUK 潮嘜】S60活化精華 200ml(深層修護髮膜),muk.,1112610,93,1.4 品牌欄相符（品牌庫有重複，取業績最高）,2026-09-21 14:58:28,MUK 潮嘜,品牌欄,muk潮嘜,muk,潮嘜,1112610,muk,,Beauty,auto,3,True
momo,Beauty,8737564,MUK 潮嘜,【MUK 潮嘜】活麗素 200ml(保濕造型乳霜),muk.,1112610,93,1.4 品牌欄相符（品牌庫有重複，取業績最高）,2026-09-21 14:58:28,MUK 潮嘜,品牌欄,muk潮嘜,muk,潮嘜,1112610,muk,,Beauty,auto,3,True
momo,Beauty,8741900,MUK 潮嘜,【MUK 潮嘜】造型髮泥/髮臘 50g 共7款(全系列水溶性配方),muk.,1112610,93,1.4 品牌欄相符（品牌庫有重複，取業績最高）,2026-09-21 14:58:28,MUK 潮嘜,品牌欄,muk潮嘜,muk,潮嘜,1112610,muk,,Beauty,auto,3,True
momo,Beauty,8741901,MUK 潮嘜,【MUK 潮嘜】造型髮蠟/髮泥 95g 共7款(全系列水溶性配方),muk.,1112610,93,1.4 品牌欄相符（品牌庫有重複，取業績最高）,2026-09-21 14:58:28,MUK 潮嘜,品牌欄,muk潮嘜,muk,潮嘜,1112610,muk,,Beauty,auto,3,True
momo,Beauty,8742235,TS6 護一生,【TS6 護一生】燕麥 緊白精粹(60g),TS6,1136012,98,1.3 品牌欄完全相符,2026-09-21 14:58:28,TS6 護一生,品牌欄,ts6護一生,ts6,護一生,1136012,ts6,,Beauty,auto,3,True
momo,Beauty,8742237,TS6 護一生,【TS6 護一生】燕麥 益淨浸浴露(280g),TS6,1136012,98,1.3 品牌欄完全相符,2026-09-21 14:58:28,TS6 護一生,品牌欄,ts6護一生,ts6,護一生,1136012,ts6,,Beauty,auto,3,True
momo,Beauty,8742239,TS6 護一生,【TS6 護一生】燕麥 益淨慕斯(180g),TS6,1136012,98,1.3 品牌欄完全相符,2026-09-21 14:58:28,TS6 護一生,品牌欄,ts6護一生,ts6,護一生,1136012,ts6,,Beauty,auto,3,True
momo,Beauty,8742711,MUK 潮嘜,【MUK 潮嘜】洗髮乳/護髮素 300ml(染髮/受損髮質 專用洗髮精&護髮素),muk.,1112610,93,1.4 品牌欄相符（品牌庫有重複，取業績最高）,2026-09-21 14:58:28,MUK 潮嘜,品牌欄,muk潮嘜,muk,潮嘜,1112610,muk,,Beauty,auto,3,True
momo,Beauty,8742712,MUK 潮嘜,【MUK 潮嘜】嬌顏鎖色護髮素 300ml(染髮專用潤髮乳),muk.,1112610,93,1.4 品牌欄相符（品牌庫有重複，取業績最高）,2026-09-21 14:58:28,MUK 潮嘜,品牌欄,muk潮嘜,muk,潮嘜,1112610,muk,,Beauty,auto,3,True
momo,Beauty,8767597,TS6 護一生,【TS6 護一生】潔淨慕斯180gx3入(私密清潔 私密保養),TS6,1136012,98,1.3 品牌欄完全相符,2026-09-21 14:58:28,TS6 護一生,品牌欄,ts6護一生,ts6,護一生,1136012,ts6,,Beauty,auto,3,True
momo,Beauty,8801208,GB 綠鐘,【GB 綠鐘】GREEN BELL日本綠鐘匠之技鍛造不銹鋼硬指甲剪(G-1001),gb,4405709,85,1.4 品牌欄相符（品牌庫有重複，取業績最高）,2026-09-21 14:58:28,GB 綠鐘,品牌欄,gb綠鐘,gb,綠鐘,4405709,gb,,Mother & Baby,auto,2,True
momo,Beauty,8801209,GB 綠鐘,【GB 綠鐘】GREEN BELL日本綠鐘匠之技鍛造不銹鋼硬指甲剪(G-1026),gb,4405709,85,1.4 品牌欄相符（品牌庫有重複，取業績最高）,2026-09-21 14:58:28,GB 綠鐘,品牌欄,gb綠鐘,gb,綠鐘,4405709,gb,,Mother & Baby,auto,2,True
momo,Beauty,8802663,GB 綠鐘,【GB 綠鐘】GREEN BELL日本綠鐘匠之技鍛造不鏽鋼鬢角小鬍專用修容剪(G-2105),gb,4405709,85,1.4 品牌欄相符（品牌庫有重複，取業績最高）,2026-09-21 14:58:28,GB 綠鐘,品牌欄,gb綠鐘,gb,綠鐘,4405709,gb,,Mother & Baby,auto,2,True
momo,Beauty,8802674,GB 綠鐘,【GB 綠鐘】GREEN BELL日本綠鐘匠之技鍛造不鏽鋼鼻毛修容剪(G-2106),gb,4405709,85,1.4 品牌欄相符（品牌庫有重複，取業績最高）,2026-09-21 14:58:28,GB 綠鐘,品牌欄,gb綠鐘,gb,綠鐘,4405709,gb,,Mother & Baby,auto,2,True
momo,Beauty,8802675,GB 綠鐘,【GB 綠鐘】GREEN BELL日本綠鐘匠之鍛造不銹鋼打薄理髮剪刀L160mm(修髮量40-50%.G-5021),gb,4405709,85,1.4 品牌欄相符（品牌庫有重複，取業績最高）,2026-09-21 14:58:28,GB 綠鐘,品牌欄,gb綠鐘,gb,綠鐘,4405709,gb,,Mother & Baby,auto,2,True
momo,Beauty,8841340,spa 斐孟,【spa 斐孟】青春棒 升級款附單包裝盒(痘痘粉刺、不銹鋼),SPA,3876234,98,1.3 品牌欄完全相符,2026-09-21 14:58:28,spa 斐孟,品牌欄,spa斐孟,spa,斐孟,3876234,spa,,Beauty,auto,3,True
momo,Beauty,8924580,TS6 護一生,【TS6 護一生】沁涼潔淨慕斯100g+沁涼潔淨凝露250g+沁涼舒緩噴霧40g(私密清潔 涼感),TS6,1136012,98,1.3 品牌欄完全相符,2026-09-21 14:58:28,TS6 護一生,品牌欄,ts6護一生,ts6,護一生,1136012,ts6,,Beauty,auto,3,True
momo,Beauty,8924581,TS6 護一生,【TS6 護一生】私密沁涼潔淨凝露250g(全身可用 私密清潔),TS6,1136012,98,1.3 品牌欄完全相符,2026-09-21 14:58:28,TS6 護一生,品牌欄,ts6護一生,ts6,護一生,1136012,ts6,,Beauty,auto,3,True
momo,Beauty,9006411,GB 綠鐘,【GB 綠鐘】GREEN BELL日本綠鐘不銹鋼寬尖口毛拔L.73mm(GT-210),gb,4405709,85,1.4 品牌欄相符（品牌庫有重複，取業績最高）,2026-09-21 14:58:28,GB 綠鐘,品牌欄,gb綠鐘,gb,綠鐘,4405709,gb,,Mother & Baby,auto,2,True
momo,Beauty,9006412,GB 綠鐘,【GB 綠鐘】GREEN BELL日本綠鐘縱線刃指甲剪(NC-129),gb,4405709,85,1.4 品牌欄相符（品牌庫有重複，取業績最高）,2026-09-21 14:58:28,GB 綠鐘,品牌欄,gb綠鐘,gb,綠鐘,4405709,gb,,Mother & Baby,auto,2,True
momo,Beauty,9108441,TS6 護一生,【TS6 護一生】男士極光私密精華乳45g (男士私密美白),TS6,1136012,98,1.3 品牌欄完全相符,2026-09-21 14:58:28,TS6 護一生,品牌欄,ts6護一生,ts6,護一生,1136012,ts6,,Beauty,auto,3,True
momo,Beauty,9185584,RYO 呂,【RYO 呂】官方直營 滋養韌髮 洗髮精 400ml(油性/中性/敏感/蓬鬆/去屑),Ryo,1802408,93,1.4 品牌欄相符（品牌庫有重複，取業績最高）,2026-09-21 14:58:28,RYO 呂,品牌欄,ryo呂,ryo,呂,1802408,ryo,,Beauty,,3,True
momo,Beauty,9185585,RYO 呂,【RYO 呂】官方直營 滋養韌髮 瞬護髮膜 200ml(清爽型/滋潤型),Ryo,1802408,93,1.4 品牌欄相符（品牌庫有重複，取業績最高）,2026-09-21 14:58:28,RYO 呂,品牌欄,ryo呂,ryo,呂,1802408,ryo,,Beauty,,3,True
momo,Beauty,9207174,HH 草本新淨界,【HH 草本新淨界】私密經期抗菌舒緩噴霧PLUS30mlx3入(私密噴霧 經期噴霧),H&H,1120001,85,1.4 品牌欄相符（品牌庫有重複，取業績最高）,2026-09-21 14:58:28,HH 草本新淨界,品牌欄,hh草本新淨界,hh,草本新淨界,1120001,hh,,Home & Living,auto,2,True
momo,Beauty,9242679,HH 草本新淨界,【HH 草本新淨界】私密植萃抗菌潔淨露+潔淨舒緩噴霧+美白緊緻凝露(200ml+50ml+30ml),H&H,1120001,85,1.4 品牌欄相符（品牌庫有重複，取業績最高）,2026-09-21 14:58:28,HH 草本新淨界,品牌欄,hh草本新淨界,hh,草本新淨界,1120001,hh,,Home & Living,auto,2,True
momo,Beauty,9248700,HH 草本新淨界,【HH 草本新淨界】私密植萃抗菌潔淨露200mlx3入(私密清潔 私密保養),H&H,1120001,85,1.4 品牌欄相符（品牌庫有重複，取業績最高）,2026-09-21 14:58:28,HH 草本新淨界,品牌欄,hh草本新淨界,hh,草本新淨界,1120001,hh,,Home & Living,auto,2,True
momo,Beauty,9251197,HH 草本新淨界,【HH 草本新淨界】私密植萃抗菌潔淨露/私密美白緊緻凝露(200ml/30ml),H&H,1120001,85,1.4 品牌欄相符（品牌庫有重複，取業績最高）,2026-09-21 14:58:28,HH 草本新淨界,品牌欄,hh草本新淨界,hh,草本新淨界,1120001,hh,,Home & Living,auto,2,True
momo,Beauty,9251198,HH 草本新淨界,【HH 草本新淨界】私密植萃抗菌潔淨露+潔淨舒緩噴霧+美白緊緻凝露+衣物抗菌手洗精(200ml+50ml+30ml+200ml),H&H,1120001,85,1.4 品牌欄相符（品牌庫有重複，取業績最高）,2026-09-21 14:58:28,HH 草本新淨界,品牌欄,hh草本新淨界,hh,草本新淨界,1120001,hh,,Home & Living,auto,2,True
momo,Beauty,9256822,Ido 船井醫朵,【Ido 船井醫朵】抗皺活泉面膜5入 X3盒組(保濕修復/緊實彈性),Ido 醫朵,1122486,93,1.4 品牌欄相符（品牌庫有重複，取業績最高）,2026-09-21 14:58:28,Ido 船井醫朵,品牌欄,ido船井醫朵,ido,船井醫朵,1122486,ido,醫朵,Beauty,auto,3,True
momo,Beauty,9256823,Ido 船井醫朵,【Ido 船井醫朵】抗皺活泉面膜5入 X5盒組(保濕修復/緊實彈性),Ido 醫朵,1122486,93,1.4 品牌欄相符（品牌庫有重複，取業績最高）,2026-09-21 14:58:28,Ido 船井醫朵,品牌欄,ido船井醫朵,ido,船井醫朵,1122486,ido,醫朵,Beauty,auto,3,True
momo,Beauty,9265290,HH 草本新淨界,【HH 草本新淨界】私密植萃美白緊緻凝露+私密潔淨舒緩噴霧(30ml+50ml),H&H,1120001,85,1.4 品牌欄相符（品牌庫有重複，取業績最高）,2026-09-21 14:58:28,HH 草本新淨界,品牌欄,hh草本新淨界,hh,草本新淨界,1120001,hh,,Home & Living,auto,2,True
momo,Beauty,9265296,HH 草本新淨界,【HH草本新淨界】私密玫瑰純露潔淨慕斯+私密美白緊緻凝露(170ml+30ml),H&H,1120001,85,1.4 品牌欄相符（品牌庫有重複，取業績最高）,2026-09-21 14:58:28,HH 草本新淨界,品牌欄,hh草本新淨界,hh,草本新淨界,1120001,hh,,Home & Living,auto,2,True
momo,Beauty,9265300,HH 草本新淨界,【HH草本新淨界】私密美白緊緻凝露+經期抗菌舒緩噴霧PLUS(30ml+30ml),H&H,1120001,85,1.4 品牌欄相符（品牌庫有重複，取業績最高）,2026-09-21 14:58:28,HH 草本新淨界,品牌欄,hh草本新淨界,hh,草本新淨界,1120001,hh,,Home & Living,auto,2,True
momo,Beauty,9265302,HH 草本新淨界,【HH 草本新淨界】私密植萃抗菌潔淨露/經期抗菌舒緩噴霧PLUS(200ml/30ml),H&H,1120001,85,1.4 品牌欄相符（品牌庫有重複，取業績最高）,2026-09-21 14:58:28,HH 草本新淨界,品牌欄,hh草本新淨界,hh,草本新淨界,1120001,hh,,Home & Living,auto,2,True
momo,Beauty,9462171,MUK 潮嘜,【MUK 潮嘜】柔絲洗髮乳/護髮素 300ml(柔順最好梳理之洗髮液/潤絲),muk.,1112610,93,1.4 品牌欄相符（品牌庫有重複，取業績最高）,2026-09-21 14:58:28,MUK 潮嘜,品牌欄,muk潮嘜,muk,潮嘜,1112610,muk,,Beauty,auto,3,True
momo,Beauty,9634282,JS 婕洛妮絲,【JS 婕洛妮絲】液態三重酸煥膚精華30ml（煥膚亮白）,JS,5712923,79,1.4 品牌欄相符（品牌庫有重複，取業績最高）,2026-09-21 14:58:28,JS 婕洛妮絲,品牌欄,js婕洛妮絲,js,婕洛妮絲,5712923,js,,Home & Living,,2,True
momo,Beauty,9738268,JS 婕洛妮絲,【JS 婕洛妮絲】海藻胺基酸保濕洗面乳20ml（清潔保濕）,JS,5712923,79,1.4 品牌欄相符（品牌庫有重複，取業績最高）,2026-09-21 14:58:28,JS 婕洛妮絲,品牌欄,js婕洛妮絲,js,婕洛妮絲,5712923,js,,Home & Living,,2,True
momo,Beauty,9786388,JS 婕洛妮絲,【JS 婕洛妮絲】超水感玻尿酸保濕精華30ml（保濕鎖水）,JS,5712923,79,1.4 品牌欄相符（品牌庫有重複，取業績最高）,2026-09-21 14:58:28,JS 婕洛妮絲,品牌欄,js婕洛妮絲,js,婕洛妮絲,5712923,js,,Home & Living,,2,True
momo,Beauty,9874426,,【斐孟spa】粉刺勾嘴夾(痘痘粉刺、不銹鋼),SPA,3876234,93,2.2 由商品名稱【】比對到品牌,2026-09-21 14:58:28,斐孟spa,標題【】,斐孟spa,spa,斐孟,3876234,spa,,Beauty,auto,3,True
momo,Beauty,9874427,spa 斐孟,【斐孟spa】眉毛夾(修眉、拔毛、痘痘粉刺、不銹鋼),SPA,3876234,98,1.3 品牌欄完全相符,2026-09-21 14:58:28,spa 斐孟,品牌欄,spa斐孟,spa,斐孟,3876234,spa,,Beauty,auto,3,True
momo,Everything Else,3779438,TS6 護一生,【TS6護一生】蜜愛潤滑液100g(私密情趣),TS6,1136012,90,1.3 品牌欄完全相符,2026-09-21 15:02:03,TS6 護一生,品牌欄,ts6護一生,ts6,護一生,1136012,ts6,,Beauty,auto,3,True
momo,Food & Beverages,10140876,TS 東勝,【TS 東勝】夏凡PIERRE ZERO 無酒精珍藏紅酒風味飲 (750ml),TS,1829976,90,1.3 品牌欄完全相符,2026-09-21 14:59:18,TS 東勝,品牌欄,ts東勝,ts,東勝,1829976,ts,,Home & Living,auto,2,True
momo,Food & Beverages,10205685,TS 東勝,【TS 東勝】ESSENSO 深焙微磨二合一拿鐵(16gx12條/盒;深焙系列),TS,1829976,90,1.3 品牌欄完全相符,2026-09-21 14:59:18,TS 東勝,品牌欄,ts東勝,ts,東勝,1829976,ts,,Home & Living,auto,2,True
momo,Food & Beverages,10205686,TS 東勝,【TS 東勝】ESSENSO 深焙微磨三合一拿鐵(25gx12條/盒;深焙系列),TS,1829976,90,1.3 品牌欄完全相符,2026-09-21 14:59:18,TS 東勝,品牌欄,ts東勝,ts,東勝,1829976,ts,,Home & Living,auto,2,True
momo,Food & Beverages,10265960,TS 東勝,【TS 東勝】夏凡PIERRE ZERO 無酒精微氣泡白酒風味飲(200ml/瓶),TS,1829976,90,1.3 品牌欄完全相符,2026-09-21 14:59:18,TS 東勝,品牌欄,ts東勝,ts,東勝,1829976,ts,,Home & Living,auto,2,True
momo,Food & Beverages,10290190,TS 東勝,【TS 東勝】夏凡PIERRE ZERO 無酒精微氣泡粉紅酒風味飲(200ml/瓶),TS,1829976,90,1.3 品牌欄完全相符,2026-09-21 14:59:18,TS 東勝,品牌欄,ts東勝,ts,東勝,1829976,ts,,Home & Living,auto,2,True
momo,Food & Beverages,10383415,惠氏 S-26,【惠氏 S-26】官方直營 金學兒樂S-HMO配方3-7歲（1600gx6罐）(免運/水沖即享/溫暖營養/88),S-26,3157392,90,1.3 品牌欄完全相符,2026-09-21 14:59:18,惠氏 S-26,品牌欄,惠氏s26,s26,惠氏,3157392,s26,,Mother & Baby,auto,3,True
momo,Food & Beverages,10542927,TS 東勝,【TS 東勝】夏凡PIERRE ZERO 無酒精珍藏白酒風味飲(750ml),TS,1829976,90,1.3 品牌欄完全相符,2026-09-21 14:59:18,TS 東勝,品牌欄,ts東勝,ts,東勝,1829976,ts,,Home & Living,auto,2,True
momo,Food & Beverages,10744593,惠氏 S-26,【惠氏 S-26】金學兒樂S-HMO配方3-7歲（1600gx1罐）-定期配,S-26,3157392,90,1.3 品牌欄完全相符,2026-09-21 14:59:18,惠氏 S-26,品牌欄,惠氏s26,s26,惠氏,3157392,s26,,Mother & Baby,auto,3,True
momo,Food & Beverages,11061506,,【R.J.T 結晶蜂蜜】加拿大天然乳化藍莓花蜜 330g(結晶蜜、加拿大、花蜜蜂蜜),R.J.T,1111908,93,2.2 由商品名稱【】比對到品牌,2026-09-21 14:59:18,R.J.T 結晶蜂蜜,標題【】,rjt結晶蜂蜜,rjt,結晶蜂蜜,1111908,rjt,,Food & Beverages,,3,True
momo,Food & Beverages,11255307,TS 東勝,【TS 東勝】夏凡Pierre Zero 尊爵無酒精白酒風味飲(每瓶750ml/尊爵款)(零酒精),TS,1829976,90,1.3 品牌欄完全相符,2026-09-21 14:59:18,TS 東勝,品牌欄,ts東勝,ts,東勝,1829976,ts,,Home & Living,auto,2,True
momo,Food & Beverages,11613187,,【Ito 日本伊藤】日式夾心餅乾 巧克力/香草/紅薯/奶茶/檸檬口味 任選x2盒,ITO,1216067,85,2.2 由商品名稱【】比對到品牌,2026-09-21 14:59:18,Ito 日本伊藤,標題【】,ito日本伊藤,ito,日本伊藤,1216067,ito,,Beauty,,3,True
momo,Food & Beverages,12011100,惠氏 S-26,【惠氏 S-26】官方直營 金學兒樂S-HMO成長配方3-7歲（1600gx12罐）(免運),S-26,3157392,90,1.3 品牌欄完全相符,2026-09-21 14:59:18,惠氏 S-26,品牌欄,惠氏s26,s26,惠氏,3157392,s26,,Mother & Baby,auto,3,True
momo,Food & Beverages,12168374,惠氏 S-26,【惠氏 S-26】官方直營 金學兒樂HMO成長配方3-7歲（1600gx15罐）,S-26,3157392,90,1.3 品牌欄完全相符,2026-09-21 14:59:18,惠氏 S-26,品牌欄,惠氏s26,s26,惠氏,3157392,s26,,Mother & Baby,auto,3,True
momo,Food & Beverages,12168375,惠氏 S-26,【惠氏 S-26】官方直營 金學兒樂S-HMO成長配方3-7歲（1600gx9罐）,S-26,3157392,90,1.3 品牌欄完全相符,2026-09-21 14:59:18,惠氏 S-26,品牌欄,惠氏s26,s26,惠氏,3157392,s26,,Mother & Baby,auto,3,True
momo,Food & Beverages,12202796,GNC 健安喜,即期品【GNC 健安喜】歡樂熊綜合軟糖 120顆/瓶(什錦水果口味),GNC,3495165,90,1.3 品牌欄完全相符,2026-09-21 14:59:18,GNC 健安喜,品牌欄,gnc健安喜,gnc,健安喜,3495165,gnc,,Health,auto,3,True
momo,Food & Beverages,12551915,,【珍實大地 BE碧】特級初榨冷壓橄欖油 500mL(智利橄欖油、Kosher認證、清真認證),&be,5720481,74,2.2 由商品名稱【】比對到品牌,2026-09-21 14:59:18,珍實大地 BE碧,標題【】,珍實大地be碧,be,珍實大地碧,5720481,be,,Beauty,,2,True
momo,Food & Beverages,12870578,惠氏 S-26,【惠氏 S-26】官方直營 金學兒樂S-HMO配方3-7歲（1600gx8罐）,S-26,3157392,90,1.3 品牌欄完全相符,2026-09-21 14:59:18,惠氏 S-26,品牌欄,惠氏s26,s26,惠氏,3157392,s26,,Mother & Baby,auto,3,True
momo,Food & Beverages,13611532,惠氏 S-26,【惠氏 S-26】官方直營 金幼兒樂S-HMO配方1-3歲（1600gx1罐）,S-26,3157392,90,1.3 品牌欄完全相符,2026-09-21 14:59:18,惠氏 S-26,品牌欄,惠氏s26,s26,惠氏,3157392,s26,,Mother & Baby,auto,3,True
momo,Food & Beverages,13916075,惠氏 S-26,【惠氏 S-26】金學兒樂HMO成長配方3-7歲（1600gx4罐）,S-26,3157392,90,1.3 品牌欄完全相符,2026-09-21 14:59:18,惠氏 S-26,品牌欄,惠氏s26,s26,惠氏,3157392,s26,,Mother & Baby,auto,3,True
momo,Food & Beverages,14274119,TS 東勝,【TS 東勝】夏凡樂 德國原裝Clausthaler無酒精啤酒 (330mlx24瓶裝),TS,1829976,90,1.3 品牌欄完全相符,2026-09-21 14:59:18,TS 東勝,品牌欄,ts東勝,ts,東勝,1829976,ts,,Home & Living,auto,2,True
momo,Food & Beverages,14324600,惠氏 S-26,【惠氏 S-26】官方直營 金愛兒樂嬰兒配方（再升級版）400gx1罐,S-26,3157392,90,1.3 品牌欄完全相符,2026-09-21 14:59:18,惠氏 S-26,品牌欄,惠氏s26,s26,惠氏,3157392,s26,,Mother & Baby,auto,3,True
momo,Food & Beverages,14814140,惠氏 S-26,【惠氏 S-26】官方直營 金幼兒樂S-HMO配方1-3歲 850gx12罐,S-26,3157392,90,1.3 品牌欄完全相符,2026-09-21 14:59:18,惠氏 S-26,品牌欄,惠氏s26,s26,惠氏,3157392,s26,,Mother & Baby,auto,3,True
momo,Food & Beverages,15296939,TS 東勝,【TS 東勝】頂級玄米油(穀維素10000ppm以上/玻璃瓶裝),TS,1829976,90,1.3 品牌欄完全相符,2026-09-21 14:59:18,TS 東勝,品牌欄,ts東勝,ts,東勝,1829976,ts,,Home & Living,auto,2,True
momo,Food & Beverages,15296940,TS 東勝,【TS 東勝】西班牙冷壓初榨橄欖油500ml,TS,1829976,90,1.3 品牌欄完全相符,2026-09-21 14:59:18,TS 東勝,品牌欄,ts東勝,ts,東勝,1829976,ts,,Home & Living,auto,2,True
momo,Food & Beverages,15566813,惠氏 S-26,【惠氏 S-26】官方直營 金幼兒樂S-HMO配方1-3歲 1600gx3罐,S-26,3157392,90,1.3 品牌欄完全相符,2026-09-21 14:59:18,惠氏 S-26,品牌欄,惠氏s26,s26,惠氏,3157392,s26,,Mother & Baby,auto,3,True
momo,Food & Beverages,15690051,惠氏 S-26,【惠氏 S-26】官方直營 金幼兒樂S-HMO配方1-3歲（400gx5罐）,S-26,3157392,90,1.3 品牌欄完全相符,2026-09-21 14:59:18,惠氏 S-26,品牌欄,惠氏s26,s26,惠氏,3157392,s26,,Mother & Baby,auto,3,True
momo,Food & Beverages,8551937,TS 東勝,【TS 東勝】ESSENSO 微磨二合一咖啡(16g x 12入/盒),TS,1829976,90,1.3 品牌欄完全相符,2026-09-21 14:59:18,TS 東勝,品牌欄,ts東勝,ts,東勝,1829976,ts,,Home & Living,auto,2,True
momo,Food & Beverages,8959375,BSN 畢斯恩,【BSN 畢斯恩】蛋白酥脆棒 盒裝12入(巧克力),BSN,1142696,90,1.3 品牌欄完全相符,2026-09-21 14:59:18,BSN 畢斯恩,品牌欄,bsn畢斯恩,bsn,畢斯恩,1142696,bsn,,Sports & Outdoors,auto,3,True
momo,Food & Beverages,8959376,BSN 畢斯恩,【BSN 畢斯恩】蛋白酥脆棒 盒裝12入(香草),BSN,1142696,90,1.3 品牌欄完全相符,2026-09-21 14:59:18,BSN 畢斯恩,品牌欄,bsn畢斯恩,bsn,畢斯恩,1142696,bsn,,Sports & Outdoors,auto,3,True
momo,Food & Beverages,8959377,BSN 畢斯恩,【BSN 畢斯恩】蛋白酥脆棒 盒裝12入(太妃糖),BSN,1142696,90,1.3 品牌欄完全相符,2026-09-21 14:59:18,BSN 畢斯恩,品牌欄,bsn畢斯恩,bsn,畢斯恩,1142696,bsn,,Sports & Outdoors,auto,3,True
momo,Food & Beverages,8959378,BSN 畢斯恩,【BSN 畢斯恩】蛋白酥脆棒 盒裝12入(花生),BSN,1142696,90,1.3 品牌欄完全相符,2026-09-21 14:59:18,BSN 畢斯恩,品牌欄,bsn畢斯恩,bsn,畢斯恩,1142696,bsn,,Sports & Outdoors,auto,3,True
momo,Food & Beverages,9949303,TS 東勝,【TS 東勝】夏凡PIERRE ZERO 夏凡無酒精經典紅酒風味飲750ml/瓶,TS,1829976,90,1.3 品牌欄完全相符,2026-09-21 14:59:18,TS 東勝,品牌欄,ts東勝,ts,東勝,1829976,ts,,Home & Living,auto,2,True
momo,Food & Beverages,10354794,惠氏 S-26,【惠氏 S-26】官方直營 金學兒樂S-HMO配方3-7歲（1600gx1罐）(免運/水沖營養),S-26,3157392,90,1.3 品牌欄完全相符,2026-09-21 14:59:18,惠氏 S-26,品牌欄,惠氏s26,s26,惠氏,3157392,s26,,Mother & Baby,auto,3,True
momo,Food & Beverages,11702822,惠氏 S-26,【惠氏 S-26】官方直營 金幼兒樂S-HMO(850gx3罐+400gx2罐）),S-26,3157392,90,1.3 品牌欄完全相符,2026-09-21 14:59:18,惠氏 S-26,品牌欄,惠氏s26,s26,惠氏,3157392,s26,,Mother & Baby,auto,3,True
momo,Food & Beverages,11702823,惠氏 S-26,【惠氏 S-26】官方直營 金幼兒樂S-HMO（850gx6罐+400gx3罐）,S-26,3157392,90,1.3 品牌欄完全相符,2026-09-21 14:59:18,惠氏 S-26,品牌欄,惠氏s26,s26,惠氏,3157392,s26,,Mother & Baby,auto,3,True
momo,Food & Beverages,13230625,惠氏 S-26,【惠氏 S-26】官方直營 金愛兒樂嬰兒配方（再升級版）(400gx2罐+850gx6罐),S-26,3157392,90,1.3 品牌欄完全相符,2026-09-21 14:59:18,惠氏 S-26,品牌欄,惠氏s26,s26,惠氏,3157392,s26,,Mother & Baby,auto,3,True
momo,Food & Beverages,14285515,惠氏 S-26,【惠氏 S-26】官方直營 金愛兒樂嬰兒配方(400gx2罐+850gx6罐-再升級版),S-26,3157392,90,1.3 品牌欄完全相符,2026-09-21 14:59:18,惠氏 S-26,品牌欄,惠氏s26,s26,惠氏,3157392,s26,,Mother & Baby,auto,3,True
momo,Game Kingdom,15283609,MSI 微星,【MSI 微星】福利品 Force GC30 V2 無線遊戲手把,MSI,2563405,85,1.4 品牌欄相符（品牌庫有重複，取業績最高）,2026-09-21 15:02:11,MSI 微星,品牌欄,msi微星,msi,微星,2563405,msi,,Hardware & 3C,auto,3,True
momo,Game Kingdom,13542255,MSI 微星,【MSI 微星】FORCE GC300 WIRELESS 遊戲手把控制器,MSI,2563405,85,1.4 品牌欄相符（品牌庫有重複，取業績最高）,2026-09-21 15:02:11,MSI 微星,品牌欄,msi微星,msi,微星,2563405,msi,,Hardware & 3C,auto,3,True
momo,Game Kingdom,13580401,MSI 微星,【MSI 微星】兩入組★FORCE GC300 WIRELESS 遊戲手把控制器,MSI,2563405,85,1.4 品牌欄相符（品牌庫有重複，取業績最高）,2026-09-21 15:02:11,MSI 微星,品牌欄,msi微星,msi,微星,2563405,msi,,Hardware & 3C,auto,3,True
momo,Game Kingdom,13698843,MSI 微星,【MSI 微星】FORCE GC300 WIRELESS WHITE 遊戲手把控制器,MSI,2563405,85,1.4 品牌欄相符（品牌庫有重複，取業績最高）,2026-09-21 15:02:11,MSI 微星,品牌欄,msi微星,msi,微星,2563405,msi,,Hardware & 3C,auto,3,True
momo,Game Kingdom,14089756,MSI 微星,【MSI 微星】FORCE PRO WIRELESS 電競手把控制器,MSI,2563405,85,1.4 品牌欄相符（品牌庫有重複，取業績最高）,2026-09-21 15:02:11,MSI 微星,品牌欄,msi微星,msi,微星,2563405,msi,,Hardware & 3C,auto,3,True
momo,Game Kingdom,14278683,MSI 微星,【MSI 微星】控制器超值組合★FORCE GC300 WIRELESS 遊戲手把控制器(黑+白),MSI,2563405,85,1.4 品牌欄相符（品牌庫有重複，取業績最高）,2026-09-21 15:02:11,MSI 微星,品牌欄,msi微星,msi,微星,2563405,msi,,Hardware & 3C,auto,3,True
momo,Hardware & 3C,10375477,WD 威騰,【WD 威騰】金標 16TB 3.5吋 7200轉 512MB 企業級 內接硬碟(WD161KRYZ),WD,3894375,98,1.3 品牌欄完全相符,2026-09-21 14:58:53,WD 威騰,品牌欄,wd威騰,wd,威騰,3894375,wd,,Hardware & 3C,auto,2,True
momo,Hardware & 3C,10678631,WD 威騰,【WD 威騰】紅標 Plus 8TB 3.5吋 5640轉 256MB NAS 內接硬碟(WD80EFPX),WD,3894375,98,1.3 品牌欄完全相符,2026-09-21 14:58:53,WD 威騰,品牌欄,wd威騰,wd,威騰,3894375,wd,,Hardware & 3C,auto,2,True
momo,Hardware & 3C,10933067,MSI 微星,【MSI 微星】PRO B760M-P DDR4 主機板,MSI,2563405,93,1.4 品牌欄相符（品牌庫有重複，取業績最高）,2026-09-21 14:58:53,MSI 微星,品牌欄,msi微星,msi,微星,2563405,msi,,Hardware & 3C,auto,3,True
momo,Hardware & 3C,10947069,WD 威騰,【WD 威騰】My Book 16TB 3.5吋 外接硬碟(WDBBGB0160HBK-SESN),WD,3894375,98,1.3 品牌欄完全相符,2026-09-21 14:58:53,WD 威騰,品牌欄,wd威騰,wd,威騰,3894375,wd,,Hardware & 3C,auto,2,True
momo,Hardware & 3C,11164452,MSI 微星,【MSI 微星】SPATIUM S270 480GB SATA SSD固態硬碟 (讀500MB/寫450MB),MSI,2563405,93,1.4 品牌欄相符（品牌庫有重複，取業績最高）,2026-09-21 14:58:53,MSI 微星,品牌欄,msi微星,msi,微星,2563405,msi,,Hardware & 3C,auto,3,True
momo,Hardware & 3C,11268328,WD 威騰,【WD 威騰】My Passport Ultra for Mac 2TB Type-C 2.5吋 行動硬碟 銀,WD,3894375,98,1.3 品牌欄完全相符,2026-09-21 14:58:53,WD 威騰,品牌欄,wd威騰,wd,威騰,3894375,wd,,Hardware & 3C,auto,2,True
momo,Hardware & 3C,11268330,WD 威騰,【WD 威騰】My Passport Ultra for Mac 4TB Type-C 2.5吋 行動硬碟 銀,WD,3894375,98,1.3 品牌欄完全相符,2026-09-21 14:58:53,WD 威騰,品牌欄,wd威騰,wd,威騰,3894375,wd,,Hardware & 3C,auto,2,True
momo,Hardware & 3C,11268332,WD 威騰,【WD 威騰】My Passport Ultra for Mac 5TB Type-C 2.5吋 行動硬碟 銀,WD,3894375,98,1.3 品牌欄完全相符,2026-09-21 14:58:53,WD 威騰,品牌欄,wd威騰,wd,威騰,3894375,wd,,Hardware & 3C,auto,2,True
momo,Hardware & 3C,11307722,WD 威騰,【WD 威騰】My Book Duo 44TB 22TB x2 USB3.2 3.5吋 外接硬碟(WDBFBE0440JBK-SESN),WD,3894375,98,1.3 品牌欄完全相符,2026-09-21 14:58:53,WD 威騰,品牌欄,wd威騰,wd,威騰,3894375,wd,,Hardware & 3C,auto,2,True
momo,Hardware & 3C,11409484,WD 威騰,【WD 威騰】My Book 22TB 3.5吋 外接硬碟(WDBBGB0220HBK-SESN),WD,3894375,98,1.3 品牌欄完全相符,2026-09-21 14:58:53,WD 威騰,品牌欄,wd威騰,wd,威騰,3894375,wd,,Hardware & 3C,auto,2,True
momo,Hardware & 3C,11410654,WD 威騰,【WD 威騰】工業級 MicroSD 256G記憶卡 工業包(平行輸入),WD,3894375,98,1.3 品牌欄完全相符,2026-09-21 14:58:53,WD 威騰,品牌欄,wd威騰,wd,威騰,3894375,wd,,Hardware & 3C,auto,2,True
momo,Hardware & 3C,11424088,,【東京 Ito】防偷窺探測儀(小巧便攜 酒店 紅外線 反監控 反偷拍 攝像頭探測器 蘋果 TypeC),ITO,1216067,85,2.2 由商品名稱【】比對到品牌,2026-09-21 14:58:53,東京 Ito,標題【】,東京ito,ito,東京,1216067,ito,,Beauty,,3,True
momo,Hardware & 3C,11474186,MSI 微星,【MSI 微星】SPATIUM S270 960GB SATA SSD固態硬碟 (讀500MB/寫450MB),MSI,2563405,93,1.4 品牌欄相符（品牌庫有重複，取業績最高）,2026-09-21 14:58:53,MSI 微星,品牌欄,msi微星,msi,微星,2563405,msi,,Hardware & 3C,auto,3,True
momo,Hardware & 3C,11482703,MSI 微星,【MSI 微星】SPATIUM M480 Pro 2TB M.2 2280 PCIe 4.0 SSD固態硬碟 (讀7400MB/寫7000MB),MSI,2563405,93,1.4 品牌欄相符（品牌庫有重複，取業績最高）,2026-09-21 14:58:53,MSI 微星,品牌欄,msi微星,msi,微星,2563405,msi,,Hardware & 3C,auto,3,True
momo,Hardware & 3C,11482704,MSI 微星,【MSI 微星】SPATIUM M480 Pro 1TB M.2 2280 PCIe 4.0 SSD固態硬碟 (讀7400MB/寫6000MB),MSI,2563405,93,1.4 品牌欄相符（品牌庫有重複，取業績最高）,2026-09-21 14:58:53,MSI 微星,品牌欄,msi微星,msi,微星,2563405,msi,,Hardware & 3C,auto,3,True
momo,Hardware & 3C,11509991,JS 淇譽,【JS 淇譽】有線電競耳機麥克風(JHG1000),JS 淇譽電子,1085742,93,1.4 品牌欄相符（品牌庫有重複，取業績最高）,2026-09-21 14:58:53,JS 淇譽,品牌欄,js淇譽,js,淇譽,1085742,js,淇譽電子,Hardware & 3C,auto,2,True
momo,Hardware & 3C,11617265,WD 威騰,【WD 威騰】WD_BLACK SN850P 2TB Gen4 PCIe SSD固態硬碟 5年保 散熱 7300MB/s WDBBYV0020BNC,WD,3894375,98,1.3 品牌欄完全相符,2026-09-21 14:58:53,WD 威騰,品牌欄,wd威騰,wd,威騰,3894375,wd,,Hardware & 3C,auto,2,True
momo,Hardware & 3C,11617266,WD 威騰,【WD 威騰】WD_BLACK SN850P 4TB Gen4 PCIe SSD固態硬碟 5年保 散熱 7300MB/s WDBBYV0040BNC,WD,3894375,98,1.3 品牌欄完全相符,2026-09-21 14:58:53,WD 威騰,品牌欄,wd威騰,wd,威騰,3894375,wd,,Hardware & 3C,auto,2,True
momo,Hardware & 3C,11618810,MSI 微星,【MSI 微星】MAG A750GL PCIE5 80PLUS 750W 金牌 電源供應器,MSI,2563405,93,1.4 品牌欄相符（品牌庫有重複，取業績最高）,2026-09-21 14:58:53,MSI 微星,品牌欄,msi微星,msi,微星,2563405,msi,,Hardware & 3C,auto,3,True
momo,Hardware & 3C,11968129,WD 威騰,【WD】My Book 22TB 3.5吋外接硬碟(SESN),WD,3894375,98,1.3 品牌欄完全相符,2026-09-21 14:58:53,WD 威騰,品牌欄,wd威騰,wd,威騰,3894375,wd,,Hardware & 3C,auto,2,True
momo,Hardware & 3C,12264062,WD 威騰,【WD 威騰】WD_BLACK P10 Game Drive 黑標 2TB 2.5吋 行動硬碟(WDBA2W0020BBK-WES1),WD,3894375,98,1.3 品牌欄完全相符,2026-09-21 14:58:53,WD 威騰,品牌欄,wd威騰,wd,威騰,3894375,wd,,Hardware & 3C,auto,2,True
momo,Hardware & 3C,12351507,MSI 微星,【MSI 微星】MPG ARGB GRAPHICS CARD STAND 顯示卡支撐架(白色),MSI,2563405,93,1.4 品牌欄相符（品牌庫有重複，取業績最高）,2026-09-21 14:58:53,MSI 微星,品牌欄,msi微星,msi,微星,2563405,msi,,Hardware & 3C,auto,3,True
momo,Hardware & 3C,12351508,MSI 微星,【MSI 微星】MPG ARGB GRAPHICS CARD STAND 顯示卡支撐架(黑色),MSI,2563405,93,1.4 品牌欄相符（品牌庫有重複，取業績最高）,2026-09-21 14:58:53,MSI 微星,品牌欄,msi微星,msi,微星,2563405,msi,,Hardware & 3C,auto,3,True
momo,Hardware & 3C,12477853,WD 威騰,【WD 威騰】WD BLUE藍標 SA510 4TB 2.5吋 SATA SSD固態硬碟(WDS400T3B0A),WD,3894375,98,1.3 品牌欄完全相符,2026-09-21 14:58:53,WD 威騰,品牌欄,wd威騰,wd,威騰,3894375,wd,,Hardware & 3C,auto,2,True
momo,Hardware & 3C,12477854,WD 威騰,【WD 威騰】WD BLUE藍標 SA510 2TB 2.5吋 SATA SSD固態硬碟(WDS200T3B0A),WD,3894375,98,1.3 品牌欄完全相符,2026-09-21 14:58:53,WD 威騰,品牌欄,wd威騰,wd,威騰,3894375,wd,,Hardware & 3C,auto,2,True
momo,Hardware & 3C,12477855,WD 威騰,【WD 威騰】WD BLUE 藍標 SA510 1TB SATA ssd固態硬碟 5年保(WDS100T3B0A),WD,3894375,98,1.3 品牌欄完全相符,2026-09-21 14:58:53,WD 威騰,品牌欄,wd威騰,wd,威騰,3894375,wd,,Hardware & 3C,auto,2,True
momo,Hardware & 3C,12477856,WD 威騰,【WD 威騰】WD BLUE 藍標 SA510 500G SATA ssd固態硬碟 5年保(WDS500G3B0A),WD,3894375,98,1.3 品牌欄完全相符,2026-09-21 14:58:53,WD 威騰,品牌欄,wd威騰,wd,威騰,3894375,wd,,Hardware & 3C,auto,2,True
momo,Hardware & 3C,12483220,WD 威騰,【WD 威騰】WD BLACK 黑標 SN850X 1TB Gen4 NVMe PCIe SSD固態硬碟(WDS100T2X0E),WD,3894375,98,1.3 品牌欄完全相符,2026-09-21 14:58:53,WD 威騰,品牌欄,wd威騰,wd,威騰,3894375,wd,,Hardware & 3C,auto,2,True
momo,Hardware & 3C,12483221,WD 威騰,【WD 威騰】WD BLACK 黑標 SN850X 2TB Gen4 NVMe PCIe SSD固態硬碟(WDS200T2X0E),WD,3894375,98,1.3 品牌欄完全相符,2026-09-21 14:58:53,WD 威騰,品牌欄,wd威騰,wd,威騰,3894375,wd,,Hardware & 3C,auto,2,True
momo,Hardware & 3C,12483222,WD 威騰,【WD 威騰】WD BLACK 黑標 SN850X 4TB Gen4 NVMe PCIe SSD固態硬碟(WDS400T2X0E),WD,3894375,98,1.3 品牌欄完全相符,2026-09-21 14:58:53,WD 威騰,品牌欄,wd威騰,wd,威騰,3894375,wd,,Hardware & 3C,auto,2,True
momo,Hardware & 3C,12483223,WD 威騰,【WD 威騰】WD BLACK 黑標 SN850X 1TB Gen4 NVMe PCIe SSD固態硬碟-含散熱片(WDS100T2XHE),WD,3894375,98,1.3 品牌欄完全相符,2026-09-21 14:58:53,WD 威騰,品牌欄,wd威騰,wd,威騰,3894375,wd,,Hardware & 3C,auto,2,True
momo,Hardware & 3C,12483224,WD 威騰,【WD 威騰】WD_BLACK SN850X 2TB Gen4 PCIe SSD固態硬碟 5年保 含散熱 7300MB/s WDS200T2XHE,WD,3894375,98,1.3 品牌欄完全相符,2026-09-21 14:58:53,WD 威騰,品牌欄,wd威騰,wd,威騰,3894375,wd,,Hardware & 3C,auto,2,True
momo,Hardware & 3C,12494321,AMD 超微,【AMD 超微】Ryzen R5-8500G 六核心 CPU處理器(3.5GHz),AMD,1146249,98,1.3 品牌欄完全相符,2026-09-21 14:58:53,AMD 超微,品牌欄,amd超微,amd,超微,1146249,amd,,Hardware & 3C,auto,3,True
momo,Hardware & 3C,12536231,MSI 微星,【MSI 微星】MAG A650GL 80PLUS 650W 金牌 電源供應器,MSI,2563405,93,1.4 品牌欄相符（品牌庫有重複，取業績最高）,2026-09-21 14:58:53,MSI 微星,品牌欄,msi微星,msi,微星,2563405,msi,,Hardware & 3C,auto,3,True
momo,Hardware & 3C,12599554,WD 威騰,【WD 威騰】紅標 Plus 8TB 3.5吋 5400轉 256MB NAS 內接硬碟(WD80EFPX),WD,3894375,98,1.3 品牌欄完全相符,2026-09-21 14:58:53,WD 威騰,品牌欄,wd威騰,wd,威騰,3894375,wd,,Hardware & 3C,auto,2,True
momo,Hardware & 3C,12618964,MSI 微星,【MSI 微星】B760M GAMING WIFI DDR5 主機板,MSI,2563405,93,1.4 品牌欄相符（品牌庫有重複，取業績最高）,2026-09-21 14:58:53,MSI 微星,品牌欄,msi微星,msi,微星,2563405,msi,,Hardware & 3C,auto,3,True
momo,Hardware & 3C,12626289,MSI 微星,【MSI 微星】B650+R5-8600G★AMD Ryzen 5-8600G 六核心處理器+微星B650 GAMING PLUS WIFI 主機板(板+U),MSI,2563405,93,1.4 品牌欄相符（品牌庫有重複，取業績最高）,2026-09-21 14:58:53,MSI 微星,品牌欄,msi微星,msi,微星,2563405,msi,,Hardware & 3C,auto,3,True
momo,Hardware & 3C,12626300,MSI 微星,【MSI 微星】 B650M+R5-8600G組合★AMD Ryzen 5-8600G 六核心處理器+微星PRO B650M-A WIFI 主機板(板+U),MSI,2563405,93,1.4 品牌欄相符（品牌庫有重複，取業績最高）,2026-09-21 14:58:53,MSI 微星,品牌欄,msi微星,msi,微星,2563405,msi,,Hardware & 3C,auto,3,True
momo,Hardware & 3C,12742411,MSI 微星,【MSI 微星】Claw 掌機專屬配件包(適用A1M-027TW/A1M-026TW),MSI,2563405,93,1.4 品牌欄相符（品牌庫有重複，取業績最高）,2026-09-21 14:58:53,MSI 微星,品牌欄,msi微星,msi,微星,2563405,msi,,Hardware & 3C,auto,3,True
momo,Hardware & 3C,12757619,MSI 微星,【MSI 微星】B650M GAMING PLUS WIFI DDR5 主機板,MSI,2563405,93,1.4 品牌欄相符（品牌庫有重複，取業績最高）,2026-09-21 14:58:53,MSI 微星,品牌欄,msi微星,msi,微星,2563405,msi,,Hardware & 3C,auto,3,True
momo,Hardware & 3C,12757620,MSI 微星,【MSI 微星】B650M GAMING WIFI DDR5 主機板,MSI,2563405,93,1.4 品牌欄相符（品牌庫有重複，取業績最高）,2026-09-21 14:58:53,MSI 微星,品牌欄,msi微星,msi,微星,2563405,msi,,Hardware & 3C,auto,3,True
momo,Hardware & 3C,12757621,MSI 微星,【MSI 微星】PRO B650M-B DDR5 主機板,MSI,2563405,93,1.4 品牌欄相符（品牌庫有重複，取業績最高）,2026-09-21 14:58:53,MSI 微星,品牌欄,msi微星,msi,微星,2563405,msi,,Hardware & 3C,auto,3,True
momo,Hardware & 3C,12800631,WD 威騰,【WD】BLACK黑標 P10 Game Drive 2TB 2.5吋行動硬碟(WDBA2W0020BBK-WES1),WD,3894375,98,1.3 品牌欄完全相符,2026-09-21 14:58:53,WD 威騰,品牌欄,wd威騰,wd,威騰,3894375,wd,,Hardware & 3C,auto,2,True
momo,Hardware & 3C,12800638,WD 威騰,【WD 威騰】藍標 2TB 3.5吋 7200轉 256MB 桌上型內接硬碟(WD20EZBX),WD,3894375,98,1.3 品牌欄完全相符,2026-09-21 14:58:53,WD 威騰,品牌欄,wd威騰,wd,威騰,3894375,wd,,Hardware & 3C,auto,2,True
momo,Hardware & 3C,12814136,H&R 安室家,【H&R 安室家】27x21CM 13吋 LCD畫板 兒童畫板 畫圖板 手寫板 電子繪板 兒童畫板 電子畫板 畫畫板,H&R,5131488,79,1.4 品牌欄相符（品牌庫有重複，取業績最高）,2026-09-21 14:58:53,H&R 安室家,品牌欄,hr安室家,hr,安室家,5131488,hr,,Motors,,2,True
momo,Hardware & 3C,12814154,H&R 安室家,【H&R安室家】34x25X1CM 16吋 LCD畫板 兒童畫板 畫圖板 手寫板 電子繪板 電子畫板 畫畫板,H&R,5131488,79,1.4 品牌欄相符（品牌庫有重複，取業績最高）,2026-09-21 14:58:53,H&R 安室家,品牌欄,hr安室家,hr,安室家,5131488,hr,,Motors,,2,True
momo,Hardware & 3C,12922173,WD 威騰,【WD 威騰】WD8002PURP 紫標Pro 8TB 3.5吋監控系統硬碟,WD,3894375,98,1.3 品牌欄完全相符,2026-09-21 14:58:53,WD 威騰,品牌欄,wd威騰,wd,威騰,3894375,wd,,Hardware & 3C,auto,2,True
momo,Hardware & 3C,12937797,HTC 宏達電,【HTC 宏達電】原廠 USonic MAX-320 入耳式耳機 Type-C - 灰(密封袋裝),HTC,1147210,85,1.4 品牌欄相符（品牌庫有重複，取業績最高）,2026-09-21 14:58:53,HTC 宏達電,品牌欄,htc宏達電,htc,宏達電,1147210,htc,,Mobile & Gadgets,auto,3,True
momo,Hardware & 3C,12950765,WD 威騰,【WD 威騰】My Passport 1TB 2.5吋行動硬碟-藍(WDBYVG0010BBL-WESN),WD,3894375,98,1.3 品牌欄完全相符,2026-09-21 14:58:53,WD 威騰,品牌欄,wd威騰,wd,威騰,3894375,wd,,Hardware & 3C,auto,2,True
momo,Hardware & 3C,12950766,WD 威騰,【WD 威騰】My Passport 1TB 2.5吋行動硬碟-紅(WDBYVG0010BRD-WESN),WD,3894375,98,1.3 品牌欄完全相符,2026-09-21 14:58:53,WD 威騰,品牌欄,wd威騰,wd,威騰,3894375,wd,,Hardware & 3C,auto,2,True
momo,Hardware & 3C,12950767,WD 威騰,【WD 威騰】My Passport 1TB 2.5吋行動硬碟-白(WDBYVG0010BWT-WESN),WD,3894375,98,1.3 品牌欄完全相符,2026-09-21 14:58:53,WD 威騰,品牌欄,wd威騰,wd,威騰,3894375,wd,,Hardware & 3C,auto,2,True
momo,Hardware & 3C,12950769,WD 威騰,【WD 威騰】My Passport 2TB 2.5吋行動硬碟-藍(WDBYVG0020BBL-WESN),WD,3894375,98,1.3 品牌欄完全相符,2026-09-21 14:58:53,WD 威騰,品牌欄,wd威騰,wd,威騰,3894375,wd,,Hardware & 3C,auto,2,True
momo,Hardware & 3C,12950770,WD 威騰,【WD 威騰】My Passport 2TB 2.5吋行動硬碟-紅(WDBYVG0020BRD-WESN),WD,3894375,98,1.3 品牌欄完全相符,2026-09-21 14:58:53,WD 威騰,品牌欄,wd威騰,wd,威騰,3894375,wd,,Hardware & 3C,auto,2,True
momo,Hardware & 3C,12950771,WD 威騰,【WD 威騰】My Passport 2TB 2.5吋行動硬碟-白(WDBYVG0020BWT-WESN),WD,3894375,98,1.3 品牌欄完全相符,2026-09-21 14:58:53,WD 威騰,品牌欄,wd威騰,wd,威騰,3894375,wd,,Hardware & 3C,auto,2,True
momo,Hardware & 3C,12950775,WD 威騰,【WD 威騰】My Passport 4TB 2.5吋行動硬碟-白(WDBPKJ0040BWT-WESN),WD,3894375,98,1.3 品牌欄完全相符,2026-09-21 14:58:53,WD 威騰,品牌欄,wd威騰,wd,威騰,3894375,wd,,Hardware & 3C,auto,2,True
momo,Hardware & 3C,12950776,WD 威騰,【WD 威騰】My Passport 5TB 2.5吋行動硬碟-黑(WDBPKJ0050BBK-WESN),WD,3894375,98,1.3 品牌欄完全相符,2026-09-21 14:58:53,WD 威騰,品牌欄,wd威騰,wd,威騰,3894375,wd,,Hardware & 3C,auto,2,True
momo,Hardware & 3C,12950779,WD 威騰,【WD 威騰】My Passport 5TB 2.5吋行動硬碟-白(WDBPKJ0050BWT-WESN),WD,3894375,98,1.3 品牌欄完全相符,2026-09-21 14:58:53,WD 威騰,品牌欄,wd威騰,wd,威騰,3894375,wd,,Hardware & 3C,auto,2,True
momo,Hardware & 3C,12969894,WD 威騰,【WD 威騰】WD My Passport 6TB 2.5吋行動硬碟-黑(WDBR9S0060BBK-WESN),WD,3894375,98,1.3 品牌欄完全相符,2026-09-21 14:58:53,WD 威騰,品牌欄,wd威騰,wd,威騰,3894375,wd,,Hardware & 3C,auto,2,True
momo,Hardware & 3C,12969895,WD 威騰,【WD 威騰】WD My Passport 6TB 2.5吋行動硬碟-藍(WDBR9S0060BBL-WESN),WD,3894375,98,1.3 品牌欄完全相符,2026-09-21 14:58:53,WD 威騰,品牌欄,wd威騰,wd,威騰,3894375,wd,,Hardware & 3C,auto,2,True
momo,Hardware & 3C,12969896,WD 威騰,【WD 威騰】WD My Passport Ultra 6TB USB-C 2.5吋行動硬碟-星曜藍(WDBEJA0060BBL-WESN),WD,3894375,98,1.3 品牌欄完全相符,2026-09-21 14:58:53,WD 威騰,品牌欄,wd威騰,wd,威騰,3894375,wd,,Hardware & 3C,auto,2,True
momo,Hardware & 3C,12969897,WD 威騰,【WD 威騰】WD My Passport 6TB 2.5吋行動硬碟-紅(WDBR9S0060BRD-WESN),WD,3894375,98,1.3 品牌欄完全相符,2026-09-21 14:58:53,WD 威騰,品牌欄,wd威騰,wd,威騰,3894375,wd,,Hardware & 3C,auto,2,True
momo,Hardware & 3C,12969898,WD 威騰,【WD 威騰】WD My Passport 6TB 2.5吋行動硬碟-白(WDBR9S0060BWT-WESN),WD,3894375,98,1.3 品牌欄完全相符,2026-09-21 14:58:53,WD 威騰,品牌欄,wd威騰,wd,威騰,3894375,wd,,Hardware & 3C,auto,2,True
momo,Hardware & 3C,12969899,WD 威騰,【WD 威騰】WD My Passport Ultra for Mac 6TB 2.5吋USB-C行動硬碟-炫光銀(WDBGKC0060BSL-WESN),WD,3894375,98,1.3 品牌欄完全相符,2026-09-21 14:58:53,WD 威騰,品牌欄,wd威騰,wd,威騰,3894375,wd,,Hardware & 3C,auto,2,True
momo,Hardware & 3C,12969900,WD 威騰,【WD 威騰】WD_BLACK P10 Game Drive 6TB 2.5吋電競行動硬碟(WDBZ7D0060BBK-WESN),WD,3894375,98,1.3 品牌欄完全相符,2026-09-21 14:58:53,WD 威騰,品牌欄,wd威騰,wd,威騰,3894375,wd,,Hardware & 3C,auto,2,True
momo,Hardware & 3C,12969903,WD 威騰,【WD 威騰】My Passport Ultra 6TB Type-C 2.5吋 行動硬碟 藍(WDBEJA0060BBL-WESN),WD,3894375,98,1.3 品牌欄完全相符,2026-09-21 14:58:53,WD 威騰,品牌欄,wd威騰,wd,威騰,3894375,wd,,Hardware & 3C,auto,2,True
momo,Hardware & 3C,12969904,WD 威騰,【WD 威騰】My Passport Ultra for Mac 6TB Type-C 2.5吋 行動硬碟 銀,WD,3894375,98,1.3 品牌欄完全相符,2026-09-21 14:58:53,WD 威騰,品牌欄,wd威騰,wd,威騰,3894375,wd,,Hardware & 3C,auto,2,True
momo,Hardware & 3C,12970729,WD 威騰,【WD 威騰】BLACK黑標 P10 Game Drive 6TB 2.5吋行動硬碟,WD,3894375,98,1.3 品牌欄完全相符,2026-09-21 14:58:53,WD 威騰,品牌欄,wd威騰,wd,威騰,3894375,wd,,Hardware & 3C,auto,2,True
momo,Hardware & 3C,13037593,MSI 微星,【MSI 微星】GT 710 2GD3H LP 顯示卡,MSI,2563405,93,1.4 品牌欄相符（品牌庫有重複，取業績最高）,2026-09-21 14:58:53,MSI 微星,品牌欄,msi微星,msi,微星,2563405,msi,,Hardware & 3C,auto,3,True
momo,Hardware & 3C,13037594,MSI 微星,【MSI 微星】GT 710 2GD3H 4HDMI 顯示卡,MSI,2563405,93,1.4 品牌欄相符（品牌庫有重複，取業績最高）,2026-09-21 14:58:53,MSI 微星,品牌欄,msi微星,msi,微星,2563405,msi,,Hardware & 3C,auto,3,True
momo,Hardware & 3C,13058976,WD 威騰,【WD 威騰】Elements 6TB 2.5吋行動硬碟(WDBHJS0060BBK-WESN),WD,3894375,98,1.3 品牌欄完全相符,2026-09-21 14:58:53,WD 威騰,品牌欄,wd威騰,wd,威騰,3894375,wd,,Hardware & 3C,auto,2,True
momo,Hardware & 3C,13100101,AMD 超微,【AMD 超微】Ryzen R9-9950X 16核心 CPU處理器(4.3 GHz),AMD,1146249,98,1.3 品牌欄完全相符,2026-09-21 14:58:53,AMD 超微,品牌欄,amd超微,amd,超微,1146249,amd,,Hardware & 3C,auto,3,True
momo,Hardware & 3C,13100102,AMD 超微,【AMD 超微】Ryzen R9-9900X 12核心 CPU處理器(4.4 GHz),AMD,1146249,98,1.3 品牌欄完全相符,2026-09-21 14:58:53,AMD 超微,品牌欄,amd超微,amd,超微,1146249,amd,,Hardware & 3C,auto,3,True
momo,Hardware & 3C,13100103,AMD 超微,【AMD 超微】Ryzen R7-9700X 8核心 CPU處理器(3.8GHz),AMD,1146249,98,1.3 品牌欄完全相符,2026-09-21 14:58:53,AMD 超微,品牌欄,amd超微,amd,超微,1146249,amd,,Hardware & 3C,auto,3,True
momo,Hardware & 3C,13100104,AMD 超微,【AMD 超微】Ryzen R5-9600X 6核心 CPU處理器(3.9 GHz),AMD,1146249,98,1.3 品牌欄完全相符,2026-09-21 14:58:53,AMD 超微,品牌欄,amd超微,amd,超微,1146249,amd,,Hardware & 3C,auto,3,True
momo,Hardware & 3C,13156615,MSI 微星,【MSI 微星】MAG FORGE M100R WHITE 電腦機殼(電腦機殼/MATX/微星/MSI/RTX40),MSI,2563405,93,1.4 品牌欄相符（品牌庫有重複，取業績最高）,2026-09-21 14:58:53,MSI 微星,品牌欄,msi微星,msi,微星,2563405,msi,,Hardware & 3C,auto,3,True
momo,Hardware & 3C,13281743,WD 威騰,【WD 威騰】BLACK 黑標 P10 Game Drive 6TB 2.5吋行動硬碟(粉紅特仕版),WD,3894375,98,1.3 品牌欄完全相符,2026-09-21 14:58:53,WD 威騰,品牌欄,wd威騰,wd,威騰,3894375,wd,,Hardware & 3C,auto,2,True
momo,Hardware & 3C,13289678,HTC 宏達電,【HTC 宏達電】原廠 MAX-320 USonic超聲動 入耳式Type-C耳機 - 灰色(密封裝),HTC,1147210,85,1.4 品牌欄相符（品牌庫有重複，取業績最高）,2026-09-21 14:58:53,HTC 宏達電,品牌欄,htc宏達電,htc,宏達電,1147210,htc,,Mobile & Gadgets,auto,3,True
momo,Hardware & 3C,13301959,WD 威騰,【WD 威騰】WD_BLACK P10 Game Drive 4TB 粉紅版 2.5吋電競行動硬碟(WDBZ7D0040BPK-WESN),WD,3894375,98,1.3 品牌欄完全相符,2026-09-21 14:58:53,WD 威騰,品牌欄,wd威騰,wd,威騰,3894375,wd,,Hardware & 3C,auto,2,True
momo,Hardware & 3C,13301960,WD 威騰,【WD 威騰】WD_BLACK P10 Game Drive 2TB 粉紅版 2.5吋電競行動硬碟(WDBA2W0020BPK-WES1),WD,3894375,98,1.3 品牌欄完全相符,2026-09-21 14:58:53,WD 威騰,品牌欄,wd威騰,wd,威騰,3894375,wd,,Hardware & 3C,auto,2,True
momo,Hardware & 3C,13342630,MSI 微星,【MSI 微星】GT 710 2GD3H 4HDMI顯示卡,MSI,2563405,93,1.4 品牌欄相符（品牌庫有重複，取業績最高）,2026-09-21 14:58:53,MSI 微星,品牌欄,msi微星,msi,微星,2563405,msi,,Hardware & 3C,auto,3,True
momo,Hardware & 3C,13408533,WD 威騰,【WD 威騰】WD_BLACK P10 Game Drive 6TB 粉紅版 2.5吋電競行動硬碟(WDBZ7D0060BPK-WESN),WD,3894375,98,1.3 品牌欄完全相符,2026-09-21 14:58:53,WD 威騰,品牌欄,wd威騰,wd,威騰,3894375,wd,,Hardware & 3C,auto,2,True
momo,Hardware & 3C,13408534,WD 威騰,【WD 威騰】WD_BLACK SN850X 4TB Gen4 PCIe SSD固態硬碟 5年保 含散熱 7300MB/s WDS400T2XHE,WD,3894375,98,1.3 品牌欄完全相符,2026-09-21 14:58:53,WD 威騰,品牌欄,wd威騰,wd,威騰,3894375,wd,,Hardware & 3C,auto,2,True
momo,Hardware & 3C,13420154,WD 威騰,【WD 威騰】WD My Passport Ultra 6TB 2.5吋USB-C行動硬碟(翡翠綠),WD,3894375,98,1.3 品牌欄完全相符,2026-09-21 14:58:53,WD 威騰,品牌欄,wd威騰,wd,威騰,3894375,wd,,Hardware & 3C,auto,2,True
momo,Hardware & 3C,13425004,MSI 微星,【MSI 微星】GeForce RTX 3050 VENTUS 2X E 6G OC 顯示卡,MSI,2563405,93,1.4 品牌欄相符（品牌庫有重複，取業績最高）,2026-09-21 14:58:53,MSI 微星,品牌欄,msi微星,msi,微星,2563405,msi,,Hardware & 3C,auto,3,True
momo,Hardware & 3C,13445904,WD 威騰,【WD 威騰】WD_BLACK 黑標 SN850P 8TB M.2 NVMe PCIe SSD固態硬碟(WDBBYV0080BNC-WRSN),WD,3894375,98,1.3 品牌欄完全相符,2026-09-21 14:58:53,WD 威騰,品牌欄,wd威騰,wd,威騰,3894375,wd,,Hardware & 3C,auto,2,True
momo,Hardware & 3C,13454798,WD 威騰,【WD 威騰】20週年翡翠紀念版-My Passport Ultra 2TB USB-C 2.5吋行動硬碟(WDBJXT0020BGN-WESN/翡翠綠),WD,3894375,98,1.3 品牌欄完全相符,2026-09-21 14:58:53,WD 威騰,品牌欄,wd威騰,wd,威騰,3894375,wd,,Hardware & 3C,auto,2,True
momo,Hardware & 3C,13454799,WD 威騰,【WD 威騰】20週年翡翠紀念版-My Passport Ultra 6TB USB-C 2.5吋行動硬碟(WDBECU0060BGN-WESN/翡翠綠),WD,3894375,98,1.3 品牌欄完全相符,2026-09-21 14:58:53,WD 威騰,品牌欄,wd威騰,wd,威騰,3894375,wd,,Hardware & 3C,auto,2,True
momo,Hardware & 3C,13468948,MSI 微星,【MSI 微星】DATAMAG 20GBPS 1TB 磁吸式外接SSD (讀1600MB/寫1500MB),MSI,2563405,93,1.4 品牌欄相符（品牌庫有重複，取業績最高）,2026-09-21 14:58:53,MSI 微星,品牌欄,msi微星,msi,微星,2563405,msi,,Hardware & 3C,auto,3,True
momo,Hardware & 3C,13468949,MSI 微星,【MSI 微星】DATAMAG 20GBPS 2TB 磁吸式外接SSD (讀1600MB/寫1500MB),MSI,2563405,93,1.4 品牌欄相符（品牌庫有重複，取業績最高）,2026-09-21 14:58:53,MSI 微星,品牌欄,msi微星,msi,微星,2563405,msi,,Hardware & 3C,auto,3,True
momo,Hardware & 3C,13488908,WD 威騰,【WD 威騰】G-DRIVE ArmorATD 2TB 2.5吋行動硬碟,WD,3894375,98,1.3 品牌欄完全相符,2026-09-21 14:58:53,WD 威騰,品牌欄,wd威騰,wd,威騰,3894375,wd,,Hardware & 3C,auto,2,True
momo,Hardware & 3C,13488909,WD 威騰,【WD 威騰】G-DRIVE ArmorATD 4TB 2.5吋行動硬碟,WD,3894375,98,1.3 品牌欄完全相符,2026-09-21 14:58:53,WD 威騰,品牌欄,wd威騰,wd,威騰,3894375,wd,,Hardware & 3C,auto,2,True
momo,Hardware & 3C,13488910,WD 威騰,【WD 威騰】G-DRIVE ArmorATD 5TB 2.5吋行動硬碟,WD,3894375,98,1.3 品牌欄完全相符,2026-09-21 14:58:53,WD 威騰,品牌欄,wd威騰,wd,威騰,3894375,wd,,Hardware & 3C,auto,2,True
momo,Hardware & 3C,13488911,WD 威騰,【WD 威騰】G-DRIVE ArmorATD 6TB 2.5吋行動硬碟,WD,3894375,98,1.3 品牌欄完全相符,2026-09-21 14:58:53,WD 威騰,品牌欄,wd威騰,wd,威騰,3894375,wd,,Hardware & 3C,auto,2,True
momo,Hardware & 3C,13491509,WD 威騰,【WD 威騰】WD BLUE 藍標 SN5000 NVMe SSD 4T硬碟(WDS400T4B0E),WD,3894375,98,1.3 品牌欄完全相符,2026-09-21 14:58:53,WD 威騰,品牌欄,wd威騰,wd,威騰,3894375,wd,,Hardware & 3C,auto,2,True
momo,Hardware & 3C,13541152,MSI 微星,【MSI 微星】PRO B650-S WIFI 主機板,MSI,2563405,93,1.4 品牌欄相符（品牌庫有重複，取業績最高）,2026-09-21 14:58:53,MSI 微星,品牌欄,msi微星,msi,微星,2563405,msi,,Hardware & 3C,auto,3,True
momo,Hardware & 3C,13572942,MSI 微星,【MSI 微星】PRO Z890-S WIFI 主機板,MSI,2563405,93,1.4 品牌欄相符（品牌庫有重複，取業績最高）,2026-09-21 14:58:53,MSI 微星,品牌欄,msi微星,msi,微星,2563405,msi,,Hardware & 3C,auto,3,True
momo,Hardware & 3C,13588558,MSI 微星,【MSI 微星】MAG A650BNL WHITE 650W 銅牌 電源供應器,MSI,2563405,93,1.4 品牌欄相符（品牌庫有重複，取業績最高）,2026-09-21 14:58:53,MSI 微星,品牌欄,msi微星,msi,微星,2563405,msi,,Hardware & 3C,auto,3,True
momo,Hardware & 3C,13598053,MSI 微星,【MSI 微星】Claw 8 AI+ 電競遊戲掌機(Ultra 7 258V/32G/1T PCIe SSD/W11/A2VM-002TW),MSI,2563405,93,1.4 品牌欄相符（品牌庫有重複，取業績最高）,2026-09-21 14:58:53,MSI 微星,品牌欄,msi微星,msi,微星,2563405,msi,,Hardware & 3C,auto,3,True
momo,Hardware & 3C,13617131,MSI 微星,【MSI 微星】F120 ARGB WHITE-3RW 機殼散熱風扇(白色),MSI,2563405,93,1.4 品牌欄相符（品牌庫有重複，取業績最高）,2026-09-21 14:58:53,MSI 微星,品牌欄,msi微星,msi,微星,2563405,msi,,Hardware & 3C,auto,3,True
momo,Hardware & 3C,13617134,MSI 微星,【MSI 微星】MSI MAG CORELIQUID A13 240 水冷風扇,MSI,2563405,93,1.4 品牌欄相符（品牌庫有重複，取業績最高）,2026-09-21 14:58:53,MSI 微星,品牌欄,msi微星,msi,微星,2563405,msi,,Hardware & 3C,auto,3,True
momo,Hardware & 3C,13617135,MSI 微星,【MSI 微星】MAG CORELIQUID A13 240 WHITE 水冷風扇,MSI,2563405,93,1.4 品牌欄相符（品牌庫有重複，取業績最高）,2026-09-21 14:58:53,MSI 微星,品牌欄,msi微星,msi,微星,2563405,msi,,Hardware & 3C,auto,3,True
momo,Hardware & 3C,13617137,MSI 微星,【MSI 微星】MAG CORELIQUID A13 360 水冷風扇,MSI,2563405,93,1.4 品牌欄相符（品牌庫有重複，取業績最高）,2026-09-21 14:58:53,MSI 微星,品牌欄,msi微星,msi,微星,2563405,msi,,Hardware & 3C,auto,3,True
momo,Hardware & 3C,13617138,MSI 微星,【MSI 微星】MAG F120 ARGB-3RB 機殼散熱風扇,MSI,2563405,93,1.4 品牌欄相符（品牌庫有重複，取業績最高）,2026-09-21 14:58:53,MSI 微星,品牌欄,msi微星,msi,微星,2563405,msi,,Hardware & 3C,auto,3,True
momo,Hardware & 3C,13621533,MSI 微星,【MSI 微星】PRO B850-P WIFI 主機板,MSI,2563405,93,1.4 品牌欄相符（品牌庫有重複，取業績最高）,2026-09-21 14:58:53,MSI 微星,品牌欄,msi微星,msi,微星,2563405,msi,,Hardware & 3C,auto,3,True
momo,Hardware & 3C,13630186,MSI 微星,【MSI 微星】B860M GAMING PLUS WIFI 主機板,MSI,2563405,93,1.4 品牌欄相符（品牌庫有重複，取業績最高）,2026-09-21 14:58:53,MSI 微星,品牌欄,msi微星,msi,微星,2563405,msi,,Hardware & 3C,auto,3,True
momo,Hardware & 3C,13630187,MSI 微星,【MSI 微星】MAG B860 TOMAHAWK WIFI 主機板,MSI,2563405,93,1.4 品牌欄相符（品牌庫有重複，取業績最高）,2026-09-21 14:58:53,MSI 微星,品牌欄,msi微星,msi,微星,2563405,msi,,Hardware & 3C,auto,3,True
momo,Hardware & 3C,13641648,MSI 微星,【MSI 微星】SPATIUM M470 Pro 2TB M.2 2280 PCIe 4.0 SSD固態硬碟 (讀6000MB/寫5000MB),MSI,2563405,93,1.4 品牌欄相符（品牌庫有重複，取業績最高）,2026-09-21 14:58:53,MSI 微星,品牌欄,msi微星,msi,微星,2563405,msi,,Hardware & 3C,auto,3,True
momo,Hardware & 3C,13648523,WD 威騰,【WD 威騰】藍標 SA510 4TB 2.5吋 SATA SSD(讀：560Ms/寫：520Ms),WD,3894375,98,1.3 品牌欄完全相符,2026-09-21 14:58:53,WD 威騰,品牌欄,wd威騰,wd,威騰,3894375,wd,,Hardware & 3C,auto,2,True
momo,Hardware & 3C,13652521,MSI 微星,【MSI 微星】MPG X870E CARBON WIFI 主機板,MSI,2563405,93,1.4 品牌欄相符（品牌庫有重複，取業績最高）,2026-09-21 14:58:53,MSI 微星,品牌欄,msi微星,msi,微星,2563405,msi,,Hardware & 3C,auto,3,True
momo,Hardware & 3C,13655993,MSI 微星,【MSI 微星】SPATIUM M450 1TB V1 Gen4 M.2 2280 PCIe SSD固態硬碟 (讀3400MB/寫2400MB),MSI,2563405,93,1.4 品牌欄相符（品牌庫有重複，取業績最高）,2026-09-21 14:58:53,MSI 微星,品牌欄,msi微星,msi,微星,2563405,msi,,Hardware & 3C,auto,3,True
momo,Hardware & 3C,13679613,MSI 微星,【MSI 微星】Claw Travel Case II 電競掌機旅行收納包(Claw 8 AI+ A2VM-002TW專用),MSI,2563405,93,1.4 品牌欄相符（品牌庫有重複，取業績最高）,2026-09-21 14:58:53,MSI 微星,品牌欄,msi微星,msi,微星,2563405,msi,,Hardware & 3C,auto,3,True
momo,Hardware & 3C,13691952,MSI 微星,【MSI 微星】MAESTRO 300 輕量化電競耳機,MSI,2563405,93,1.4 品牌欄相符（品牌庫有重複，取業績最高）,2026-09-21 14:58:53,MSI 微星,品牌欄,msi微星,msi,微星,2563405,msi,,Hardware & 3C,auto,3,True
momo,Hardware & 3C,13709568,MSI 微星,【MSI 微星】SPATIUM M560 1TB M.2 2280 PCIe 5.0 SSD固態硬碟 (讀10200MB/寫8400MB),MSI,2563405,93,1.4 品牌欄相符（品牌庫有重複，取業績最高）,2026-09-21 14:58:53,MSI 微星,品牌欄,msi微星,msi,微星,2563405,msi,,Hardware & 3C,auto,3,True
momo,Hardware & 3C,13709569,MSI 微星,【MSI 微星】SPATIUM M560 2TB M.2 2280 PCIe 5.0 SSD固態硬碟 (讀10300MB/寫8700MB),MSI,2563405,93,1.4 品牌欄相符（品牌庫有重複，取業績最高）,2026-09-21 14:58:53,MSI 微星,品牌欄,msi微星,msi,微星,2563405,msi,,Hardware & 3C,auto,3,True
momo,Hardware & 3C,13722871,MSI 微星,【MSI 微星】18吋R9-9955HX3D RTX 5090-24G電競筆電(Raider A18 HX/64G/2T SSD/Win11/A9WJG-043TW),MSI,2563405,93,1.4 品牌欄相符（品牌庫有重複，取業績最高）,2026-09-21 14:58:53,MSI 微星,品牌欄,msi微星,msi,微星,2563405,msi,,Hardware & 3C,auto,3,True
momo,Hardware & 3C,13743246,MSI 微星,【MSI 微星】板+U組合 AMD★B850 GAMING PLUS WIFI 主機板+Ryzen R7-9700X 8核心處理器,MSI,2563405,93,1.4 品牌欄相符（品牌庫有重複，取業績最高）,2026-09-21 14:58:53,MSI 微星,品牌欄,msi微星,msi,微星,2563405,msi,,Hardware & 3C,auto,3,True
momo,Hardware & 3C,13743257,MSI 微星,【MSI 微星】板+U組合 AMD★PRO B850-P WIFI 主機板+Ryzen R7-9700X 8核心處理器,MSI,2563405,93,1.4 品牌欄相符（品牌庫有重複，取業績最高）,2026-09-21 14:58:53,MSI 微星,品牌欄,msi微星,msi,微星,2563405,msi,,Hardware & 3C,auto,3,True
momo,Hardware & 3C,13757805,MSI 微星,【MSI 微星】GeForce RTX 5070 12G GAMING TRIO OC顯示卡,MSI,2563405,93,1.4 品牌欄相符（品牌庫有重複，取業績最高）,2026-09-21 14:58:53,MSI 微星,品牌欄,msi微星,msi,微星,2563405,msi,,Hardware & 3C,auto,3,True
momo,Hardware & 3C,13757806,MSI 微星,【MSI 微星】GeForce RTX 5070 12G SHADOW 2X OC 顯示卡,MSI,2563405,93,1.4 品牌欄相符（品牌庫有重複，取業績最高）,2026-09-21 14:58:53,MSI 微星,品牌欄,msi微星,msi,微星,2563405,msi,,Hardware & 3C,auto,3,True
momo,Hardware & 3C,13757807,MSI 微星,【MSI 微星】GeForce RTX 5070 12G VENTUS 3X OC 顯示卡,MSI,2563405,93,1.4 品牌欄相符（品牌庫有重複，取業績最高）,2026-09-21 14:58:53,MSI 微星,品牌欄,msi微星,msi,微星,2563405,msi,,Hardware & 3C,auto,3,True
momo,Hardware & 3C,13761733,MSI 微星,【MSI 微星】MPG X870E EDGE TI WIFI 主機板,MSI,2563405,93,1.4 品牌欄相符（品牌庫有重複，取業績最高）,2026-09-21 14:58:53,MSI 微星,品牌欄,msi微星,msi,微星,2563405,msi,,Hardware & 3C,auto,3,True
momo,Hardware & 3C,13785193,WD 威騰,【WD 威騰】2入★紅標 Plus 8TB 3.5吋 5640轉 256MB NAS 內接硬碟(WD80EFPX),WD,3894375,98,1.3 品牌欄完全相符,2026-09-21 14:58:53,WD 威騰,品牌欄,wd威騰,wd,威騰,3894375,wd,,Hardware & 3C,auto,2,True
momo,Hardware & 3C,13788068,MSI 微星,【MSI 微星】GeForce RTX 5070 12G VENTUS 2X OC 顯示卡,MSI,2563405,93,1.4 品牌欄相符（品牌庫有重複，取業績最高）,2026-09-21 14:58:53,MSI 微星,品牌欄,msi微星,msi,微星,2563405,msi,,Hardware & 3C,auto,3,True
momo,Hardware & 3C,13788359,AMD 超微,【AMD 超微】Ryzen 9-9900X3D 12核心 CPU處理器(4.4GHz),AMD,1146249,98,1.3 品牌欄完全相符,2026-09-21 14:58:53,AMD 超微,品牌欄,amd超微,amd,超微,1146249,amd,,Hardware & 3C,auto,3,True
momo,Hardware & 3C,13788360,AMD 超微,【AMD 超微】Ryzen 9-9950X3D 16核心 CPU處理器(4.3GHz),AMD,1146249,98,1.3 品牌欄完全相符,2026-09-21 14:58:53,AMD 超微,品牌欄,amd超微,amd,超微,1146249,amd,,Hardware & 3C,auto,3,True
momo,Hardware & 3C,13793269,MSI 微星,【MSI 微星】MAG X870E TOMAHAWK WIFI AMD主機板,MSI,2563405,93,1.4 品牌欄相符（品牌庫有重複，取業績最高）,2026-09-21 14:58:53,MSI 微星,品牌欄,msi微星,msi,微星,2563405,msi,,Hardware & 3C,auto,3,True
momo,Hardware & 3C,13867306,LG 樂金,【LG 樂金】Gram 16吋 Ultra 5 輕薄AI筆電 (16Z90TL-G.AP55C2/16G/512GB NVMe/WIN11PRO),LG,1695281,90,1.3 品牌欄完全相符,2026-09-21 14:58:53,LG 樂金,品牌欄,lg樂金,lg,樂金,1695281,lg,,Home Electronic,auto,2,True
momo,Hardware & 3C,13906302,MSI 微星,【MSI 微星】GeForce RTX 5060 Ti 8G GAMING TRIO OC 顯示卡,MSI,2563405,93,1.4 品牌欄相符（品牌庫有重複，取業績最高）,2026-09-21 14:58:53,MSI 微星,品牌欄,msi微星,msi,微星,2563405,msi,,Hardware & 3C,auto,3,True
momo,Hardware & 3C,13906687,MSI 微星,【MSI 微星】GeForce RTX 5060 Ti 8G VENTUS 2X OC PLUS 顯示卡,MSI,2563405,93,1.4 品牌欄相符（品牌庫有重複，取業績最高）,2026-09-21 14:58:53,MSI 微星,品牌欄,msi微星,msi,微星,2563405,msi,,Hardware & 3C,auto,3,True
momo,Hardware & 3C,13920266,MSI 微星,【MSI 微星】MAG 255F E20 25型 IPS FHD 200Hz 電競螢幕(0.5ms/HDR),MSI,2563405,93,1.4 品牌欄相符（品牌庫有重複，取業績最高）,2026-09-21 14:58:53,MSI 微星,品牌欄,msi微星,msi,微星,2563405,msi,,Hardware & 3C,auto,3,True
momo,Hardware & 3C,13980045,WD 威騰,【WD 威騰】My Book 24TB 3.5吋 外接硬碟(WDBBGB0240HBK-SESN),WD,3894375,98,1.3 品牌欄完全相符,2026-09-21 14:58:53,WD 威騰,品牌欄,wd威騰,wd,威騰,3894375,wd,,Hardware & 3C,auto,2,True
momo,Hardware & 3C,14000285,MSI 微星,【MSI 微星】B860 GAMING PLUS WIFI intel主機板,MSI,2563405,93,1.4 品牌欄相符（品牌庫有重複，取業績最高）,2026-09-21 14:58:53,MSI 微星,品牌欄,msi微星,msi,微星,2563405,msi,,Hardware & 3C,auto,3,True
momo,Hardware & 3C,14000286,MSI 微星,【MSI 微星】PRO B860-P WIFI intel主機板,MSI,2563405,93,1.4 品牌欄相符（品牌庫有重複，取業績最高）,2026-09-21 14:58:53,MSI 微星,品牌欄,msi微星,msi,微星,2563405,msi,,Hardware & 3C,auto,3,True
momo,Hardware & 3C,14040992,MSI 微星,【MSI 微星】16吋 Ryzen AI 7 350 AI筆電(Venture A16 AI+/16G/1TB SSD/W11/A3HMG-028TW),MSI,2563405,93,1.4 品牌欄相符（品牌庫有重複，取業績最高）,2026-09-21 14:58:53,MSI 微星,品牌欄,msi微星,msi,微星,2563405,msi,,Hardware & 3C,auto,3,True
momo,Hardware & 3C,14044046,MSI 微星,【MSI 微星】RTX 5060 Ti 8G VENTUS 2X OC PLUS顯示卡,MSI,2563405,93,1.4 品牌欄相符（品牌庫有重複，取業績最高）,2026-09-21 14:58:53,MSI 微星,品牌欄,msi微星,msi,微星,2563405,msi,,Hardware & 3C,auto,3,True
momo,Hardware & 3C,14044048,MSI 微星,【MSI 微星】GeForce RTX 5060 Ti 8G GAMING TRIO OC顯示卡,MSI,2563405,93,1.4 品牌欄相符（品牌庫有重複，取業績最高）,2026-09-21 14:58:53,MSI 微星,品牌欄,msi微星,msi,微星,2563405,msi,,Hardware & 3C,auto,3,True
momo,Hardware & 3C,14083747,WD 威騰,【WD 威騰】WD100EAGZ 藍標 10TB 3.5吋SATA硬碟,WD,3894375,98,1.3 品牌欄完全相符,2026-09-21 14:58:53,WD 威騰,品牌欄,wd威騰,wd,威騰,3894375,wd,,Hardware & 3C,auto,2,True
momo,Hardware & 3C,14089757,MSI 微星,【MSI 微星】VERSA PRO WIRELESS 旗艦三模電競滑鼠(MOUSE DOCK PRO 充電底座組),MSI,2563405,93,1.4 品牌欄相符（品牌庫有重複，取業績最高）,2026-09-21 14:58:53,MSI 微星,品牌欄,msi微星,msi,微星,2563405,msi,,Hardware & 3C,auto,3,True
momo,Hardware & 3C,14099046,MSI 微星,【MSI 微星】Ultra 7-155H 十六核AI迷你電腦(Cubi NUC AI 1UMG-040BTW/RAM*2/SSD*2/無作業系統),MSI,2563405,93,1.4 品牌欄相符（品牌庫有重複，取業績最高）,2026-09-21 14:58:53,MSI 微星,品牌欄,msi微星,msi,微星,2563405,msi,,Hardware & 3C,auto,3,True
momo,Hardware & 3C,14114614,MSI 微星,【MSI 微星】RTX 5060 8G GAMING TRIO OC WHITE顯示卡,MSI,2563405,93,1.4 品牌欄相符（品牌庫有重複，取業績最高）,2026-09-21 14:58:53,MSI 微星,品牌欄,msi微星,msi,微星,2563405,msi,,Hardware & 3C,auto,3,True
momo,Hardware & 3C,14140336,MSI 微星,【MSI 微星】MAG X870E TOMAHAWK WIFI AMD主機板+AMD R9 9950X3D處理器,MSI,2563405,93,1.4 品牌欄相符（品牌庫有重複，取業績最高）,2026-09-21 14:58:53,MSI 微星,品牌欄,msi微星,msi,微星,2563405,msi,,Hardware & 3C,auto,3,True
momo,Hardware & 3C,14153753,WD 威騰,【WD 威騰】BLACK 黑標 SN8100 1TB Gen5 NVMe PCIe SSD固態硬碟(WDS100T1X0M),WD,3894375,98,1.3 品牌欄完全相符,2026-09-21 14:58:53,WD 威騰,品牌欄,wd威騰,wd,威騰,3894375,wd,,Hardware & 3C,auto,2,True
momo,Hardware & 3C,14153754,WD 威騰,【WD 威騰】BLACK 黑標 SN8100 2TB Gen5 NVMe PCIe SSD固態硬碟(WDS200T1X0M),WD,3894375,98,1.3 品牌欄完全相符,2026-09-21 14:58:53,WD 威騰,品牌欄,wd威騰,wd,威騰,3894375,wd,,Hardware & 3C,auto,2,True
momo,Hardware & 3C,14153755,WD 威騰,【WD 威騰】BLACK 黑標 SN8100 4TB Gen5 NVMe PCIe SSD固態硬碟(WDS400T1X0M),WD,3894375,98,1.3 品牌欄完全相符,2026-09-21 14:58:53,WD 威騰,品牌欄,wd威騰,wd,威騰,3894375,wd,,Hardware & 3C,auto,2,True
momo,Hardware & 3C,14180379,MSI 微星,【MSI 微星】PRO SHIELD M100P電腦機殼,MSI,2563405,93,1.4 品牌欄相符（品牌庫有重複，取業績最高）,2026-09-21 14:58:53,MSI 微星,品牌欄,msi微星,msi,微星,2563405,msi,,Hardware & 3C,auto,3,True
momo,Hardware & 3C,14185176,MSI 微星,【MSI 微星】24型 i3 液晶電腦(PRO AP242P 14M-625TW/i3-14100/8G/512G SSD/Win11),MSI,2563405,93,1.4 品牌欄相符（品牌庫有重複，取業績最高）,2026-09-21 14:58:53,MSI 微星,品牌欄,msi微星,msi,微星,2563405,msi,,Hardware & 3C,auto,3,True
momo,Hardware & 3C,14185287,MSI 微星,【MSI 微星】G242L E14 24型 IPS 144Hz 電競螢幕(HDR Ready/1ms),MSI,2563405,93,1.4 品牌欄相符（品牌庫有重複，取業績最高）,2026-09-21 14:58:53,MSI 微星,品牌欄,msi微星,msi,微星,2563405,msi,,Hardware & 3C,auto,3,True
momo,Hardware & 3C,14185291,MSI 微星,【MSI 微星】PRO MP243L E14 24型 IPS 144Hz 平面美型商用螢幕(EyesErgo技術/HDMI/1ms),MSI,2563405,93,1.4 品牌欄相符（品牌庫有重複，取業績最高）,2026-09-21 14:58:53,MSI 微星,品牌欄,msi微星,msi,微星,2563405,msi,,Hardware & 3C,auto,3,True
momo,Hardware & 3C,14187320,MSI 微星,【MSI 微星】GeForce RTX 5050 8G SHADOW 2X OC顯示卡,MSI,2563405,93,1.4 品牌欄相符（品牌庫有重複，取業績最高）,2026-09-21 14:58:53,MSI 微星,品牌欄,msi微星,msi,微星,2563405,msi,,Hardware & 3C,auto,3,True
momo,Hardware & 3C,14187321,MSI 微星,【MSI 微星】GeForce RTX 5050 8G VENTUS 2X OC顯示卡,MSI,2563405,93,1.4 品牌欄相符（品牌庫有重複，取業績最高）,2026-09-21 14:58:53,MSI 微星,品牌欄,msi微星,msi,微星,2563405,msi,,Hardware & 3C,auto,3,True
momo,Hardware & 3C,14188863,WD 威騰,【WD 威騰】WD My Book 26TB 3.5吋外接硬碟(WDBBGB0260HBK-SESN),WD,3894375,98,1.3 品牌欄完全相符,2026-09-21 14:58:53,WD 威騰,品牌欄,wd威騰,wd,威騰,3894375,wd,,Hardware & 3C,auto,2,True
momo,Hardware & 3C,14194986,WD 威騰,【WD 威騰】黑標 SN8100 1TB M.2 PCIe 5.0 NVMe SSD固態硬碟(WDS100T1X0M-00CMT0),WD,3894375,98,1.3 品牌欄完全相符,2026-09-21 14:58:53,WD 威騰,品牌欄,wd威騰,wd,威騰,3894375,wd,,Hardware & 3C,auto,2,True
momo,Hardware & 3C,14200364,MSI 微星,【MSI 微星】機殼+電源組合★MAG FORGE M100R WHITE 電腦機殼(MATX/RTX40)+微星650W 銅牌 MAG A650BNL WHIT,MSI,2563405,93,1.4 品牌欄相符（品牌庫有重複，取業績最高）,2026-09-21 14:58:53,MSI 微星,品牌欄,msi微星,msi,微星,2563405,msi,,Hardware & 3C,auto,3,True
momo,Hardware & 3C,14217733,MSI 微星,【MSI 微星】B850M GAMING PLUS WIFI 主機板,MSI,2563405,93,1.4 品牌欄相符（品牌庫有重複，取業績最高）,2026-09-21 14:58:53,MSI 微星,品牌欄,msi微星,msi,微星,2563405,msi,,Hardware & 3C,auto,3,True
momo,Hardware & 3C,14251197,WD 威騰,【WD 威騰】My Book 22TB 3.5吋 外接硬碟(WDBBGB0220HBK-SESN),WD,3894375,98,1.3 品牌欄完全相符,2026-09-21 14:58:53,WD 威騰,品牌欄,wd威騰,wd,威騰,3894375,wd,,Hardware & 3C,auto,2,True
momo,Hardware & 3C,14275520,MSI 微星,【MSI 微星】C+M組合★MAG X870E TOMAHAWK WIFI AMD主機板+ AMD Ryzen 9-9900X3D 12核心 CPU處理器(4.4GHz),MSI,2563405,93,1.4 品牌欄相符（品牌庫有重複，取業績最高）,2026-09-21 14:58:53,MSI 微星,品牌欄,msi微星,msi,微星,2563405,msi,,Hardware & 3C,auto,3,True
momo,Hardware & 3C,14275521,MSI 微星,【MSI 微星】C+M組合★MAG X870E TOMAHAWK WIFI AMD主機板+ AMD Ryzen R9-9900X 12核心 CPU處理器(4.4 GHz),MSI,2563405,93,1.4 品牌欄相符（品牌庫有重複，取業績最高）,2026-09-21 14:58:53,MSI 微星,品牌欄,msi微星,msi,微星,2563405,msi,,Hardware & 3C,auto,3,True
momo,Hardware & 3C,14275525,MSI 微星,【MSI 微星】C+M組合★MAG X870E TOMAHAWK WIFI AMD主機板+ AMD Ryzen R7-9700X 8核心 CPU處理器(3.8GHz),MSI,2563405,93,1.4 品牌欄相符（品牌庫有重複，取業績最高）,2026-09-21 14:58:53,MSI 微星,品牌欄,msi微星,msi,微星,2563405,msi,,Hardware & 3C,auto,3,True
momo,Hardware & 3C,14275548,MSI 微星,【MSI 微星】C+M組合★MAG X870E TOMAHAWK WIFI AMD主機板+ AMD Ryzen 9-9950X3D 16核心 CPU處理器(4.3GHz),MSI,2563405,93,1.4 品牌欄相符（品牌庫有重複，取業績最高）,2026-09-21 14:58:53,MSI 微星,品牌欄,msi微星,msi,微星,2563405,msi,,Hardware & 3C,auto,3,True
momo,Hardware & 3C,14275949,MSI 微星,【MSI 微星】顯卡+電源組合★GeForce RTX 5070 12G VENTUS 2X OC WHITE 顯示+MAG A750GL PCIE5 80PLUS 750W,MSI,2563405,93,1.4 品牌欄相符（品牌庫有重複，取業績最高）,2026-09-21 14:58:53,MSI 微星,品牌欄,msi微星,msi,微星,2563405,msi,,Hardware & 3C,auto,3,True
momo,Hardware & 3C,14286159,MSI 微星,【MSI 微星】+RGB 鍵鼠★i5 RTX3050電競電腦(Infinite E1 12TA-070TW/i5-12400F/16G/1TB SSD/RTX3050/W11),MSI,2563405,93,1.4 品牌欄相符（品牌庫有重複，取業績最高）,2026-09-21 14:58:53,MSI 微星,品牌欄,msi微星,msi,微星,2563405,msi,,Hardware & 3C,auto,3,True
momo,Hardware & 3C,14296406,MSI 微星,【MSI 微星】微軟M365組★i5 RTX3050電競電腦(Infinite E1 12TA-070TW/i5-12400F/16G/1TB SSD/RTX3050/W11),MSI,2563405,93,1.4 品牌欄相符（品牌庫有重複，取業績最高）,2026-09-21 14:58:53,MSI 微星,品牌欄,msi微星,msi,微星,2563405,msi,,Hardware & 3C,auto,3,True
momo,Hardware & 3C,14296407,MSI 微星,【MSI 微星】Office2024組★i5 RTX3050電競電腦(Infinite E1 12TA-070TW/i5-12400F/16G/1TB SSD/RTX3050/W1,MSI,2563405,93,1.4 品牌欄相符（品牌庫有重複，取業績最高）,2026-09-21 14:58:53,MSI 微星,品牌欄,msi微星,msi,微星,2563405,msi,,Hardware & 3C,auto,3,True
momo,Hardware & 3C,14323334,AMD 超微,【AMD 超微】C+散熱器組合★Ryzen 9-9950X3D 16核心 CPU處理器+貓頭鷹 Noctua NH-D15 G2 雙塔雙扇(散熱器),AMD,1146249,98,1.3 品牌欄完全相符,2026-09-21 14:58:53,AMD 超微,品牌欄,amd超微,amd,超微,1146249,amd,,Hardware & 3C,auto,3,True
momo,Hardware & 3C,14323335,AMD 超微,【AMD 超微】C+散熱器組合★Ryzen 9-9950X3D 16核心 CPU處理器+貓頭鷹 Noctua NH-D15 G2 LBC(雙塔雙扇),AMD,1146249,98,1.3 品牌欄完全相符,2026-09-21 14:58:53,AMD 超微,品牌欄,amd超微,amd,超微,1146249,amd,,Hardware & 3C,auto,3,True
momo,Hardware & 3C,14323337,AMD 超微,【AMD 超微】C+散熱器組合★Ryzen 9-9950X3D 16核心 CPU處理器+貓頭鷹 Noctua NH-U12A chromax.black,AMD,1146249,98,1.3 品牌欄完全相符,2026-09-21 14:58:53,AMD 超微,品牌欄,amd超微,amd,超微,1146249,amd,,Hardware & 3C,auto,3,True
momo,Hardware & 3C,14323338,AMD 超微,【AMD 超微】C+散熱器組合★Ryzen 9-9950X3D 16核心 CPU處理器+貓頭鷹Noctua NH-U12A(非對稱單塔 七導管),AMD,1146249,98,1.3 品牌欄完全相符,2026-09-21 14:58:53,AMD 超微,品牌欄,amd超微,amd,超微,1146249,amd,,Hardware & 3C,auto,3,True
momo,Hardware & 3C,14323339,AMD 超微,【AMD 超微】C+散熱器組合★Ryzen 9-9950X3D 16核心 CPU處理器+貓頭鷹 Noctua NH-D15(雙塔 雙扇 六導管),AMD,1146249,98,1.3 品牌欄完全相符,2026-09-21 14:58:53,AMD 超微,品牌欄,amd超微,amd,超微,1146249,amd,,Hardware & 3C,auto,3,True
momo,Hardware & 3C,14323341,AMD 超微,【AMD 超微】Ryzen 9-9900X3D 12核心 CPU處理器+貓頭鷹 Noctua NH-D15 G2 雙塔雙扇(CPU散熱器),AMD,1146249,98,1.3 品牌欄完全相符,2026-09-21 14:58:53,AMD 超微,品牌欄,amd超微,amd,超微,1146249,amd,,Hardware & 3C,auto,3,True
momo,Hardware & 3C,14323342,AMD 超微,【AMD 超微】Ryzen 9-9900X3D 12核心 CPU處理器+貓頭鷹 Noctua NH-D15 G2 LBC(雙塔雙扇CPU散熱器),AMD,1146249,98,1.3 品牌欄完全相符,2026-09-21 14:58:53,AMD 超微,品牌欄,amd超微,amd,超微,1146249,amd,,Hardware & 3C,auto,3,True
momo,Hardware & 3C,14323346,AMD 超微,【AMD 超微】Ryzen 9-9900X3D 12核心 CPU處理器+貓頭鷹 Noctua NH-D15(雙塔 雙扇 六導管 靜音 CPU散熱器),AMD,1146249,98,1.3 品牌欄完全相符,2026-09-21 14:58:53,AMD 超微,品牌欄,amd超微,amd,超微,1146249,amd,,Hardware & 3C,auto,3,True
momo,Hardware & 3C,14330854,MSI 微星,【MSI 微星】MPG CORELIQUID P13 360 水冷風扇(INTEL/AMD/水冷散熱器),MSI,2563405,93,1.4 品牌欄相符（品牌庫有重複，取業績最高）,2026-09-21 14:58:53,MSI 微星,品牌欄,msi微星,msi,微星,2563405,msi,,Hardware & 3C,auto,3,True
momo,Hardware & 3C,14330855,MSI 微星,【MSI 微星】MPG CORELIQUID P13 360 WHITE 水冷風扇(INTEL/AMD/水冷散熱器),MSI,2563405,93,1.4 品牌欄相符（品牌庫有重複，取業績最高）,2026-09-21 14:58:53,MSI 微星,品牌欄,msi微星,msi,微星,2563405,msi,,Hardware & 3C,auto,3,True
momo,Hardware & 3C,14330859,MSI 微星,【MSI 微星】MAG COREFROZR AA13 WHITE CPU散熱器(塔扇/INTEL/AMD),MSI,2563405,93,1.4 品牌欄相符（品牌庫有重複，取業績最高）,2026-09-21 14:58:53,MSI 微星,品牌欄,msi微星,msi,微星,2563405,msi,,Hardware & 3C,auto,3,True
momo,Hardware & 3C,14352019,MSI 微星,【MSI 微星】PRO MP165 E6 16型 IPS FHD 攜帶型螢幕(Type-C/內建喇叭),MSI,2563405,93,1.4 品牌欄相符（品牌庫有重複，取業績最高）,2026-09-21 14:58:53,MSI 微星,品牌欄,msi微星,msi,微星,2563405,msi,,Hardware & 3C,auto,3,True
momo,Hardware & 3C,14423229,MSI 微星,【MSI 微星】MAG 245F X24 24型 FHD 240Hz 電競螢幕(HDR),MSI,2563405,93,1.4 品牌欄相符（品牌庫有重複，取業績最高）,2026-09-21 14:58:53,MSI 微星,品牌欄,msi微星,msi,微星,2563405,msi,,Hardware & 3C,auto,3,True
momo,Hardware & 3C,14425326,MSI 微星,【MSI 微星】PRO MP165 E6 16型 IPS FHD 攜帶型螢幕(Type-C/內建喇叭),MSI,2563405,93,1.4 品牌欄相符（品牌庫有重複，取業績最高）,2026-09-21 14:58:53,MSI 微星,品牌欄,msi微星,msi,微星,2563405,msi,,Hardware & 3C,auto,3,True
momo,Hardware & 3C,14430743,MSI 微星,【MSI 微星】Ultra 5-226V 八核AI迷你電腦(CUBI NUC AI+ 2MG-034TW/16G/512G SSD/W11P),MSI,2563405,93,1.4 品牌欄相符（品牌庫有重複，取業績最高）,2026-09-21 14:58:53,MSI 微星,品牌欄,msi微星,msi,微星,2563405,msi,,Hardware & 3C,auto,3,True
momo,Hardware & 3C,14430845,MSI 微星,【MSI 微星】準系統(PRO DP21 14M-248BTW/CPU需自行選購/RAM*2/SSD*1/HDD*2/無作業系統),MSI,2563405,93,1.4 品牌欄相符（品牌庫有重複，取業績最高）,2026-09-21 14:58:53,MSI 微星,品牌欄,msi微星,msi,微星,2563405,msi,,Hardware & 3C,auto,3,True
momo,Hardware & 3C,14435430,AMD 超微,【AMD】U+散熱器組合★Ryzen 9-9900X3D 12核心 CPU處理器+ROG RYUJIN III 360 ARGB EXTREME 水冷散熱器 白,AMD,1146249,98,1.3 品牌欄完全相符,2026-09-21 14:58:53,AMD 超微,品牌欄,amd超微,amd,超微,1146249,amd,,Hardware & 3C,auto,3,True
momo,Hardware & 3C,14435431,AMD 超微,【AMD】U+散熱器組合★Ryzen 9-9900X3D 12核心 CPU處理器+ROG Ryuo IV SLC 360 ARGB 水冷散熱器,AMD,1146249,98,1.3 品牌欄完全相符,2026-09-21 14:58:53,AMD 超微,品牌欄,amd超微,amd,超微,1146249,amd,,Hardware & 3C,auto,3,True
momo,Hardware & 3C,14435432,AMD 超微,【AMD】U+散熱器組合★Ryzen 9-9900X3D 12核心 CPU處理器+ROG Ryujin III 360 ARGB Extreme 一體式水冷 CPU,AMD,1146249,98,1.3 品牌欄完全相符,2026-09-21 14:58:53,AMD 超微,品牌欄,amd超微,amd,超微,1146249,amd,,Hardware & 3C,auto,3,True
momo,Hardware & 3C,14435433,AMD 超微,【AMD】U+散熱器組合★Ryzen 9-9900X3D 12核心 CPU處理器+華碩ProArt LC 420 一體式 CPU 水冷散熱器,AMD,1146249,98,1.3 品牌欄完全相符,2026-09-21 14:58:53,AMD 超微,品牌欄,amd超微,amd,超微,1146249,amd,,Hardware & 3C,auto,3,True
momo,Hardware & 3C,14435438,AMD 超微,【AMD】U+散熱器組合★Ryzen 9-9900X3D 12核心 CPU處理器+華碩ProArt LC 360 一體式 CPU 水冷散熱器,AMD,1146249,98,1.3 品牌欄完全相符,2026-09-21 14:58:53,AMD 超微,品牌欄,amd超微,amd,超微,1146249,amd,,Hardware & 3C,auto,3,True
momo,Hardware & 3C,14436244,AMD 超微,【AMD】U+散熱器組合★Ryzen R7-9700X 8核心 CPU處理器+ROG RYUJIN III 360 ARGB EXTREME 水冷散熱器 白,AMD,1146249,98,1.3 品牌欄完全相符,2026-09-21 14:58:53,AMD 超微,品牌欄,amd超微,amd,超微,1146249,amd,,Hardware & 3C,auto,3,True
momo,Hardware & 3C,14436245,AMD 超微,【AMD】U+散熱器組合★Ryzen R7-9700X 8核心 CPU處理器+ROG Ryuo IV SLC 360 ARGB 水冷散熱器,AMD,1146249,98,1.3 品牌欄完全相符,2026-09-21 14:58:53,AMD 超微,品牌欄,amd超微,amd,超微,1146249,amd,,Hardware & 3C,auto,3,True
momo,Hardware & 3C,14436246,AMD 超微,【AMD】U+散熱器組合★Ryzen R7-9700X 8核心 CPU處理器+ROG Ryujin III 360 ARGB Extreme 一體式水冷 CPU,AMD,1146249,98,1.3 品牌欄完全相符,2026-09-21 14:58:53,AMD 超微,品牌欄,amd超微,amd,超微,1146249,amd,,Hardware & 3C,auto,3,True
momo,Hardware & 3C,14436247,AMD 超微,【AMD】U+散熱器組合★Ryzen R7-9700X 8核心 CPU處理器+華碩ProArt LC 420 一體式 CPU 水冷散熱器,AMD,1146249,98,1.3 品牌欄完全相符,2026-09-21 14:58:53,AMD 超微,品牌欄,amd超微,amd,超微,1146249,amd,,Hardware & 3C,auto,3,True
momo,Hardware & 3C,14436252,AMD 超微,【AMD】U+散熱器組合★Ryzen R7-9700X 8核心 CPU處理器+華碩ProArt LC 360 一體式 CPU 水冷散熱器,AMD,1146249,98,1.3 品牌欄完全相符,2026-09-21 14:58:53,AMD 超微,品牌欄,amd超微,amd,超微,1146249,amd,,Hardware & 3C,auto,3,True
momo,Hardware & 3C,14436260,AMD 超微,【AMD】U+散熱器組合★Ryzen R9-9900X 12核心 CPU處理器+ROG RYUJIN III 360 ARGB EXTREME 水冷散熱器 白,AMD,1146249,98,1.3 品牌欄完全相符,2026-09-21 14:58:53,AMD 超微,品牌欄,amd超微,amd,超微,1146249,amd,,Hardware & 3C,auto,3,True
momo,Hardware & 3C,14436504,AMD 超微,【AMD】U+散熱器組合★Ryzen R9-9900X 12核心 CPU處理器+ROG Ryuo IV SLC 360 ARGB 水冷散熱器,AMD,1146249,98,1.3 品牌欄完全相符,2026-09-21 14:58:53,AMD 超微,品牌欄,amd超微,amd,超微,1146249,amd,,Hardware & 3C,auto,3,True
momo,Hardware & 3C,14436505,AMD 超微,【AMD】U+散熱器組合★Ryzen R9-9900X 12核心 CPU處理器+ROG Ryujin III 360 ARGB Extreme 一體式水冷 CPU,AMD,1146249,98,1.3 品牌欄完全相符,2026-09-21 14:58:53,AMD 超微,品牌欄,amd超微,amd,超微,1146249,amd,,Hardware & 3C,auto,3,True
momo,Hardware & 3C,14436506,AMD 超微,【AMD】U+散熱器組合★Ryzen R9-9900X 12核心 CPU處理器+華碩ProArt LC 420 一體式 CPU 水冷散熱器,AMD,1146249,98,1.3 品牌欄完全相符,2026-09-21 14:58:53,AMD 超微,品牌欄,amd超微,amd,超微,1146249,amd,,Hardware & 3C,auto,3,True
momo,Hardware & 3C,14436508,AMD 超微,【AMD】U+散熱器組合★Ryzen R9-9900X 12核心 CPU處理器+華碩ProArt LC 360 一體式 CPU 水冷散熱器,AMD,1146249,98,1.3 品牌欄完全相符,2026-09-21 14:58:53,AMD 超微,品牌欄,amd超微,amd,超微,1146249,amd,,Hardware & 3C,auto,3,True
momo,Hardware & 3C,14446091,MSI 微星,【MSI 微星】DATAMAG 40GBPS 1TB 磁吸式外接SSD (讀4000MB/寫3500MB),MSI,2563405,93,1.4 品牌欄相符（品牌庫有重複，取業績最高）,2026-09-21 14:58:53,MSI 微星,品牌欄,msi微星,msi,微星,2563405,msi,,Hardware & 3C,auto,3,True
momo,Hardware & 3C,14447979,MSI 微星,【MSI 微星】MPG B850I EDGE TI WIFI 主機板,MSI,2563405,93,1.4 品牌欄相符（品牌庫有重複，取業績最高）,2026-09-21 14:58:53,MSI 微星,品牌欄,msi微星,msi,微星,2563405,msi,,Hardware & 3C,auto,3,True
momo,Hardware & 3C,14447981,MSI 微星,【MSI 微星】PRO B850M-P WIFI 主機板,MSI,2563405,93,1.4 品牌欄相符（品牌庫有重複，取業績最高）,2026-09-21 14:58:53,MSI 微星,品牌欄,msi微星,msi,微星,2563405,msi,,Hardware & 3C,auto,3,True
momo,Hardware & 3C,14462957,MSI 微星,【MSI 微星】GeForce RTX5060 8G GAMING TRIO OC WHITE 顯示卡,MSI,2563405,93,1.4 品牌欄相符（品牌庫有重複，取業績最高）,2026-09-21 14:58:53,MSI 微星,品牌欄,msi微星,msi,微星,2563405,msi,,Hardware & 3C,auto,3,True
momo,Hardware & 3C,14470619,WD 威騰,【WD 威騰】WD Blue藍標 SN5100 NVMe SSD 500GB(WDS500G5B0E),WD,3894375,98,1.3 品牌欄完全相符,2026-09-21 14:58:53,WD 威騰,品牌欄,wd威騰,wd,威騰,3894375,wd,,Hardware & 3C,auto,2,True
momo,Hardware & 3C,14470621,WD 威騰,【WD 威騰】WD Blue藍標 SN5100 NVMe SSD 1TB(WDS100T5B0E),WD,3894375,98,1.3 品牌欄完全相符,2026-09-21 14:58:53,WD 威騰,品牌欄,wd威騰,wd,威騰,3894375,wd,,Hardware & 3C,auto,2,True
momo,Hardware & 3C,14470622,WD 威騰,【WD 威騰】WD Blue藍標 SN5100 NVMe SSD 2TB(WDS200T5B0E),WD,3894375,98,1.3 品牌欄完全相符,2026-09-21 14:58:53,WD 威騰,品牌欄,wd威騰,wd,威騰,3894375,wd,,Hardware & 3C,auto,2,True
momo,Hardware & 3C,14470849,WD 威騰,【WD 威騰】WD_BLACK P10 Game Drive 黑標 5TB 2.5吋電競行動硬碟-迷彩(WDBZ7D0050BGN-WESN),WD,3894375,98,1.3 品牌欄完全相符,2026-09-21 14:58:53,WD 威騰,品牌欄,wd威騰,wd,威騰,3894375,wd,,Hardware & 3C,auto,2,True
momo,Hardware & 3C,14479281,MSI 微星,【MSI 微星】X870E GAMING PLUS WIFI AMD主機板,MSI,2563405,93,1.4 品牌欄相符（品牌庫有重複，取業績最高）,2026-09-21 14:58:53,MSI 微星,品牌欄,msi微星,msi,微星,2563405,msi,,Hardware & 3C,auto,3,True
momo,Hardware & 3C,14479284,MSI 微星,【MSI 微星】B860M GAMING WIFI intel主機板,MSI,2563405,93,1.4 品牌欄相符（品牌庫有重複，取業績最高）,2026-09-21 14:58:53,MSI 微星,品牌欄,msi微星,msi,微星,2563405,msi,,Hardware & 3C,auto,3,True
momo,Hardware & 3C,14507543,WD 威騰,【WD 威騰】黑標 P10 Game Drive 4TB 2.5吋行動硬碟(迷彩),WD,3894375,98,1.3 品牌欄完全相符,2026-09-21 14:58:53,WD 威騰,品牌欄,wd威騰,wd,威騰,3894375,wd,,Hardware & 3C,auto,2,True
momo,Hardware & 3C,14507644,WD 威騰,【WD 威騰】黑標 P10 Game Drive 6TB 2.5吋行動硬碟(迷彩),WD,3894375,98,1.3 品牌欄完全相符,2026-09-21 14:58:53,WD 威騰,品牌欄,wd威騰,wd,威騰,3894375,wd,,Hardware & 3C,auto,2,True
momo,Hardware & 3C,14507645,WD 威騰,【WD 威騰】黑標 P10 Game Drive 5TB 2.5吋行動硬碟(迷彩),WD,3894375,98,1.3 品牌欄完全相符,2026-09-21 14:58:53,WD 威騰,品牌欄,wd威騰,wd,威騰,3894375,wd,,Hardware & 3C,auto,2,True
momo,Hardware & 3C,14526394,MSI 微星,【MSI 微星】+微軟M365★i5 RTX5060電競電腦(MAG Infinite E1/i5-12400F/16G/1TB SSD/W11H),MSI,2563405,93,1.4 品牌欄相符（品牌庫有重複，取業績最高）,2026-09-21 14:58:53,MSI 微星,品牌欄,msi微星,msi,微星,2563405,msi,,Hardware & 3C,auto,3,True
momo,Hardware & 3C,14526395,MSI 微星,【MSI 微星】+Office2024★i5 RTX5060電競電腦(MAG Infinite E1/i5-12400F/16G/1TB SSD/W11H),MSI,2563405,93,1.4 品牌欄相符（品牌庫有重複，取業績最高）,2026-09-21 14:58:53,MSI 微星,品牌欄,msi微星,msi,微星,2563405,msi,,Hardware & 3C,auto,3,True
momo,Hardware & 3C,14526396,MSI 微星,【MSI 微星】+Office2024企業版★i5 RTX5060電競電腦(MAG Infinite E1/i5-12400F/16G/1TB SSD/W11H),MSI,2563405,93,1.4 品牌欄相符（品牌庫有重複，取業績最高）,2026-09-21 14:58:53,MSI 微星,品牌欄,msi微星,msi,微星,2563405,msi,,Hardware & 3C,auto,3,True
momo,Hardware & 3C,14531292,MSI 微星,【MSI 微星】PRO MP273W E14A 27型 IPS 144Hz 平面護眼商用螢幕(EyesErgo護眼技術/HDMI/1ms/內建喇叭),MSI,2563405,93,1.4 品牌欄相符（品牌庫有重複，取業績最高）,2026-09-21 14:58:53,MSI 微星,品牌欄,msi微星,msi,微星,2563405,msi,,Hardware & 3C,auto,3,True
momo,Hardware & 3C,14552147,MSI 微星,【MSI 微星】PRO MP243 E14 24型 IPS 144Hz 平面美型商用螢幕(EyesErgo技術/HDMI/內建喇叭),MSI,2563405,93,1.4 品牌欄相符（品牌庫有重複，取業績最高）,2026-09-21 14:58:53,MSI 微星,品牌欄,msi微星,msi,微星,2563405,msi,,Hardware & 3C,auto,3,True
momo,Hardware & 3C,14566669,MSI 微星,【MSI 微星】+微軟M365★14代i5 十核電腦(PRO DP180 14A-1097TW/i5-14400/16G/2TB SSD/W11H),MSI,2563405,93,1.4 品牌欄相符（品牌庫有重複，取業績最高）,2026-09-21 14:58:53,MSI 微星,品牌欄,msi微星,msi,微星,2563405,msi,,Hardware & 3C,auto,3,True
momo,Hardware & 3C,14566670,MSI 微星,【MSI 微星】+Office2024★14代i5 十核電腦(PRO DP180 14A-1097TW/i5-14400/16G/2TB SSD/W11H),MSI,2563405,93,1.4 品牌欄相符（品牌庫有重複，取業績最高）,2026-09-21 14:58:53,MSI 微星,品牌欄,msi微星,msi,微星,2563405,msi,,Hardware & 3C,auto,3,True
momo,Hardware & 3C,14566671,MSI 微星,【MSI 微星】+Office2024企業版★14代i5 十核電腦(PRO DP180 14A-1097TW/i5-14400/16G/2TB SSD/W11H),MSI,2563405,93,1.4 品牌欄相符（品牌庫有重複，取業績最高）,2026-09-21 14:58:53,MSI 微星,品牌欄,msi微星,msi,微星,2563405,msi,,Hardware & 3C,auto,3,True
momo,Hardware & 3C,14575686,MSI 微星,2入組★【MSI 微星】PRO MP273W E14A 27型 IPS 144Hz 平面護眼商用螢幕(EyesErgo護眼/HDMI/1ms/內建喇叭),MSI,2563405,93,1.4 品牌欄相符（品牌庫有重複，取業績最高）,2026-09-21 14:58:53,MSI 微星,品牌欄,msi微星,msi,微星,2563405,msi,,Hardware & 3C,auto,3,True
momo,Hardware & 3C,14575690,MSI 微星,5入組★【MSI 微星】PRO MP273W E14A 27型 IPS 144Hz 平面護眼商用螢幕(EyesErgo護眼/HDMI/1ms/內建喇叭),MSI,2563405,93,1.4 品牌欄相符（品牌庫有重複，取業績最高）,2026-09-21 14:58:53,MSI 微星,品牌欄,msi微星,msi,微星,2563405,msi,,Hardware & 3C,auto,3,True
momo,Hardware & 3C,14597831,WD 威騰,【WD 威騰】G-DRIVE ArmorATD 2TB 2.5吋行動硬碟(SDPH81G-002T-GBA1D),WD,3894375,98,1.3 品牌欄完全相符,2026-09-21 14:58:53,WD 威騰,品牌欄,wd威騰,wd,威騰,3894375,wd,,Hardware & 3C,auto,2,True
momo,Hardware & 3C,14597832,WD 威騰,【WD 威騰】G-DRIVE ArmorATD 4TB 2.5吋行動硬碟(SDPH81G-004T-GBA1D),WD,3894375,98,1.3 品牌欄完全相符,2026-09-21 14:58:53,WD 威騰,品牌欄,wd威騰,wd,威騰,3894375,wd,,Hardware & 3C,auto,2,True
momo,Hardware & 3C,14597834,WD 威騰,【WD 威騰】G-DRIVE ArmorATD 5TB 2.5吋行動硬碟(SDPH81G-005T-GBA1D),WD,3894375,98,1.3 品牌欄完全相符,2026-09-21 14:58:53,WD 威騰,品牌欄,wd威騰,wd,威騰,3894375,wd,,Hardware & 3C,auto,2,True
momo,Hardware & 3C,14597836,WD 威騰,【WD 威騰】G-DRIVE ArmorATD 6TB 2.5吋行動硬碟(SDPHE1G-006T-GBAND),WD,3894375,98,1.3 品牌欄完全相符,2026-09-21 14:58:53,WD 威騰,品牌欄,wd威騰,wd,威騰,3894375,wd,,Hardware & 3C,auto,2,True
momo,Hardware & 3C,14597838,WD 威騰,【WD 威騰】G-DRIVE PROJECT 6TB 3.5吋企業級外接式硬碟(SDPHG1H-006T-SBAAD),WD,3894375,98,1.3 品牌欄完全相符,2026-09-21 14:58:53,WD 威騰,品牌欄,wd威騰,wd,威騰,3894375,wd,,Hardware & 3C,auto,2,True
momo,Hardware & 3C,14597840,WD 威騰,【WD 威騰】G-DRIVE PROJECT 8TB 3.5吋企業級外接式硬碟(SDPHG1H-008T-SBAAD),WD,3894375,98,1.3 品牌欄完全相符,2026-09-21 14:58:53,WD 威騰,品牌欄,wd威騰,wd,威騰,3894375,wd,,Hardware & 3C,auto,2,True
momo,Hardware & 3C,14597841,WD 威騰,【WD 威騰】G-DRIVE PROJECT 12TB 3.5吋企業級外接式硬碟(SDPHG1H-012T-SBAAD),WD,3894375,98,1.3 品牌欄完全相符,2026-09-21 14:58:53,WD 威騰,品牌欄,wd威騰,wd,威騰,3894375,wd,,Hardware & 3C,auto,2,True
momo,Hardware & 3C,14597843,WD 威騰,【WD 威騰】G-DRIVE PROJECT 18TB 3.5吋企業級外接式硬碟(SDPHG1H-018T-SBAAD),WD,3894375,98,1.3 品牌欄完全相符,2026-09-21 14:58:53,WD 威騰,品牌欄,wd威騰,wd,威騰,3894375,wd,,Hardware & 3C,auto,2,True
momo,Hardware & 3C,14604207,MSI 微星,【MSI 微星】GeForce RTX 5060 Ti 16G VENTUS 2X OC PLUS 顯示卡,MSI,2563405,93,1.4 品牌欄相符（品牌庫有重複，取業績最高）,2026-09-21 14:58:53,MSI 微星,品牌欄,msi微星,msi,微星,2563405,msi,,Hardware & 3C,auto,3,True
momo,Hardware & 3C,14610425,WD 威騰,【WD 威騰】My Passport 2TB 2.5吋 行動硬碟,WD,3894375,98,1.3 品牌欄完全相符,2026-09-21 14:58:53,WD 威騰,品牌欄,wd威騰,wd,威騰,3894375,wd,,Hardware & 3C,auto,2,True
momo,Hardware & 3C,14612194,MSI 微星,【MSI 微星】無線鍵鼠組★PRO MP165 E6 16型 IPS FHD 攜帶型螢幕(Type-C/三腳支撐架/內建喇叭),MSI,2563405,93,1.4 品牌欄相符（品牌庫有重複，取業績最高）,2026-09-21 14:58:53,MSI 微星,品牌欄,msi微星,msi,微星,2563405,msi,,Hardware & 3C,auto,3,True
momo,Hardware & 3C,14623145,MSI 微星,【MSI 微星】+Office2024★i5 RTX5060電競電腦(MAG Infinite E1/i5-12400F/16G/1TB SSD/W11H),MSI,2563405,93,1.4 品牌欄相符（品牌庫有重複，取業績最高）,2026-09-21 14:58:53,MSI 微星,品牌欄,msi微星,msi,微星,2563405,msi,,Hardware & 3C,auto,3,True
momo,Hardware & 3C,14623160,MSI 微星,【MSI 微星】+Office2024企業版★i5 RTX5060電競電腦(MAG Infinite E1/i5-12400F/16G/1TB SSD/W11H),MSI,2563405,93,1.4 品牌欄相符（品牌庫有重複，取業績最高）,2026-09-21 14:58:53,MSI 微星,品牌欄,msi微星,msi,微星,2563405,msi,,Hardware & 3C,auto,3,True
momo,Hardware & 3C,14623161,MSI 微星,【MSI 微星】+微軟M365★i5 RTX5060電競電腦(MAG Infinite E1/i5-12400F/16G/1TB SSD/W11H),MSI,2563405,93,1.4 品牌欄相符（品牌庫有重複，取業績最高）,2026-09-21 14:58:53,MSI 微星,品牌欄,msi微星,msi,微星,2563405,msi,,Hardware & 3C,auto,3,True
momo,Hardware & 3C,14632891,WD 威騰,【WD 威騰】WD_BLACK P10 Game Drive 黑標 6TB 2.5吋電競行動硬碟-迷彩(WDBZ7D0060BGN-WESN),WD,3894375,98,1.3 品牌欄完全相符,2026-09-21 14:58:53,WD 威騰,品牌欄,wd威騰,wd,威騰,3894375,wd,,Hardware & 3C,auto,2,True
momo,Hardware & 3C,14739453,MSI 微星,【MSI 微星】+16G記憶體★i3準系統(CUBI 5 12M-012BTW/i3-1215U/2xSO-DIMM/1xM.2 SSD/1x2.5吋HDD/Non-OS),MSI,2563405,93,1.4 品牌欄相符（品牌庫有重複，取業績最高）,2026-09-21 14:58:53,MSI 微星,品牌欄,msi微星,msi,微星,2563405,msi,,Hardware & 3C,auto,3,True
momo,Hardware & 3C,14739455,MSI 微星,【MSI 微星】+16G記憶體★i5迷你電腦(CUBI 5 12M-044BTW/i5-1235U/2xSO-DIMM/1xM.2 SSD/1x2.5吋HDD/Non-OS),MSI,2563405,93,1.4 品牌欄相符（品牌庫有重複，取業績最高）,2026-09-21 14:58:53,MSI 微星,品牌欄,msi微星,msi,微星,2563405,msi,,Hardware & 3C,auto,3,True
momo,Hardware & 3C,14739456,MSI 微星,【MSI 微星】+16G記憶體★i7迷你電腦(CUBI 5 12M-043BTW/i7-1255U/2xSO-DIMM/1xM.2 SSD/1x2.5吋HDD/Non-OS),MSI,2563405,93,1.4 品牌欄相符（品牌庫有重複，取業績最高）,2026-09-21 14:58:53,MSI 微星,品牌欄,msi微星,msi,微星,2563405,msi,,Hardware & 3C,auto,3,True
momo,Hardware & 3C,14743635,MSI 微星,【MSI 微星】Core7-150U 十核迷你電腦(CUBI 5 1M-448BTW/準系統需另行選購),MSI,2563405,93,1.4 品牌欄相符（品牌庫有重複，取業績最高）,2026-09-21 14:58:53,MSI 微星,品牌欄,msi微星,msi,微星,2563405,msi,,Hardware & 3C,auto,3,True
momo,Hardware & 3C,14743636,MSI 微星,【MSI 微星】R5-8645HS 六核迷你電腦(CUBI Z AI 8M-011BTW//RAM*2/SSD*1/無作業系統),MSI,2563405,93,1.4 品牌欄相符（品牌庫有重複，取業績最高）,2026-09-21 14:58:53,MSI 微星,品牌欄,msi微星,msi,微星,2563405,msi,,Hardware & 3C,auto,3,True
momo,Hardware & 3C,14743637,MSI 微星,【MSI 微星】Core7-150U 十核迷你電腦(CUBI 5 1M-605TW/16G/1TB SSD/W11P),MSI,2563405,93,1.4 品牌欄相符（品牌庫有重複，取業績最高）,2026-09-21 14:58:53,MSI 微星,品牌欄,msi微星,msi,微星,2563405,msi,,Hardware & 3C,auto,3,True
momo,Hardware & 3C,14743638,MSI 微星,【MSI 微星】Core 3-100U 六核迷你電腦(CUBI 5 1M-607TW/8G/512G SSD/W11H),MSI,2563405,93,1.4 品牌欄相符（品牌庫有重複，取業績最高）,2026-09-21 14:58:53,MSI 微星,品牌欄,msi微星,msi,微星,2563405,msi,,Hardware & 3C,auto,3,True
momo,Hardware & 3C,14766456,WD 威騰,【WD 威騰】WD_BLACK P10 Game Drive 黑標 4TB 2.5吋電競行動硬碟-迷彩(WDBZ7D0040BGN-WESN),WD,3894375,98,1.3 品牌欄完全相符,2026-09-21 14:58:53,WD 威騰,品牌欄,wd威騰,wd,威騰,3894375,wd,,Hardware & 3C,auto,2,True
momo,Hardware & 3C,14773751,LG 樂金,【LG 樂金】StanbyME Speaker 小蜜友藍牙喇叭(閨蜜機搭配),LG,1695281,90,1.3 品牌欄完全相符,2026-09-21 14:58:53,LG 樂金,品牌欄,lg樂金,lg,樂金,1695281,lg,,Home Electronic,auto,2,True
momo,Hardware & 3C,14811685,MSI 微星,【MSI 微星】▲特仕版 16吋R7筆電(Venture A16 AI+ A3HMG-028TW/Ryzen AI 7 350/24G/1T SSD/W11),MSI,2563405,93,1.4 品牌欄相符（品牌庫有重複，取業績最高）,2026-09-21 14:58:53,MSI 微星,品牌欄,msi微星,msi,微星,2563405,msi,,Hardware & 3C,auto,3,True
momo,Hardware & 3C,14838317,MSI 微星,【MSI 微星】▲特仕版18吋U9筆電(Crosshair 18 HX AI A2XWFKG-058TW/Ultra 9 275HX/32G/1T+1T/RTX5060),MSI,2563405,93,1.4 品牌欄相符（品牌庫有重複，取業績最高）,2026-09-21 14:58:53,MSI 微星,品牌欄,msi微星,msi,微星,2563405,msi,,Hardware & 3C,auto,3,True
momo,Hardware & 3C,14841521,MSI 微星,【MSI 微星】▲特仕版 15.6吋Core7筆電(Cyborg 15 A2RUDX-2095TW/Core 7 240H/24G/512G SSD/RTX3050/W11),MSI,2563405,93,1.4 品牌欄相符（品牌庫有重複，取業績最高）,2026-09-21 14:58:53,MSI 微星,品牌欄,msi微星,msi,微星,2563405,msi,,Hardware & 3C,auto,3,True
momo,Hardware & 3C,14862099,AMD 超微,【AMD 超微】Ryzen 7-9850X3D 8核心 CPU處理器(4.7GHz),AMD,1146249,98,1.3 品牌欄完全相符,2026-09-21 14:58:53,AMD 超微,品牌欄,amd超微,amd,超微,1146249,amd,,Hardware & 3C,auto,3,True
momo,Hardware & 3C,14864949,MSI 微星,【MSI 微星】+24型144Hz螢幕★i7準系統(CUBI 5 12M-010BTW/i7-1255U/Non-OS),MSI,2563405,93,1.4 品牌欄相符（品牌庫有重複，取業績最高）,2026-09-21 14:58:53,MSI 微星,品牌欄,msi微星,msi,微星,2563405,msi,,Hardware & 3C,auto,3,True
momo,Hardware & 3C,14864950,MSI 微星,【MSI 微星】+24型144Hz螢幕★i7迷你電腦(CUBI 5 12M-043BTW/i7-1255U/Non-OS),MSI,2563405,93,1.4 品牌欄相符（品牌庫有重複，取業績最高）,2026-09-21 14:58:53,MSI 微星,品牌欄,msi微星,msi,微星,2563405,msi,,Hardware & 3C,auto,3,True
momo,Hardware & 3C,14864951,MSI 微星,【MSI 微星】+24型144Hz螢幕★i7 16核迷你電腦(PRO DP21 13M-845TW/i7-13700/16GB/1TB SSD/W11P),MSI,2563405,93,1.4 品牌欄相符（品牌庫有重複，取業績最高）,2026-09-21 14:58:53,MSI 微星,品牌欄,msi微星,msi,微星,2563405,msi,,Hardware & 3C,auto,3,True
momo,Hardware & 3C,14866858,AMD 超微,【AMD 超微】Ryzen R7 7700 MPK 8核心 CPU處理器(3.8 GHz),AMD,1146249,98,1.3 品牌欄完全相符,2026-09-21 14:58:53,AMD 超微,品牌欄,amd超微,amd,超微,1146249,amd,,Hardware & 3C,auto,3,True
momo,Hardware & 3C,14872870,MSI 微星,【MSI 微星】i3-14100 迷你電腦(PRO DP21 14M-1231TW/8G/512GSSD/W11H),MSI,2563405,93,1.4 品牌欄相符（品牌庫有重複，取業績最高）,2026-09-21 14:58:53,MSI 微星,品牌欄,msi微星,msi,微星,2563405,msi,,Hardware & 3C,auto,3,True
momo,Hardware & 3C,14879021,MSI 微星,【微星】C+M組合★X870 GAMING PLUS WIFI 主機板+AMD Ryzen R9-9950X 16核心 CPU,MSI,2563405,93,1.4 品牌欄相符（品牌庫有重複，取業績最高）,2026-09-21 14:58:53,MSI 微星,品牌欄,msi微星,msi,微星,2563405,msi,,Hardware & 3C,auto,3,True
momo,Hardware & 3C,14879023,MSI 微星,【微星】C+M組合★X870 GAMING PLUS WIFI 主機板+AMD Ryzen R9-9900X 12核心 CPU,MSI,2563405,93,1.4 品牌欄相符（品牌庫有重複，取業績最高）,2026-09-21 14:58:53,MSI 微星,品牌欄,msi微星,msi,微星,2563405,msi,,Hardware & 3C,auto,3,True
momo,Hardware & 3C,14879024,MSI 微星,【微星】C+M組合★X870 GAMING PLUS WIFI 主機板+AMD Ryzen R7-9700X 8核心 CPU,MSI,2563405,93,1.4 品牌欄相符（品牌庫有重複，取業績最高）,2026-09-21 14:58:53,MSI 微星,品牌欄,msi微星,msi,微星,2563405,msi,,Hardware & 3C,auto,3,True
momo,Hardware & 3C,14879025,MSI 微星,【微星】C+M組合★X870 GAMING PLUS WIFI 主機板+AMD Ryzen R5-9600X 6核心 CPU,MSI,2563405,93,1.4 品牌欄相符（品牌庫有重複，取業績最高）,2026-09-21 14:58:53,MSI 微星,品牌欄,msi微星,msi,微星,2563405,msi,,Hardware & 3C,auto,3,True
momo,Hardware & 3C,14879026,MSI 微星,【微星】C+M組合★MPG B650I EDGE WIFI DDR5 主機板+AMD Ryzen R9-9950X 16核心 CPU,MSI,2563405,93,1.4 品牌欄相符（品牌庫有重複，取業績最高）,2026-09-21 14:58:53,MSI 微星,品牌欄,msi微星,msi,微星,2563405,msi,,Hardware & 3C,auto,3,True
momo,Hardware & 3C,14879028,MSI 微星,【微星】C+M組合★MPG B650I EDGE WIFI DDR5 主機板+AMD Ryzen R9-9900X 12核心 CPU,MSI,2563405,93,1.4 品牌欄相符（品牌庫有重複，取業績最高）,2026-09-21 14:58:53,MSI 微星,品牌欄,msi微星,msi,微星,2563405,msi,,Hardware & 3C,auto,3,True
momo,Hardware & 3C,14879029,MSI 微星,【微星】C+M組合★MPG B650I EDGE WIFI DDR5 主機板+AMD Ryzen R7-9700X 8核心 CPU,MSI,2563405,93,1.4 品牌欄相符（品牌庫有重複，取業績最高）,2026-09-21 14:58:53,MSI 微星,品牌欄,msi微星,msi,微星,2563405,msi,,Hardware & 3C,auto,3,True
momo,Hardware & 3C,14879030,MSI 微星,【微星】C+M組合★MPG B650I EDGE WIFI DDR5 主機板+AMD Ryzen R5-9600X 6核心 CPU,MSI,2563405,93,1.4 品牌欄相符（品牌庫有重複，取業績最高）,2026-09-21 14:58:53,MSI 微星,品牌欄,msi微星,msi,微星,2563405,msi,,Hardware & 3C,auto,3,True
momo,Hardware & 3C,14879031,MSI 微星,【微星】C+M組合★MAG X870E TOMAHAWK WIFI AMD主機板+AMD Ryzen R9-9950X 16核心 CPU,MSI,2563405,93,1.4 品牌欄相符（品牌庫有重複，取業績最高）,2026-09-21 14:58:53,MSI 微星,品牌欄,msi微星,msi,微星,2563405,msi,,Hardware & 3C,auto,3,True
momo,Hardware & 3C,14879032,MSI 微星,【微星】C+M組合★MAG X870E TOMAHAWK WIFI AMD主機板+AMD Ryzen R7-9800X3D 8核心 CPU,MSI,2563405,93,1.4 品牌欄相符（品牌庫有重複，取業績最高）,2026-09-21 14:58:53,MSI 微星,品牌欄,msi微星,msi,微星,2563405,msi,,Hardware & 3C,auto,3,True
momo,Hardware & 3C,14879033,MSI 微星,【微星】C+M組合★MAG X870E TOMAHAWK WIFI AMD主機板+AMD Ryzen R9-9900X 12核心 CPU,MSI,2563405,93,1.4 品牌欄相符（品牌庫有重複，取業績最高）,2026-09-21 14:58:53,MSI 微星,品牌欄,msi微星,msi,微星,2563405,msi,,Hardware & 3C,auto,3,True
momo,Hardware & 3C,14879034,MSI 微星,【微星】C+M組合★MAG X870E TOMAHAWK WIFI AMD主機板+AMD Ryzen R7-9700X 8核心 CPU,MSI,2563405,93,1.4 品牌欄相符（品牌庫有重複，取業績最高）,2026-09-21 14:58:53,MSI 微星,品牌欄,msi微星,msi,微星,2563405,msi,,Hardware & 3C,auto,3,True
momo,Hardware & 3C,14879035,MSI 微星,【微星】C+M組合★MAG X870E TOMAHAWK WIFI AMD主機板+AMD Ryzen R5-9600X 6核心 CPU,MSI,2563405,93,1.4 品牌欄相符（品牌庫有重複，取業績最高）,2026-09-21 14:58:53,MSI 微星,品牌欄,msi微星,msi,微星,2563405,msi,,Hardware & 3C,auto,3,True
momo,Hardware & 3C,14887627,LG 樂金,【LG 樂金】Gram 14吋 Ultra 5 125H 輕薄AI筆電 (14Z90S-V.AP55C2/16G/512GB NVMe/WIN11 PRO/曜石黑),LG,1695281,90,1.3 品牌欄完全相符,2026-09-21 14:58:53,LG 樂金,品牌欄,lg樂金,lg,樂金,1695281,lg,,Home Electronic,auto,2,True
momo,Hardware & 3C,14909322,MSI 微星,【微星】C+M組合★MPG B850 EDGE TI WIFI 主機板+AMD Ryzen 7-9850X3D 8核心 CPU處理器,MSI,2563405,93,1.4 品牌欄相符（品牌庫有重複，取業績最高）,2026-09-21 14:58:53,MSI 微星,品牌欄,msi微星,msi,微星,2563405,msi,,Hardware & 3C,auto,3,True
momo,Hardware & 3C,14909964,MSI 微星,【微星】C+M組合★PRO B850M-P WIFI 主機板+AMD Ryzen 7-9850X3D 8核心 CPU處理器,MSI,2563405,93,1.4 品牌欄相符（品牌庫有重複，取業績最高）,2026-09-21 14:58:53,MSI 微星,品牌欄,msi微星,msi,微星,2563405,msi,,Hardware & 3C,auto,3,True
momo,Hardware & 3C,14909965,MSI 微星,【微星】C+M組合★PRO B850-P WIFI 主機板+AMD Ryzen 7-9850X3D 8核心 CPU處理器,MSI,2563405,93,1.4 品牌欄相符（品牌庫有重複，取業績最高）,2026-09-21 14:58:53,MSI 微星,品牌欄,msi微星,msi,微星,2563405,msi,,Hardware & 3C,auto,3,True
momo,Hardware & 3C,14909966,MSI 微星,【微星】C+M組合★B850 GAMING PLUS WIFI 主機板+AMD Ryzen 7-9850X3D 8核心 CPU處理器,MSI,2563405,93,1.4 品牌欄相符（品牌庫有重複，取業績最高）,2026-09-21 14:58:53,MSI 微星,品牌欄,msi微星,msi,微星,2563405,msi,,Hardware & 3C,auto,3,True
momo,Hardware & 3C,14909968,MSI 微星,【微星】C+M組合★PRO B850M-A WIFI 主機板+AMD Ryzen 7-9850X3D 8核心 CPU處理器,MSI,2563405,93,1.4 品牌欄相符（品牌庫有重複，取業績最高）,2026-09-21 14:58:53,MSI 微星,品牌欄,msi微星,msi,微星,2563405,msi,,Hardware & 3C,auto,3,True
momo,Hardware & 3C,14909970,MSI 微星,【微星】C+M組合★B850M GAMING PLUS WIFI 主機板+AMD Ryzen 7-9850X3D 8核心 CPU處理器,MSI,2563405,93,1.4 品牌欄相符（品牌庫有重複，取業績最高）,2026-09-21 14:58:53,MSI 微星,品牌欄,msi微星,msi,微星,2563405,msi,,Hardware & 3C,auto,3,True
momo,Hardware & 3C,14909971,MSI 微星,【微星】C+M組合★MPG B850I EDGE TI WIFI 主機板+AMD Ryzen 7-9850X3D 8核心 CPU處理器,MSI,2563405,93,1.4 品牌欄相符（品牌庫有重複，取業績最高）,2026-09-21 14:58:53,MSI 微星,品牌欄,msi微星,msi,微星,2563405,msi,,Hardware & 3C,auto,3,True
momo,Hardware & 3C,14909972,MSI 微星,【微星】C+M組合★B850 GAMING PLUS WIFI PZ 主機板+AMD Ryzen 7-9850X3D 8核心 CPU處理器,MSI,2563405,93,1.4 品牌欄相符（品牌庫有重複，取業績最高）,2026-09-21 14:58:53,MSI 微星,品牌欄,msi微星,msi,微星,2563405,msi,,Hardware & 3C,auto,3,True
momo,Hardware & 3C,14909976,MSI 微星,【微星】C+M組合★X870 GAMING PLUS WIFI 主機板+AMD Ryzen 7-9850X3D 8核心 CPU處理器,MSI,2563405,93,1.4 品牌欄相符（品牌庫有重複，取業績最高）,2026-09-21 14:58:53,MSI 微星,品牌欄,msi微星,msi,微星,2563405,msi,,Hardware & 3C,auto,3,True
momo,Hardware & 3C,14909977,MSI 微星,【微星】C+M組合★MAG X870E TOMAHAWK WIFI AMD主機板+AMD Ryzen 7-9850X3D 8核心 CPU處理器,MSI,2563405,93,1.4 品牌欄相符（品牌庫有重複，取業績最高）,2026-09-21 14:58:53,MSI 微星,品牌欄,msi微星,msi,微星,2563405,msi,,Hardware & 3C,auto,3,True
momo,Hardware & 3C,14909987,MSI 微星,【微星】C+M組合★MPG X870E CARBON WIFI 主機板+AMD Ryzen 7-9850X3D 8核心 CPU處理器,MSI,2563405,93,1.4 品牌欄相符（品牌庫有重複，取業績最高）,2026-09-21 14:58:53,MSI 微星,品牌欄,msi微星,msi,微星,2563405,msi,,Hardware & 3C,auto,3,True
momo,Hardware & 3C,14910611,MSI 微星,【微星】C+M組合★MPG X870E CARBON WIFI 主機板+AMD Ryzen 7-9850X3D 8核心 CPU處理器,MSI,2563405,93,1.4 品牌欄相符（品牌庫有重複，取業績最高）,2026-09-21 14:58:53,MSI 微星,品牌欄,msi微星,msi,微星,2563405,msi,,Hardware & 3C,auto,3,True
momo,Hardware & 3C,14911101,WD 威騰,【WD 威騰】紅標 Plus 4TB 3.5吋 5400轉 128MB NAS 內接硬碟(WD40EFZZ),WD,3894375,98,1.3 品牌欄完全相符,2026-09-21 14:58:53,WD 威騰,品牌欄,wd威騰,wd,威騰,3894375,wd,,Hardware & 3C,auto,2,True
momo,Hardware & 3C,14919915,MSI 微星,【MSI 微星】14吋 Ultra 7 355 輕薄商務筆電(Prestige 14 AI+/32G/1TB SSD/Win11P/D3MG-031TW),MSI,2563405,93,1.4 品牌欄相符（品牌庫有重複，取業績最高）,2026-09-21 14:58:53,MSI 微星,品牌欄,msi微星,msi,微星,2563405,msi,,Hardware & 3C,auto,3,True
momo,Hardware & 3C,14919916,MSI 微星,【MSI 微星】16吋 Ultra X9 388H輕薄翻轉觸控筆電(Prestige 16 Flip AI+/32G/1TB SSD/Win11P/C3MTG-041TW),MSI,2563405,93,1.4 品牌欄相符（品牌庫有重複，取業績最高）,2026-09-21 14:58:53,MSI 微星,品牌欄,msi微星,msi,微星,2563405,msi,,Hardware & 3C,auto,3,True
momo,Hardware & 3C,14921620,WD 威騰,【WD 威騰】金標 20TB 3.5吋 7200轉 512MB 企業級內接硬碟(WD203KRYZ),WD,3894375,98,1.3 品牌欄完全相符,2026-09-21 14:58:53,WD 威騰,品牌欄,wd威騰,wd,威騰,3894375,wd,,Hardware & 3C,auto,2,True
momo,Hardware & 3C,14922286,MSI 微星,【微星】C+M組合★X870E GAMING PLUS WIFI AMD主機板+AMD Ryzen 7-9850X3D 8核心 CPU處理器,MSI,2563405,93,1.4 品牌欄相符（品牌庫有重複，取業績最高）,2026-09-21 14:58:53,MSI 微星,品牌欄,msi微星,msi,微星,2563405,msi,,Hardware & 3C,auto,3,True
momo,Hardware & 3C,14922288,MSI 微星,【微星】C+M組合★MPG X870E EDGE TI WIFI 主機板+AMD Ryzen 7-9850X3D 8核心 CPU處理器,MSI,2563405,93,1.4 品牌欄相符（品牌庫有重複，取業績最高）,2026-09-21 14:58:53,MSI 微星,品牌欄,msi微星,msi,微星,2563405,msi,,Hardware & 3C,auto,3,True
momo,Hardware & 3C,14936629,WD 威騰,【WD】搭微軟365★金標 20TB 3.5吋 7200轉 512MB 企業級內接硬碟(WD203KRYZ)(軟體無法退換貨),WD,3894375,98,1.3 品牌欄完全相符,2026-09-21 14:58:53,WD 威騰,品牌欄,wd威騰,wd,威騰,3894375,wd,,Hardware & 3C,auto,2,True
momo,Hardware & 3C,14955815,AMD 超微,【AMD】CPU+水冷組★Ryzen 7-9850X3D 8核心 CPU處理器+ROG Ryuo IV 360 ARGB White Edition 水冷散熱器-白,AMD,1146249,98,1.3 品牌欄完全相符,2026-09-21 14:58:53,AMD 超微,品牌欄,amd超微,amd,超微,1146249,amd,,Hardware & 3C,auto,3,True
momo,Hardware & 3C,14956156,AMD 超微,【AMD】CPU+水冷組★Ryzen 7-9850X3D 8核心 CPU處理器+ROG Ryuo IV SLC 360 ARGB 潮競白 水冷散熱器,AMD,1146249,98,1.3 品牌欄完全相符,2026-09-21 14:58:53,AMD 超微,品牌欄,amd超微,amd,超微,1146249,amd,,Hardware & 3C,auto,3,True
momo,Hardware & 3C,14956157,AMD 超微,【AMD】CPU+水冷組★Ryzen 7-9850X3D 8核心 CPU處理器+ROG Ryuo IV SLC 360 ARGB 水冷散熱器,AMD,1146249,98,1.3 品牌欄完全相符,2026-09-21 14:58:53,AMD 超微,品牌欄,amd超微,amd,超微,1146249,amd,,Hardware & 3C,auto,3,True
momo,Hardware & 3C,14956160,AMD 超微,【AMD】CPU+水冷組★Ryzen 7-9850X3D 8核心 CPU處理器+ROG Ryujin III 360 ARGB Extreme 一體式水冷散熱器,AMD,1146249,98,1.3 品牌欄完全相符,2026-09-21 14:58:53,AMD 超微,品牌欄,amd超微,amd,超微,1146249,amd,,Hardware & 3C,auto,3,True
momo,Hardware & 3C,14956161,AMD 超微,【AMD】CPU+水冷組★Ryzen 7-9850X3D 8核心 CPU處理器+ROG Ryuo IV 360 ARGB 水冷散熱器,AMD,1146249,98,1.3 品牌欄完全相符,2026-09-21 14:58:53,AMD 超微,品牌欄,amd超微,amd,超微,1146249,amd,,Hardware & 3C,auto,3,True
momo,Hardware & 3C,14956165,AMD 超微,【AMD】CPU+水冷組★Ryzen 7-9850X3D 8核心 CPU處理器+ProArt LC 420 一體式 CPU 水冷散熱器,AMD,1146249,98,1.3 品牌欄完全相符,2026-09-21 14:58:53,AMD 超微,品牌欄,amd超微,amd,超微,1146249,amd,,Hardware & 3C,auto,3,True
momo,Hardware & 3C,14956166,AMD 超微,【AMD】CPU+水冷組★Ryzen 7-9850X3D 8核心 CPU處理器+華碩ProArt LC 360 一體式水冷散熱器,AMD,1146249,98,1.3 品牌欄完全相符,2026-09-21 14:58:53,AMD 超微,品牌欄,amd超微,amd,超微,1146249,amd,,Hardware & 3C,auto,3,True
momo,Hardware & 3C,14956261,AMD 超微,【AMD】CPU+水冷組★Ryzen 7-9850X3D 8核心 CPU處理器+華碩ProArt LC 240 一體式 CPU 水冷散熱器,AMD,1146249,98,1.3 品牌欄完全相符,2026-09-21 14:58:53,AMD 超微,品牌欄,amd超微,amd,超微,1146249,amd,,Hardware & 3C,auto,3,True
momo,Hardware & 3C,14959042,AMD 超微,【AMD】CPU+水冷組★Ryzen 7-9850X3D 8核心 CPU處理器+TUF Gaming LC III 360 ARGB 一體式水冷散熱器-白,AMD,1146249,98,1.3 品牌欄完全相符,2026-09-21 14:58:53,AMD 超微,品牌欄,amd超微,amd,超微,1146249,amd,,Hardware & 3C,auto,3,True
momo,Hardware & 3C,14959144,AMD 超微,【AMD】CPU+水冷組★Ryzen 7-9850X3D 8核心 CPU處理器+華碩 TUF Gaming LC III 360 ARGB 一體式水冷散熱器,AMD,1146249,98,1.3 品牌欄完全相符,2026-09-21 14:58:53,AMD 超微,品牌欄,amd超微,amd,超微,1146249,amd,,Hardware & 3C,auto,3,True
momo,Hardware & 3C,14961643,WD 威騰,【WD 威騰】WD20EFPX 紅標Plus 2TB 3.5吋NAS硬碟,WD,3894375,98,1.3 品牌欄完全相符,2026-09-21 14:58:53,WD 威騰,品牌欄,wd威騰,wd,威騰,3894375,wd,,Hardware & 3C,auto,2,True
momo,Hardware & 3C,14978810,MSI 微星,【MSI 微星】特仕15.6吋獨顯電競筆電(Cyborg 15/Core 5 210H/16+8G/2TB SSD/RTX5060/W11/B2RWFKG-891TW),MSI,2563405,93,1.4 品牌欄相符（品牌庫有重複，取業績最高）,2026-09-21 14:58:53,MSI 微星,品牌欄,msi微星,msi,微星,2563405,msi,,Hardware & 3C,auto,3,True
momo,Hardware & 3C,14978817,MSI 微星,【MSI 微星】特仕15.6吋獨顯電競筆電(Cyborg 15/Core 5 210H/16+16G/2TB SSD/RTX5050/W11/B2RWEKG-892TW),MSI,2563405,93,1.4 品牌欄相符（品牌庫有重複，取業績最高）,2026-09-21 14:58:53,MSI 微星,品牌欄,msi微星,msi,微星,2563405,msi,,Hardware & 3C,auto,3,True
momo,Hardware & 3C,14984913,MSI 微星,【MSI 微星】特仕15.6吋獨顯電競筆電(Katana 15 HX/i5-14450HX/16+16G/2TB SSD/RTX5060/W11/B14WFK-897TW),MSI,2563405,93,1.4 品牌欄相符（品牌庫有重複，取業績最高）,2026-09-21 14:58:53,MSI 微星,品牌欄,msi微星,msi,微星,2563405,msi,,Hardware & 3C,auto,3,True
momo,Hardware & 3C,14986233,MSI 微星,【MSI 微星】MPG X870I EDGE TI EVO WIFI AMD主機板,MSI,2563405,93,1.4 品牌欄相符（品牌庫有重複，取業績最高）,2026-09-21 14:58:53,MSI 微星,品牌欄,msi微星,msi,微星,2563405,msi,,Hardware & 3C,auto,3,True
momo,Hardware & 3C,14986234,MSI 微星,【MSI 微星】B850MPOWER AMD主機板,MSI,2563405,93,1.4 品牌欄相符（品牌庫有重複，取業績最高）,2026-09-21 14:58:53,MSI 微星,品牌欄,msi微星,msi,微星,2563405,msi,,Hardware & 3C,auto,3,True
momo,Hardware & 3C,14986237,MSI 微星,【MSI 微星】B850M GAMING WIFI6E AMD主機板,MSI,2563405,93,1.4 品牌欄相符（品牌庫有重複，取業績最高）,2026-09-21 14:58:53,MSI 微星,品牌欄,msi微星,msi,微星,2563405,msi,,Hardware & 3C,auto,3,True
momo,Hardware & 3C,15018115,MSI 微星,【MSI 微星】+16G記憶體★準系統(PRO DP21 14M-248BTW/CPU需自行選購/無作業系統)*需自行組裝,MSI,2563405,93,1.4 品牌欄相符（品牌庫有重複，取業績最高）,2026-09-21 14:58:53,MSI 微星,品牌欄,msi微星,msi,微星,2563405,msi,,Hardware & 3C,auto,3,True
momo,Hardware & 3C,15018119,MSI 微星,【MSI 微星】+24型144Hz螢幕★i5-14400 十核電腦(PRO DP80 A14G-056TW/16G/1TB SSD/W11P),MSI,2563405,93,1.4 品牌欄相符（品牌庫有重複，取業績最高）,2026-09-21 14:58:53,MSI 微星,品牌欄,msi微星,msi,微星,2563405,msi,,Hardware & 3C,auto,3,True
momo,Hardware & 3C,15024828,MSI 微星,【MSI 微星】14吋i5-13500H 輕薄效能筆電(Commercial 14 H/16G/512G SSD/Win11Pro/A13MG-420TW),MSI,2563405,93,1.4 品牌欄相符（品牌庫有重複，取業績最高）,2026-09-21 14:58:53,MSI 微星,品牌欄,msi微星,msi,微星,2563405,msi,,Hardware & 3C,auto,3,True
momo,Hardware & 3C,15024831,MSI 微星,【MSI 微星】18吋U9-275HX RTX5060 AI電競筆電(Crosshair 18 HX/16G/1T SSD/W11/A2XWFKG-058TW),MSI,2563405,93,1.4 品牌欄相符（品牌庫有重複，取業績最高）,2026-09-21 14:58:53,MSI 微星,品牌欄,msi微星,msi,微星,2563405,msi,,Hardware & 3C,auto,3,True
momo,Hardware & 3C,15024832,MSI 微星,【MSI 微星】Claw 7 AI+ 7吋電競掌機(Ultra 7 258V/32G/512G PCIe SSD/W11/A2VM-002TW),MSI,2563405,93,1.4 品牌欄相符（品牌庫有重複，取業績最高）,2026-09-21 14:58:53,MSI 微星,品牌欄,msi微星,msi,微星,2563405,msi,,Hardware & 3C,auto,3,True
momo,Hardware & 3C,15027911,MSI 微星,【MSI 微星】GeForce RTX 5060 8G VENTUS 2X OC 顯示卡,MSI,2563405,93,1.4 品牌欄相符（品牌庫有重複，取業績最高）,2026-09-21 14:58:53,MSI 微星,品牌欄,msi微星,msi,微星,2563405,msi,,Hardware & 3C,auto,3,True
momo,Hardware & 3C,15027912,MSI 微星,【MSI 微星】GeForce RTX 5060 8G VENTUS 2X OC WHITE 顯示卡,MSI,2563405,93,1.4 品牌欄相符（品牌庫有重複，取業績最高）,2026-09-21 14:58:53,MSI 微星,品牌欄,msi微星,msi,微星,2563405,msi,,Hardware & 3C,auto,3,True
momo,Hardware & 3C,15027913,MSI 微星,【MSI 微星】GeForce RTX 5060 8G VENTUS 3X OC 顯示卡,MSI,2563405,93,1.4 品牌欄相符（品牌庫有重複，取業績最高）,2026-09-21 14:58:53,MSI 微星,品牌欄,msi微星,msi,微星,2563405,msi,,Hardware & 3C,auto,3,True
momo,Hardware & 3C,15027914,MSI 微星,【MSI 微星】GeForce RTX 5070 12G SHADOW 2X OC 顯示卡,MSI,2563405,93,1.4 品牌欄相符（品牌庫有重複，取業績最高）,2026-09-21 14:58:53,MSI 微星,品牌欄,msi微星,msi,微星,2563405,msi,,Hardware & 3C,auto,3,True
momo,Hardware & 3C,15027917,MSI 微星,【MSI 微星】GeForce RTX 5080 16G VENTUS 3X OC 顯示卡,MSI,2563405,93,1.4 品牌欄相符（品牌庫有重複，取業績最高）,2026-09-21 14:58:53,MSI 微星,品牌欄,msi微星,msi,微星,2563405,msi,,Hardware & 3C,auto,3,True
momo,Hardware & 3C,15048931,MSI 微星,配件大禮包★【MSI 微星】Claw 7 AI+ 7吋電競掌機(Ultra 7-258V/32G/512G SSD/W11/A2VM-002TW),MSI,2563405,93,1.4 品牌欄相符（品牌庫有重複，取業績最高）,2026-09-21 14:58:53,MSI 微星,品牌欄,msi微星,msi,微星,2563405,msi,,Hardware & 3C,auto,3,True
momo,Hardware & 3C,15053719,WD 威騰,【WD 威騰】金標 18TB 3.5吋 企業級內接硬碟(WD181KRYZ),WD,3894375,98,1.3 品牌欄完全相符,2026-09-21 14:58:53,WD 威騰,品牌欄,wd威騰,wd,威騰,3894375,wd,,Hardware & 3C,auto,2,True
momo,Hardware & 3C,15055276,MSI 微星,【MSI 微星】MAG 245C X24 24型 FHD 240Hz 電競曲面螢幕(HDR),MSI,2563405,93,1.4 品牌欄相符（品牌庫有重複，取業績最高）,2026-09-21 14:58:53,MSI 微星,品牌欄,msi微星,msi,微星,2563405,msi,,Hardware & 3C,auto,3,True
momo,Hardware & 3C,15057866,MSI 微星,【MSI 微星】MAG 255F X24 25型 IPS FHD 240Hz 電競螢幕(0.5ms/HDR),MSI,2563405,93,1.4 品牌欄相符（品牌庫有重複，取業績最高）,2026-09-21 14:58:53,MSI 微星,品牌欄,msi微星,msi,微星,2563405,msi,,Hardware & 3C,auto,3,True
momo,Hardware & 3C,15063455,LG 樂金,【LG 樂金】17MT70.ASDC2 17型 IPS 防眩光可攜式螢幕 (WQXGA/Type-C/HDMI),LG,1695281,90,1.3 品牌欄完全相符,2026-09-21 14:58:53,LG 樂金,品牌欄,lg樂金,lg,樂金,1695281,lg,,Home Electronic,auto,2,True
momo,Hardware & 3C,15075341,MSI 微星,【MSI 微星】SPATIUM M470 Pro 1TB M.2 2280 PCIe 4.0 SSD固態硬碟 (讀6000MB/寫4500MB),MSI,2563405,93,1.4 品牌欄相符（品牌庫有重複，取業績最高）,2026-09-21 14:58:53,MSI 微星,品牌欄,msi微星,msi,微星,2563405,msi,,Hardware & 3C,auto,3,True
momo,Hardware & 3C,15075735,MSI 微星,【MSI 微星】+24型螢幕★Core3-100U 六核迷你電腦(CUBI 5 1M-607TW/8G/512G SSD/W11),MSI,2563405,93,1.4 品牌欄相符（品牌庫有重複，取業績最高）,2026-09-21 14:58:53,MSI 微星,品牌欄,msi微星,msi,微星,2563405,msi,,Hardware & 3C,auto,3,True
momo,Hardware & 3C,15087819,MSI 微星,升級2T★【MSI 微星】18吋Ultra9-275HX RTX5060電競筆電(Crosshair 18 HX/16G/1T SSD/W11/A2XWFKG-058TW),MSI,2563405,93,1.4 品牌欄相符（品牌庫有重複，取業績最高）,2026-09-21 14:58:53,MSI 微星,品牌欄,msi微星,msi,微星,2563405,msi,,Hardware & 3C,auto,3,True
momo,Hardware & 3C,15099458,MSI 微星,【MSI 微星】+24型螢幕★Pentium G7400雙核迷你商用電腦(PRO DP21 14M/8G/128G SSD/W11P),MSI,2563405,93,1.4 品牌欄相符（品牌庫有重複，取業績最高）,2026-09-21 14:58:53,MSI 微星,品牌欄,msi微星,msi,微星,2563405,msi,,Hardware & 3C,auto,3,True
momo,Hardware & 3C,15099467,MSI 微星,【MSI 微星】+24型螢幕★N200 四核迷你電腦(CUBI N ADL-264BTW/準系統需另行選購),MSI,2563405,93,1.4 品牌欄相符（品牌庫有重複，取業績最高）,2026-09-21 14:58:53,MSI 微星,品牌欄,msi微星,msi,微星,2563405,msi,,Hardware & 3C,auto,3,True
momo,Hardware & 3C,15099470,MSI 微星,【MSI 微星】+24型螢幕★N100 四核迷你電腦(CUBI N ADL-265BTW/準系統需另行選購),MSI,2563405,93,1.4 品牌欄相符（品牌庫有重複，取業績最高）,2026-09-21 14:58:53,MSI 微星,品牌欄,msi微星,msi,微星,2563405,msi,,Hardware & 3C,auto,3,True
momo,Hardware & 3C,15099475,MSI 微星,【MSI 微星】+24型螢幕★Ultra 5-125H 十四核 AI迷你電腦(CUBI NUC 1UMG-039BTW/準系統需另行選購),MSI,2563405,93,1.4 品牌欄相符（品牌庫有重複，取業績最高）,2026-09-21 14:58:53,MSI 微星,品牌欄,msi微星,msi,微星,2563405,msi,,Hardware & 3C,auto,3,True
momo,Hardware & 3C,15099486,MSI 微星,【MSI 微星】+24型螢幕★Ultra 7-155H 十六核 AI迷你電腦(Cubi NUC 1UMG-040BTW/準系統需另行選購),MSI,2563405,93,1.4 品牌欄相符（品牌庫有重複，取業績最高）,2026-09-21 14:58:53,MSI 微星,品牌欄,msi微星,msi,微星,2563405,msi,,Hardware & 3C,auto,3,True
momo,Hardware & 3C,15099496,MSI 微星,【MSI 微星】+24型螢幕★R7-8845HS 八核迷你電腦(CUBI Z AI 8M-009BTW/準系統需另行選購),MSI,2563405,93,1.4 品牌欄相符（品牌庫有重複，取業績最高）,2026-09-21 14:58:53,MSI 微星,品牌欄,msi微星,msi,微星,2563405,msi,,Hardware & 3C,auto,3,True
momo,Hardware & 3C,15099506,MSI 微星,【MSI 微星】+24型螢幕★R5-8645HS 六核迷你電腦(CUBI Z AI 8M-011BTW/準系統需另行選購),MSI,2563405,93,1.4 品牌欄相符（品牌庫有重複，取業績最高）,2026-09-21 14:58:53,MSI 微星,品牌欄,msi微星,msi,微星,2563405,msi,,Hardware & 3C,auto,3,True
momo,Hardware & 3C,15106375,MSI 微星,【MSI 微星】16吋Ultra 9 386H RTX5080 AI電競筆電(Stealth 16 AI/32G/1T SSD/Win11P/B3WI-006TW),MSI,2563405,93,1.4 品牌欄相符（品牌庫有重複，取業績最高）,2026-09-21 14:58:53,MSI 微星,品牌欄,msi微星,msi,微星,2563405,msi,,Hardware & 3C,auto,3,True
momo,Hardware & 3C,15106376,MSI 微星,【MSI 微星】16吋Ultra 9 386H RTX5060 AI電競筆電(Stealth 16 AI/16G/1T SSD/Win11P/B3WF-005TW),MSI,2563405,93,1.4 品牌欄相符（品牌庫有重複，取業績最高）,2026-09-21 14:58:53,MSI 微星,品牌欄,msi微星,msi,微星,2563405,msi,,Hardware & 3C,auto,3,True
momo,Hardware & 3C,15113662,MSI 微星,【MSI 微星】GeForce RTX 5050 8G SHADOW 2X OC顯示卡,MSI,2563405,93,1.4 品牌欄相符（品牌庫有重複，取業績最高）,2026-09-21 14:58:53,MSI 微星,品牌欄,msi微星,msi,微星,2563405,msi,,Hardware & 3C,auto,3,True
momo,Hardware & 3C,15113832,AMD 超微,【AMD 超微】Ryzen R7-9800X3D 8核心 CPU處理器(4.7 GHz),AMD,1146249,98,1.3 品牌欄完全相符,2026-09-21 14:58:53,AMD 超微,品牌欄,amd超微,amd,超微,1146249,amd,,Hardware & 3C,auto,3,True
momo,Hardware & 3C,15115314,MSI 微星,【MSI 微星】Roamii☆BE☆Pro Mesh☆System 路由器(2 Pack),MSI,2563405,93,1.4 品牌欄相符（品牌庫有重複，取業績最高）,2026-09-21 14:58:53,MSI 微星,品牌欄,msi微星,msi,微星,2563405,msi,,Hardware & 3C,auto,3,True
momo,Hardware & 3C,15124104,MSI 微星,SSD+MB組合★【MSI 微星】SPATIUM M470 Pro 1TB SSD固態硬碟(讀6000MB/寫4500MB)+微星B860,MSI,2563405,93,1.4 品牌欄相符（品牌庫有重複，取業績最高）,2026-09-21 14:58:53,MSI 微星,品牌欄,msi微星,msi,微星,2563405,msi,,Hardware & 3C,auto,3,True
momo,Hardware & 3C,15124106,MSI 微星,SSD+MB組合★【MSI 微星】SPATIUM M470 Pro 1TB SSD固態硬碟(讀6000MB/寫4500MB)+微星X870E,MSI,2563405,93,1.4 品牌欄相符（品牌庫有重複，取業績最高）,2026-09-21 14:58:53,MSI 微星,品牌欄,msi微星,msi,微星,2563405,msi,,Hardware & 3C,auto,3,True
momo,Hardware & 3C,15124108,MSI 微星,SSD+MB組合★【MSI 微星】SPATIUM M470 Pro 1TB SSD固態硬碟(讀6000MB/寫4500MB)+微星B650M,MSI,2563405,93,1.4 品牌欄相符（品牌庫有重複，取業績最高）,2026-09-21 14:58:53,MSI 微星,品牌欄,msi微星,msi,微星,2563405,msi,,Hardware & 3C,auto,3,True
momo,Hardware & 3C,15124111,MSI 微星,SSD+MB組合★【MSI 微星】SPATIUM M470 Pro 1TB SSD固態硬碟(讀6000MB/寫4500MB)+微星B850M-P,MSI,2563405,93,1.4 品牌欄相符（品牌庫有重複，取業績最高）,2026-09-21 14:58:53,MSI 微星,品牌欄,msi微星,msi,微星,2563405,msi,,Hardware & 3C,auto,3,True
momo,Hardware & 3C,15124113,MSI 微星,SSD+MB組合★【MSI 微星】SPATIUM M470 Pro 1TB SSD固態硬碟(讀6000MB/寫4500MB)+微星B850-P,MSI,2563405,93,1.4 品牌欄相符（品牌庫有重複，取業績最高）,2026-09-21 14:58:53,MSI 微星,品牌欄,msi微星,msi,微星,2563405,msi,,Hardware & 3C,auto,3,True
momo,Hardware & 3C,15124116,MSI 微星,SSD+MB組合★【MSI 微星】SPATIUM M470 Pro 1TB SSD固態硬碟(讀6000MB/寫4500MB)+微星B850M,MSI,2563405,93,1.4 品牌欄相符（品牌庫有重複，取業績最高）,2026-09-21 14:58:53,MSI 微星,品牌欄,msi微星,msi,微星,2563405,msi,,Hardware & 3C,auto,3,True
momo,Hardware & 3C,15124117,MSI 微星,SSD+MB組合★【MSI 微星】SPATIUM M470 Pro 1TB SSD固態硬碟(讀6000MB/寫4500MB)+微星B860,MSI,2563405,93,1.4 品牌欄相符（品牌庫有重複，取業績最高）,2026-09-21 14:58:53,MSI 微星,品牌欄,msi微星,msi,微星,2563405,msi,,Hardware & 3C,auto,3,True
momo,Hardware & 3C,15124125,MSI 微星,SSD+MB組合★【MSI 微星】SPATIUM M470 Pro 1TB SSD固態硬碟(讀6000MB/寫4500MB)+微星 B860-P,MSI,2563405,93,1.4 品牌欄相符（品牌庫有重複，取業績最高）,2026-09-21 14:58:53,MSI 微星,品牌欄,msi微星,msi,微星,2563405,msi,,Hardware & 3C,auto,3,True
momo,Hardware & 3C,15124128,MSI 微星,SSD+MB組合★【MSI 微星】SPATIUM M470 Pro 1TB SSD固態硬碟(讀6000MB/寫4500MB)+微星B850,MSI,2563405,93,1.4 品牌欄相符（品牌庫有重複，取業績最高）,2026-09-21 14:58:53,MSI 微星,品牌欄,msi微星,msi,微星,2563405,msi,,Hardware & 3C,auto,3,True
momo,Hardware & 3C,15124137,MSI 微星,SSD+MB組合★【MSI 微星】SPATIUM M470 Pro 1TB SSD固態硬碟(讀6000MB/寫4500MB)+微星B650M,MSI,2563405,93,1.4 品牌欄相符（品牌庫有重複，取業績最高）,2026-09-21 14:58:53,MSI 微星,品牌欄,msi微星,msi,微星,2563405,msi,,Hardware & 3C,auto,3,True
momo,Hardware & 3C,15124138,MSI 微星,SSD+MB組合★【MSI 微星】SPATIUM M470 Pro 1TB SSD固態硬碟(讀6000MB/寫4500MB)+微星B760M,MSI,2563405,93,1.4 品牌欄相符（品牌庫有重複，取業績最高）,2026-09-21 14:58:53,MSI 微星,品牌欄,msi微星,msi,微星,2563405,msi,,Hardware & 3C,auto,3,True
momo,Hardware & 3C,15124140,MSI 微星,SSD+MB組合★【MSI 微星】SPATIUM M470 Pro 1TB SSD固態硬碟(讀6000MB/寫4500MB)+ 微星B650M-B,MSI,2563405,93,1.4 品牌欄相符（品牌庫有重複，取業績最高）,2026-09-21 14:58:53,MSI 微星,品牌欄,msi微星,msi,微星,2563405,msi,,Hardware & 3C,auto,3,True
momo,Hardware & 3C,15124141,MSI 微星,SSD+MB組合★【MSI 微星】SPATIUM M470 Pro 1TB SSD固態硬碟(讀6000MB/寫4500MB)+微星B760M-E,MSI,2563405,93,1.4 品牌欄相符（品牌庫有重複，取業績最高）,2026-09-21 14:58:53,MSI 微星,品牌欄,msi微星,msi,微星,2563405,msi,,Hardware & 3C,auto,3,True
momo,Hardware & 3C,15125800,MSI 微星,SSD+MB組合★【MSI 微星】SPATIUM M470 Pro 1TB SSD固態硬碟(讀6000MB/寫4500MB)+微星A520M-A,MSI,2563405,93,1.4 品牌欄相符（品牌庫有重複，取業績最高）,2026-09-21 14:58:53,MSI 微星,品牌欄,msi微星,msi,微星,2563405,msi,,Hardware & 3C,auto,3,True
momo,Hardware & 3C,15132775,LG 樂金,【LG 樂金】Gram 16Z90TL-G.AP55C2 16吋 Ultra 5 曜石黑 輕薄AI筆電(16G/512GB/WIN11PRO),LG,1695281,90,1.3 品牌欄完全相符,2026-09-21 14:58:53,LG 樂金,品牌欄,lg樂金,lg,樂金,1695281,lg,,Home Electronic,auto,2,True
momo,Hardware & 3C,15133391,WD 威騰,【WD 威騰】WD34PURZ 紫標 3TB 3.5吋監控硬碟,WD,3894375,98,1.3 品牌欄完全相符,2026-09-21 14:58:53,WD 威騰,品牌欄,wd威騰,wd,威騰,3894375,wd,,Hardware & 3C,auto,2,True
momo,Hardware & 3C,15133495,WD 威騰,【WD 威騰】Ultrastar DC HC590 26TB 3.5吋企業級硬碟(0F65672),WD,3894375,98,1.3 品牌欄完全相符,2026-09-21 14:58:53,WD 威騰,品牌欄,wd威騰,wd,威騰,3894375,wd,,Hardware & 3C,auto,2,True
momo,Hardware & 3C,15139735,WD 威騰,【WD 威騰】My Passport 2TB USB-C 2.5吋 行動硬碟-星曜灰(WDBWML0020BGY-WESN),WD,3894375,98,1.3 品牌欄完全相符,2026-09-21 14:58:53,WD 威騰,品牌欄,wd威騰,wd,威騰,3894375,wd,,Hardware & 3C,auto,2,True
momo,Hardware & 3C,15139737,WD 威騰,【WD 威騰】My Passport 4TB USB-C 2.5吋 行動硬碟-星曜灰(WDBRMD0040BGY-WESN),WD,3894375,98,1.3 品牌欄完全相符,2026-09-21 14:58:53,WD 威騰,品牌欄,wd威騰,wd,威騰,3894375,wd,,Hardware & 3C,auto,2,True
momo,Hardware & 3C,15139739,WD 威騰,【WD 威騰】My Passport 5TB USB-C 2.5吋 行動硬碟-星曜灰(WDBRMD0050BGY-WESN),WD,3894375,98,1.3 品牌欄完全相符,2026-09-21 14:58:53,WD 威騰,品牌欄,wd威騰,wd,威騰,3894375,wd,,Hardware & 3C,auto,2,True
momo,Hardware & 3C,15139741,WD 威騰,【WD 威騰】My Passport 6TB USB-C 2.5吋 行動硬碟-星曜灰(WDBY3J0060BGY-WESN),WD,3894375,98,1.3 品牌欄完全相符,2026-09-21 14:58:53,WD 威騰,品牌欄,wd威騰,wd,威騰,3894375,wd,,Hardware & 3C,auto,2,True
momo,Hardware & 3C,15146722,AMD 超微,【AMD 超微】Ryzen 9 9950X3D2 Dual Edition 16核心 CPU處理器(4.3GHz),AMD,1146249,98,1.3 品牌欄完全相符,2026-09-21 14:58:53,AMD 超微,品牌欄,amd超微,amd,超微,1146249,amd,,Hardware & 3C,auto,3,True
momo,Hardware & 3C,15148080,MSI 微星,【MSI 微星】16吋Ultra 9 275HX RTX 5070Ti-12G 電競筆電(Raider 16 HX/16G/1T SSD/Win11/B2WH-026TW),MSI,2563405,93,1.4 品牌欄相符（品牌庫有重複，取業績最高）,2026-09-21 14:58:53,MSI 微星,品牌欄,msi微星,msi,微星,2563405,msi,,Hardware & 3C,auto,3,True
momo,Hardware & 3C,15148081,MSI 微星,【MSI 微星】16吋Ultra 9 275HX RTX 5080-16G 電競筆電(Raider 16 HX/16G/1T SSD/Win11/B2WI-025TW),MSI,2563405,93,1.4 品牌欄相符（品牌庫有重複，取業績最高）,2026-09-21 14:58:53,MSI 微星,品牌欄,msi微星,msi,微星,2563405,msi,,Hardware & 3C,auto,3,True
momo,Hardware & 3C,15148083,MSI 微星,【MSI 微星】16吋Ultra X7 358H AI筆電(Prestige 16 AI+/32G/1T SSD/W11 Pro/C3MG-233TW),MSI,2563405,93,1.4 品牌欄相符（品牌庫有重複，取業績最高）,2026-09-21 14:58:53,MSI 微星,品牌欄,msi微星,msi,微星,2563405,msi,,Hardware & 3C,auto,3,True
momo,Hardware & 3C,15148087,MSI 微星,【MSI 微星】13吋 Ultra 7 355 輕薄AI筆電(Prestige 13 AI+/32G/1TB SSD/Win11Pro/A3MG-049TW),MSI,2563405,93,1.4 品牌欄相符（品牌庫有重複，取業績最高）,2026-09-21 14:58:53,MSI 微星,品牌欄,msi微星,msi,微星,2563405,msi,,Hardware & 3C,auto,3,True
momo,Hardware & 3C,15150890,MSI 微星,【微星】C+M組合★MAG X870E TOMAHAWK WIFI AMD主機板+AMD Ryzen R7-9800X3D CPU處理器,MSI,2563405,93,1.4 品牌欄相符（品牌庫有重複，取業績最高）,2026-09-21 14:58:53,MSI 微星,品牌欄,msi微星,msi,微星,2563405,msi,,Hardware & 3C,auto,3,True
momo,Hardware & 3C,15150892,MSI 微星,【微星】C+M組合★MAG X870E TOMAHAWK MAX WIFI PZ主機板+AMD Ryzen R7-9800X3D CPU處理器,MSI,2563405,93,1.4 品牌欄相符（品牌庫有重複，取業績最高）,2026-09-21 14:58:53,MSI 微星,品牌欄,msi微星,msi,微星,2563405,msi,,Hardware & 3C,auto,3,True
momo,Hardware & 3C,15151252,MSI 微星,【微星】C+M組合★PRO B650-S WIFI 主機板+AMD Ryzen R7-9800X3D CPU處理器,MSI,2563405,93,1.4 品牌欄相符（品牌庫有重複，取業績最高）,2026-09-21 14:58:53,MSI 微星,品牌欄,msi微星,msi,微星,2563405,msi,,Hardware & 3C,auto,3,True
momo,Hardware & 3C,15151255,MSI 微星,【微星】C+M組合★MPG X870E CARBON WIFI 主機板+AMD Ryzen R7-9800X3D CPU處理器,MSI,2563405,93,1.4 品牌欄相符（品牌庫有重複，取業績最高）,2026-09-21 14:58:53,MSI 微星,品牌欄,msi微星,msi,微星,2563405,msi,,Hardware & 3C,auto,3,True
momo,Hardware & 3C,15151294,MSI 微星,【微星】C+M組合★MPG B850 EDGE TI WIFI 主機板+AMD Ryzen R7-9800X3D CPU處理器,MSI,2563405,93,1.4 品牌欄相符（品牌庫有重複，取業績最高）,2026-09-21 14:58:53,MSI 微星,品牌欄,msi微星,msi,微星,2563405,msi,,Hardware & 3C,auto,3,True
momo,Hardware & 3C,15151296,MSI 微星,【微星】C+M組合★B650M GAMING PLUS WIFI DDR5 主機板+AMD Ryzen R7-9800X3D CPU處理器,MSI,2563405,93,1.4 品牌欄相符（品牌庫有重複，取業績最高）,2026-09-21 14:58:53,MSI 微星,品牌欄,msi微星,msi,微星,2563405,msi,,Hardware & 3C,auto,3,True
momo,Hardware & 3C,15151300,MSI 微星,【微星】C+M組合★B650 GAMING PLUS WIFI DDR5 主機板+AMD Ryzen R7-9800X3D CPU處理器,MSI,2563405,93,1.4 品牌欄相符（品牌庫有重複，取業績最高）,2026-09-21 14:58:53,MSI 微星,品牌欄,msi微星,msi,微星,2563405,msi,,Hardware & 3C,auto,3,True
momo,Hardware & 3C,15151302,MSI 微星,【微星】C+M組合★MPG B650I EDGE WIFI DDR5 主機板+AMD Ryzen R7-9800X3D CPU處理器,MSI,2563405,93,1.4 品牌欄相符（品牌庫有重複，取業績最高）,2026-09-21 14:58:53,MSI 微星,品牌欄,msi微星,msi,微星,2563405,msi,,Hardware & 3C,auto,3,True
momo,Hardware & 3C,15154402,AMD 超微,【AMD 超微】C+M組合★Ryzen 9 9950X3D2 Dual Edition 16核心 CPU+微星MPG X870E CARBON WIFI 主機板,AMD,1146249,98,1.3 品牌欄完全相符,2026-09-21 14:58:53,AMD 超微,品牌欄,amd超微,amd,超微,1146249,amd,,Hardware & 3C,auto,3,True
momo,Hardware & 3C,15154411,AMD 超微,【AMD 超微】C+M組合★Ryzen 9 9950X3D2 Dual Edition 16核心 CPU+微星MAG X870E TOMAHAWK MAX WIFI PZ主機,AMD,1146249,98,1.3 品牌欄完全相符,2026-09-21 14:58:53,AMD 超微,品牌欄,amd超微,amd,超微,1146249,amd,,Hardware & 3C,auto,3,True
momo,Hardware & 3C,15155904,MSI 微星,【MSI 微星】17吋 Ultra 7 255HX RTX5060 AI電競筆電(Crosshair 17 HX AI/16G/1TB SSD/W11/D2XWFKG-010TW),MSI,2563405,93,1.4 品牌欄相符（品牌庫有重複，取業績最高）,2026-09-21 14:58:53,MSI 微星,品牌欄,msi微星,msi,微星,2563405,msi,,Hardware & 3C,auto,3,True
momo,Hardware & 3C,15156360,AMD 超微,【AMD 超微】Ryzen R7-9800X3D 8核心 CPU處理器(4.7 GHz),AMD,1146249,98,1.3 品牌欄完全相符,2026-09-21 14:58:53,AMD 超微,品牌欄,amd超微,amd,超微,1146249,amd,,Hardware & 3C,auto,3,True
momo,Hardware & 3C,15160472,WD 威騰,【WD 威騰】My Book 14TB 3.5吋 外接硬碟(WDBBGB0140HBK-SESN),WD,3894375,98,1.3 品牌欄完全相符,2026-09-21 14:58:53,WD 威騰,品牌欄,wd威騰,wd,威騰,3894375,wd,,Hardware & 3C,auto,2,True
momo,Hardware & 3C,15165883,LG 樂金,【LG 樂金】Gram Pro 16吋 Ultra U7 355 輕薄AI筆電 (16Z90U-G.AU87C2/32G/1TB SSD/W11/純淨白),LG,1695281,90,1.3 品牌欄完全相符,2026-09-21 14:58:53,LG 樂金,品牌欄,lg樂金,lg,樂金,1695281,lg,,Home Electronic,auto,2,True
momo,Hardware & 3C,15165888,LG 樂金,【LG 樂金】Gram 14吋 Ultra U5 325 輕薄AI筆電 (14Z90U-G.AS67C2/32G/1TB SSD/W11/純淨白),LG,1695281,90,1.3 品牌欄完全相符,2026-09-21 14:58:53,LG 樂金,品牌欄,lg樂金,lg,樂金,1695281,lg,,Home Electronic,auto,2,True
momo,Hardware & 3C,15165891,LG 樂金,【LG 樂金】14吋Ultra5商用輕薄筆電(14Z90T-G.AP55C2/Gram 14/Ultra5 225H/16GB/512G SSD/W11P),LG,1695281,90,1.3 品牌欄完全相符,2026-09-21 14:58:53,LG 樂金,品牌欄,lg樂金,lg,樂金,1695281,lg,,Home Electronic,auto,2,True
momo,Hardware & 3C,15167442,MSI 微星,【MSI 微星】Ultra 5 十核電腦(PRO DP80 AI A2G-248TW/Ultra 5 225/16G/1TB SSD/W11P),MSI,2563405,93,1.4 品牌欄相符（品牌庫有重複，取業績最高）,2026-09-21 14:58:53,MSI 微星,品牌欄,msi微星,msi,微星,2563405,msi,,Hardware & 3C,auto,3,True
momo,Hardware & 3C,15167443,MSI 微星,【MSI 微星】Ultra 5-322 六核AI迷你電腦(CUBI NUC AI+ 3MG-011TW/Ultra 5-322/16G/512G SSD/W11P),MSI,2563405,93,1.4 品牌欄相符（品牌庫有重複，取業績最高）,2026-09-21 14:58:53,MSI 微星,品牌欄,msi微星,msi,微星,2563405,msi,,Hardware & 3C,auto,3,True
momo,Hardware & 3C,15167444,MSI 微星,【MSI 微星】Ultra 7-355 八核AI迷你電腦(CUBI NUC AI+ 3MG-010TW/Ultra 7-355/16G/1TB SSD/W11P),MSI,2563405,93,1.4 品牌欄相符（品牌庫有重複，取業績最高）,2026-09-21 14:58:53,MSI 微星,品牌欄,msi微星,msi,微星,2563405,msi,,Hardware & 3C,auto,3,True
momo,Hardware & 3C,15169750,MSI 微星,【MSI 微星】16吋Ultra 9 290HX Plus RTX 5080-16G電競筆電(Raider 16 Max HX/32G/2T SSD/Win11/B2WI-028TW,MSI,2563405,93,1.4 品牌欄相符（品牌庫有重複，取業績最高）,2026-09-21 14:58:53,MSI 微星,品牌欄,msi微星,msi,微星,2563405,msi,,Hardware & 3C,auto,3,True
momo,Hardware & 3C,15172039,MSI 微星,【MSI 微星】+1TB外接SSD★i5 RTX5060Ti-16G電競電腦(MAG Infinite E1/i5-12400F/16G/1TB SSD/W11H),MSI,2563405,93,1.4 品牌欄相符（品牌庫有重複，取業績最高）,2026-09-21 14:58:53,MSI 微星,品牌欄,msi微星,msi,微星,2563405,msi,,Hardware & 3C,auto,3,True
momo,Hardware & 3C,15172596,MSI 微星,【MSI 微星】升級32G★i5 RTX5060Ti-16G電競電腦(MAG Infinite E1/i5-12400F/16G/1TB SSD/W11H),MSI,2563405,93,1.4 品牌欄相符（品牌庫有重複，取業績最高）,2026-09-21 14:58:53,MSI 微星,品牌欄,msi微星,msi,微星,2563405,msi,,Hardware & 3C,auto,3,True
momo,Hardware & 3C,15172601,MSI 微星,【MSI 微星】+24型200Hz螢幕★i5 RTX5060Ti-16G電競電腦(MAG Infinite E1/i5-12400F/16G/1TB SSD/W11H),MSI,2563405,93,1.4 品牌欄相符（品牌庫有重複，取業績最高）,2026-09-21 14:58:53,MSI 微星,品牌欄,msi微星,msi,微星,2563405,msi,,Hardware & 3C,auto,3,True
momo,Hardware & 3C,15172617,MSI 微星,【MSI 微星】+1TB外接SSD★Core3-100U 六核迷你電腦(CUBI 5 1M-607TW/8G/512G SSD/W11),MSI,2563405,93,1.4 品牌欄相符（品牌庫有重複，取業績最高）,2026-09-21 14:58:53,MSI 微星,品牌欄,msi微星,msi,微星,2563405,msi,,Hardware & 3C,auto,3,True
momo,Hardware & 3C,15172966,MSI 微星,【MSI 微星】+1TB外接SSD★i5 RTX5060Ti-16G 電競電腦(MAG Infinite E1/i5-12400F/16G/1TB SSD/W11H),MSI,2563405,93,1.4 品牌欄相符（品牌庫有重複，取業績最高）,2026-09-21 14:58:53,MSI 微星,品牌欄,msi微星,msi,微星,2563405,msi,,Hardware & 3C,auto,3,True
momo,Hardware & 3C,15172967,MSI 微星,【MSI 微星】升級32G★i5 RTX5060Ti-16G 電競電腦(MAG Infinite E1/i5-12400F/16G/1TB SSD/W11H),MSI,2563405,93,1.4 品牌欄相符（品牌庫有重複，取業績最高）,2026-09-21 14:58:53,MSI 微星,品牌欄,msi微星,msi,微星,2563405,msi,,Hardware & 3C,auto,3,True
momo,Hardware & 3C,15172970,MSI 微星,【MSI 微星】+24型200Hz螢幕★i5 RTX5060Ti-16G 電競電腦(MAG Infinite E1/i5-12400F/16G/1TB SSD/W11H),MSI,2563405,93,1.4 品牌欄相符（品牌庫有重複，取業績最高）,2026-09-21 14:58:53,MSI 微星,品牌欄,msi微星,msi,微星,2563405,msi,,Hardware & 3C,auto,3,True
momo,Hardware & 3C,15172983,MSI 微星,【MSI 微星】+微軟M365★i5 RTX5060Ti-16G電競電腦(MAG Infinite E1/i5-12400F/16G/1TB SSD/W11H),MSI,2563405,93,1.4 品牌欄相符（品牌庫有重複，取業績最高）,2026-09-21 14:58:53,MSI 微星,品牌欄,msi微星,msi,微星,2563405,msi,,Hardware & 3C,auto,3,True
momo,Hardware & 3C,15172985,MSI 微星,【MSI 微星】+微軟M365★Core3-100U 六核迷你電腦(CUBI 5 1M-607TW/8G/512G SSD/W11),MSI,2563405,93,1.4 品牌欄相符（品牌庫有重複，取業績最高）,2026-09-21 14:58:53,MSI 微星,品牌欄,msi微星,msi,微星,2563405,msi,,Hardware & 3C,auto,3,True
momo,Hardware & 3C,15172988,MSI 微星,【MSI 微星】+微軟M365★i5 RTX5060Ti-16G 電競電腦(MAG Infinite E1/i5-12400F/16G/1TB SSD/W11H),MSI,2563405,93,1.4 品牌欄相符（品牌庫有重複，取業績最高）,2026-09-21 14:58:53,MSI 微星,品牌欄,msi微星,msi,微星,2563405,msi,,Hardware & 3C,auto,3,True
momo,Hardware & 3C,15173195,MSI 微星,【MSI 微星】+微軟M365★i3迷你電腦(PRO DP21 14M-1231TW/i3-14100/8G/512GSSD/W11),MSI,2563405,93,1.4 品牌欄相符（品牌庫有重複，取業績最高）,2026-09-21 14:58:53,MSI 微星,品牌欄,msi微星,msi,微星,2563405,msi,,Hardware & 3C,auto,3,True
momo,Hardware & 3C,15173242,MSI 微星,【MSI 微星】+1TB外接SSD★i3迷你電腦(PRO DP21 14M-1231TW/i3-14100/8G/512GSSD/W11),MSI,2563405,93,1.4 品牌欄相符（品牌庫有重複，取業績最高）,2026-09-21 14:58:53,MSI 微星,品牌欄,msi微星,msi,微星,2563405,msi,,Hardware & 3C,auto,3,True
momo,Hardware & 3C,15174150,MSI 微星,【MSI 微星】+Office2024★i5 RTX5060Ti-16G電競電腦(MAG Infinite E1/i5-12400F/16G/1TB SSD/W11H),MSI,2563405,93,1.4 品牌欄相符（品牌庫有重複，取業績最高）,2026-09-21 14:58:53,MSI 微星,品牌欄,msi微星,msi,微星,2563405,msi,,Hardware & 3C,auto,3,True
momo,Hardware & 3C,15174151,MSI 微星,【MSI 微星】+Office2024★Core3-100U 六核迷你電腦(CUBI 5 1M-607TW/8G/512G SSD/W11),MSI,2563405,93,1.4 品牌欄相符（品牌庫有重複，取業績最高）,2026-09-21 14:58:53,MSI 微星,品牌欄,msi微星,msi,微星,2563405,msi,,Hardware & 3C,auto,3,True
momo,Hardware & 3C,15174153,MSI 微星,【MSI 微星】+Office2024★i5 RTX5060Ti-16G 電競電腦(MAG Infinite E1/i5-12400F/16G/1TB SSD/W11H),MSI,2563405,93,1.4 品牌欄相符（品牌庫有重複，取業績最高）,2026-09-21 14:58:53,MSI 微星,品牌欄,msi微星,msi,微星,2563405,msi,,Hardware & 3C,auto,3,True
momo,Hardware & 3C,15174163,MSI 微星,【MSI 微星】+Office2024★i3迷你電腦(PRO DP21 14M-1231TW/i3-14100/8G/512GSSD/W11),MSI,2563405,93,1.4 品牌欄相符（品牌庫有重複，取業績最高）,2026-09-21 14:58:53,MSI 微星,品牌欄,msi微星,msi,微星,2563405,msi,,Hardware & 3C,auto,3,True
momo,Hardware & 3C,15174448,MSI 微星,【MSI 微星】+Office2024企業版★i5 RTX5060Ti-16G電競電腦(MAG Infinite E1/i5-12400F/16G/1TB SSD/W11H),MSI,2563405,93,1.4 品牌欄相符（品牌庫有重複，取業績最高）,2026-09-21 14:58:53,MSI 微星,品牌欄,msi微星,msi,微星,2563405,msi,,Hardware & 3C,auto,3,True
momo,Hardware & 3C,15174452,MSI 微星,【MSI 微星】+Office2024企業版★Core3-100U 六核迷你電腦(CUBI 5 1M-607TW/8G/512G SSD/W11),MSI,2563405,93,1.4 品牌欄相符（品牌庫有重複，取業績最高）,2026-09-21 14:58:53,MSI 微星,品牌欄,msi微星,msi,微星,2563405,msi,,Hardware & 3C,auto,3,True
momo,Hardware & 3C,15174455,MSI 微星,【MSI 微星】+Office2024企業版★i5 RTX5060Ti-16G 電競電腦(MAG Infinite E1/i5-12400F/16G/1TB SSD/W11H),MSI,2563405,93,1.4 品牌欄相符（品牌庫有重複，取業績最高）,2026-09-21 14:58:53,MSI 微星,品牌欄,msi微星,msi,微星,2563405,msi,,Hardware & 3C,auto,3,True
momo,Hardware & 3C,15174465,MSI 微星,【MSI 微星】+Office2024企業版★i3迷你電腦(PRO DP21 14M-1231TW/i3-14100/8G/512GSSD/W11),MSI,2563405,93,1.4 品牌欄相符（品牌庫有重複，取業績最高）,2026-09-21 14:58:53,MSI 微星,品牌欄,msi微星,msi,微星,2563405,msi,,Hardware & 3C,auto,3,True
momo,Hardware & 3C,15174486,MSI 微星,【MSI 微星】+24型螢幕★i3迷你電腦(PRO DP21 14M-1231TW/i3-14100/8G/512GSSD/W11),MSI,2563405,93,1.4 品牌欄相符（品牌庫有重複，取業績最高）,2026-09-21 14:58:53,MSI 微星,品牌欄,msi微星,msi,微星,2563405,msi,,Hardware & 3C,auto,3,True
momo,Hardware & 3C,15183875,MSI 微星,【MSI 微星】MAG A750BN PCIE5 III 銅牌 電源供應器,MSI,2563405,93,1.4 品牌欄相符（品牌庫有重複，取業績最高）,2026-09-21 14:58:53,MSI 微星,品牌欄,msi微星,msi,微星,2563405,msi,,Hardware & 3C,auto,3,True
momo,Hardware & 3C,15183876,MSI 微星,【MSI 微星】MAG A650BN PCIE5 III 銅牌 電源供應器,MSI,2563405,93,1.4 品牌欄相符（品牌庫有重複，取業績最高）,2026-09-21 14:58:53,MSI 微星,品牌欄,msi微星,msi,微星,2563405,msi,,Hardware & 3C,auto,3,True
momo,Hardware & 3C,15183877,MSI 微星,【MSI 微星】PRO A1000PL PCIE5 1000W白金牌 電源供應器,MSI,2563405,93,1.4 品牌欄相符（品牌庫有重複，取業績最高）,2026-09-21 14:58:53,MSI 微星,品牌欄,msi微星,msi,微星,2563405,msi,,Hardware & 3C,auto,3,True
momo,Hardware & 3C,15183878,MSI 微星,【MSI 微星】PRO A850PL PCIE5 ATX 3.1 白金 電源供應器,MSI,2563405,93,1.4 品牌欄相符（品牌庫有重複，取業績最高）,2026-09-21 14:58:53,MSI 微星,品牌欄,msi微星,msi,微星,2563405,msi,,Hardware & 3C,auto,3,True
momo,Hardware & 3C,15191810,MSI 微星,【MSI 微星】PRO B860M-E 主機板,MSI,2563405,93,1.4 品牌欄相符（品牌庫有重複，取業績最高）,2026-09-21 14:58:53,MSI 微星,品牌欄,msi微星,msi,微星,2563405,msi,,Hardware & 3C,auto,3,True
momo,Hardware & 3C,15196596,LG 樂金,【LG 樂金】Gram Pro 17吋 Ultra U7 355 輕薄AI筆電 (17Z90U-G.AU88C2/32G/1TB SSD/W11/曜石黑),LG,1695281,90,1.3 品牌欄完全相符,2026-09-21 14:58:53,LG 樂金,品牌欄,lg樂金,lg,樂金,1695281,lg,,Home Electronic,auto,2,True
momo,Hardware & 3C,15196598,LG 樂金,【LG 樂金】Gram Pro 16吋 Ultra X7 358H 輕薄AI筆電 (16Z90U-K.AUB8C2/32G/1TB SSD/W11/曜石黑),LG,1695281,90,1.3 品牌欄完全相符,2026-09-21 14:58:53,LG 樂金,品牌欄,lg樂金,lg,樂金,1695281,lg,,Home Electronic,auto,2,True
momo,Hardware & 3C,15196600,LG 樂金,【LG 樂金】Gram Pro 16吋 Ultra X7 358H 輕薄AI筆電 (16Z90U-K.AUB7C2/32G/1TB SSD/W11/極光白),LG,1695281,90,1.3 品牌欄完全相符,2026-09-21 14:58:53,LG 樂金,品牌欄,lg樂金,lg,樂金,1695281,lg,,Home Electronic,auto,2,True
momo,Hardware & 3C,15197302,MSI 微星,【MSI 微星】MPG Ai1600TS PCIE5 80 PLUS 1600W 鈦金認證 電源供應器,MSI,2563405,93,1.4 品牌欄相符（品牌庫有重複，取業績最高）,2026-09-21 14:58:53,MSI 微星,品牌欄,msi微星,msi,微星,2563405,msi,,Hardware & 3C,auto,3,True
momo,Hardware & 3C,15197303,MSI 微星,【MSI 微星】MPG Ai1300TS PCIE5 80 PLUS 1300W 鈦金認證 電源供應器,MSI,2563405,93,1.4 品牌欄相符（品牌庫有重複，取業績最高）,2026-09-21 14:58:53,MSI 微星,品牌欄,msi微星,msi,微星,2563405,msi,,Hardware & 3C,auto,3,True
momo,Hardware & 3C,15197304,MSI 微星,【MSI 微星】MAG A1200PLS PCIE5 80 PLUS 1200W 白金認證 電源供應器,MSI,2563405,93,1.4 品牌欄相符（品牌庫有重複，取業績最高）,2026-09-21 14:58:53,MSI 微星,品牌欄,msi微星,msi,微星,2563405,msi,,Hardware & 3C,auto,3,True
momo,Hardware & 3C,15197305,MSI 微星,【MSI 微星】MAG A1000PLS PCIE5 80 PLUS 1000W 白金認證 電源供應器,MSI,2563405,93,1.4 品牌欄相符（品牌庫有重複，取業績最高）,2026-09-21 14:58:53,MSI 微星,品牌欄,msi微星,msi,微星,2563405,msi,,Hardware & 3C,auto,3,True
momo,Hardware & 3C,15202005,MSI 微星,【MSI 微星】C+M組合★B860M GAMING PLUS WIFI 主機板+Intel Ultra 7 265K 中央處理器,MSI,2563405,93,1.4 品牌欄相符（品牌庫有重複，取業績最高）,2026-09-21 14:58:53,MSI 微星,品牌欄,msi微星,msi,微星,2563405,msi,,Hardware & 3C,auto,3,True
momo,Hardware & 3C,15202012,MSI 微星,【MSI 微星】C+M組合★MAG B860M MORTAR WIFI主機板+Intel Ultra 7 265K 中央處理器,MSI,2563405,93,1.4 品牌欄相符（品牌庫有重複，取業績最高）,2026-09-21 14:58:53,MSI 微星,品牌欄,msi微星,msi,微星,2563405,msi,,Hardware & 3C,auto,3,True
momo,Hardware & 3C,15202013,MSI 微星,【MSI 微星】C+M組合★MAG B860 TOMAHAWK WIFI 主機板+Intel Ultra 7 265K 中央處理器,MSI,2563405,93,1.4 品牌欄相符（品牌庫有重複，取業績最高）,2026-09-21 14:58:53,MSI 微星,品牌欄,msi微星,msi,微星,2563405,msi,,Hardware & 3C,auto,3,True
momo,Hardware & 3C,15202496,WD 威騰,【WD 威騰】WD Blue藍標 SN5100 NVMe SSD 4TB(WDS400T5B0E),WD,3894375,98,1.3 品牌欄完全相符,2026-09-21 14:58:53,WD 威騰,品牌欄,wd威騰,wd,威騰,3894375,wd,,Hardware & 3C,auto,2,True
momo,Hardware & 3C,15209848,LG 樂金,【LG 樂金】14吋Ultra5輕薄AI筆電(14Z90S-V-AP55C2/Gram 14/Ultra5 125H/16GB/512G SSD/W11P),LG,1695281,90,1.3 品牌欄完全相符,2026-09-21 14:58:53,LG 樂金,品牌欄,lg樂金,lg,樂金,1695281,lg,,Home Electronic,auto,2,True
momo,Hardware & 3C,15228694,WD 威騰,【WD 威騰】WD BLUE 藍標 SA510 500GB 2.5吋 SATA SSD(WDS500G5B0A-00LMP0),WD,3894375,98,1.3 品牌欄完全相符,2026-09-21 14:58:53,WD 威騰,品牌欄,wd威騰,wd,威騰,3894375,wd,,Hardware & 3C,auto,2,True
momo,Hardware & 3C,15228695,WD 威騰,【WD 威騰】WD BLUE 藍標 SA510 1TB 2.5吋 SATA SSD(WDS100T5B0A-00LMP0),WD,3894375,98,1.3 品牌欄完全相符,2026-09-21 14:58:53,WD 威騰,品牌欄,wd威騰,wd,威騰,3894375,wd,,Hardware & 3C,auto,2,True
momo,Hardware & 3C,15228696,WD 威騰,【WD 威騰】WD BLUE 藍標 SA510 2TB 2.5吋 SATA SSD(WDS200T5B0A-00LMP0),WD,3894375,98,1.3 品牌欄完全相符,2026-09-21 14:58:53,WD 威騰,品牌欄,wd威騰,wd,威騰,3894375,wd,,Hardware & 3C,auto,2,True
momo,Hardware & 3C,15228697,WD 威騰,【WD 威騰】WD BLUE 藍標 SA510 4TB 2.5吋 SATA SSD(WDS400T5B0A-00LMP0),WD,3894375,98,1.3 品牌欄完全相符,2026-09-21 14:58:53,WD 威騰,品牌欄,wd威騰,wd,威騰,3894375,wd,,Hardware & 3C,auto,2,True
momo,Hardware & 3C,15228873,WD 威騰,【WD 威騰】藍標 8TB 3.5吋 5640轉 256MB 桌上型 內接硬碟(WD80EAAZ),WD,3894375,98,1.3 品牌欄完全相符,2026-09-21 14:58:53,WD 威騰,品牌欄,wd威騰,wd,威騰,3894375,wd,,Hardware & 3C,auto,2,True
momo,Hardware & 3C,15228874,WD 威騰,【WD 威騰】藍標 3TB 3.5吋 5400轉 128MB 桌上型 內接硬碟(WD30EZZX),WD,3894375,98,1.3 品牌欄完全相符,2026-09-21 14:58:53,WD 威騰,品牌欄,wd威騰,wd,威騰,3894375,wd,,Hardware & 3C,auto,2,True
momo,Hardware & 3C,15228876,WD 威騰,【WD 威騰】金標 10TB 3.5吋 企業級內接硬碟(WD103KRYZ),WD,3894375,98,1.3 品牌欄完全相符,2026-09-21 14:58:53,WD 威騰,品牌欄,wd威騰,wd,威騰,3894375,wd,,Hardware & 3C,auto,2,True
momo,Hardware & 3C,15228878,WD 威騰,【WD 威騰】金標 26TB 3.5吋 企業級內接硬碟(WD261KRYZ),WD,3894375,98,1.3 品牌欄完全相符,2026-09-21 14:58:53,WD 威騰,品牌欄,wd威騰,wd,威騰,3894375,wd,,Hardware & 3C,auto,2,True
momo,Hardware & 3C,15228879,WD 威騰,【WD 威騰】金標 20TB 3.5吋 企業級內接硬碟(WD203KRYZ),WD,3894375,98,1.3 品牌欄完全相符,2026-09-21 14:58:53,WD 威騰,品牌欄,wd威騰,wd,威騰,3894375,wd,,Hardware & 3C,auto,2,True
momo,Hardware & 3C,15234450,MSI 微星,【MSI 微星】PRO MP225 E12VL 22型 120Hz 平面美型商用螢幕(TUV護眼認證/HDMI/1ms),MSI,2563405,93,1.4 品牌欄相符（品牌庫有重複，取業績最高）,2026-09-21 14:58:53,MSI 微星,品牌欄,msi微星,msi,微星,2563405,msi,,Hardware & 3C,auto,3,True
momo,Hardware & 3C,15242823,MSI 微星,【MSI 微星】i5 RTX5060Ti 電競電腦(MAG Infinite E1 14NVM5-269TW/i5-14400F/16G/1TB SSD/W11H),MSI,2563405,93,1.4 品牌欄相符（品牌庫有重複，取業績最高）,2026-09-21 14:58:53,MSI 微星,品牌欄,msi微星,msi,微星,2563405,msi,,Hardware & 3C,auto,3,True
momo,Hardware & 3C,15243477,LG 樂金,【LG 樂金】14吋Ultra5輕薄AI筆電(14Z90T-G-AP68C2-3Y/Gram/Ultra5 225H/32GB/1TB SSD/W11P),LG,1695281,90,1.3 品牌欄完全相符,2026-09-21 14:58:53,LG 樂金,品牌欄,lg樂金,lg,樂金,1695281,lg,,Home Electronic,auto,2,True
momo,Hardware & 3C,15257519,MSI 微星,【MSI 微星】PRO MP225 E12VL 22型 VA 16:9 120Hz 護眼商用螢幕 (HDMI/D-Sub),MSI,2563405,93,1.4 品牌欄相符（品牌庫有重複，取業績最高）,2026-09-21 14:58:53,MSI 微星,品牌欄,msi微星,msi,微星,2563405,msi,,Hardware & 3C,auto,3,True
momo,Hardware & 3C,15262927,MSI 微星,【MSI 微星】15.6吋 Core7 RTX5070 電競筆電(Cyborg 15 Max/Core 7-240H/16G/512G SSD/W11/C2WG-006TW),MSI,2563405,93,1.4 品牌欄相符（品牌庫有重複，取業績最高）,2026-09-21 14:58:53,MSI 微星,品牌欄,msi微星,msi,微星,2563405,msi,,Hardware & 3C,auto,3,True
momo,Hardware & 3C,15262929,MSI 微星,【MSI 微星】15.6吋 Core7 RTX5060 電競筆電(Cyborg 15 Max/Core 7-240H/16G/512G SSD/W11/C2WF-007TW,MSI,2563405,93,1.4 品牌欄相符（品牌庫有重複，取業績最高）,2026-09-21 14:58:53,MSI 微星,品牌欄,msi微星,msi,微星,2563405,msi,,Hardware & 3C,auto,3,True
momo,Hardware & 3C,15268062,MSI 微星,【MSI 微星】PRO B860M-B WIFI主機板,MSI,2563405,93,1.4 品牌欄相符（品牌庫有重複，取業績最高）,2026-09-21 14:58:53,MSI 微星,品牌欄,msi微星,msi,微星,2563405,msi,,Hardware & 3C,auto,3,True
momo,Hardware & 3C,15268066,MSI 微星,【MSI 微星】PRO H810M-E 主機板,MSI,2563405,93,1.4 品牌欄相符（品牌庫有重複，取業績最高）,2026-09-21 14:58:53,MSI 微星,品牌欄,msi微星,msi,微星,2563405,msi,,Hardware & 3C,auto,3,True
momo,Hardware & 3C,15268067,MSI 微星,【MSI 微星】PRO H810M-B 主機板,MSI,2563405,93,1.4 品牌欄相符（品牌庫有重複，取業績最高）,2026-09-21 14:58:53,MSI 微星,品牌欄,msi微星,msi,微星,2563405,msi,,Hardware & 3C,auto,3,True
momo,Hardware & 3C,15272757,WD 威騰,【WD 威騰】加外接盒★WD BLUE 藍標 SA510 500G SATA ssd固態硬碟 5年保(WDS500G3B0A),WD,3894375,98,1.3 品牌欄完全相符,2026-09-21 14:58:53,WD 威騰,品牌欄,wd威騰,wd,威騰,3894375,wd,,Hardware & 3C,auto,2,True
momo,Hardware & 3C,15277330,MSI 微星,【MSI 微星】15.6吋 i7 RTX5050電競筆電(Cyborg 15 Max/i7-13620H/16G/512G SSD/W11/C13WE-054TW),MSI,2563405,93,1.4 品牌欄相符（品牌庫有重複，取業績最高）,2026-09-21 14:58:53,MSI 微星,品牌欄,msi微星,msi,微星,2563405,msi,,Hardware & 3C,auto,3,True
momo,Hardware & 3C,15277335,MSI 微星,【MSI 微星】MPG MT201DRG 雙螢幕手臂架 雙螢幕支架 安裝腳架 桌上型電腦螢幕支架 雙臂支架 20KG 35吋,MSI,2563405,93,1.4 品牌欄相符（品牌庫有重複，取業績最高）,2026-09-21 14:58:53,MSI 微星,品牌欄,msi微星,msi,微星,2563405,msi,,Hardware & 3C,auto,3,True
momo,Hardware & 3C,15277336,MSI 微星,【MSI 微星】MPG MT201RG 螢幕手臂架 安裝腳架 螢幕支架 電腦螢幕支架,MSI,2563405,93,1.4 品牌欄相符（品牌庫有重複，取業績最高）,2026-09-21 14:58:53,MSI 微星,品牌欄,msi微星,msi,微星,2563405,msi,,Hardware & 3C,auto,3,True
momo,Hardware & 3C,15285520,MSI 微星,【MSI 微星】16吋Ultra7 商務AI筆電(Prestige 16 AI Evo/Ultra 7 165H/32G/1TB SSD/Win11Pro/B1MG-223TW),MSI,2563405,93,1.4 品牌欄相符（品牌庫有重複，取業績最高）,2026-09-21 14:58:53,MSI 微星,品牌欄,msi微星,msi,微星,2563405,msi,,Hardware & 3C,auto,3,True
momo,Hardware & 3C,15285523,MSI 微星,【MSI 微星】15.6吋i5 GeForce RTX 5050電競筆電(Cyborg 15/i5-13420H/8G/512G SSD/W11/C13WE-200TW),MSI,2563405,93,1.4 品牌欄相符（品牌庫有重複，取業績最高）,2026-09-21 14:58:53,MSI 微星,品牌欄,msi微星,msi,微星,2563405,msi,,Hardware & 3C,auto,3,True
momo,Hardware & 3C,15285524,MSI 微星,【MSI 微星】16吋i7-14650HX RTX5060 電競筆電(Crosshair 16 HX/16G/1TB SSD/W11/E14WFK-013TW,MSI,2563405,93,1.4 品牌欄相符（品牌庫有重複，取業績最高）,2026-09-21 14:58:53,MSI 微星,品牌欄,msi微星,msi,微星,2563405,msi,,Hardware & 3C,auto,3,True
momo,Hardware & 3C,15285525,MSI 微星,【MSI 微星】16吋i7-14650HX RTX5070 電競筆電(Crosshair 16 HX/16G/1TB SSD/W11/E14WGK-002TW),MSI,2563405,93,1.4 品牌欄相符（品牌庫有重複，取業績最高）,2026-09-21 14:58:53,MSI 微星,品牌欄,msi微星,msi,微星,2563405,msi,,Hardware & 3C,auto,3,True
momo,Hardware & 3C,15285526,MSI 微星,【MSI 微星】16吋i9-14900HX RTX5060 電競筆電(Crosshair 16 HX/16G/1TB SSD/W11/E14WFK-014TW),MSI,2563405,93,1.4 品牌欄相符（品牌庫有重複，取業績最高）,2026-09-21 14:58:53,MSI 微星,品牌欄,msi微星,msi,微星,2563405,msi,,Hardware & 3C,auto,3,True
momo,Hardware & 3C,15285527,MSI 微星,【MSI 微星】16吋Ultra 9 290HX Plus RTX5060電競筆電(Crosshair 16 Max HX/16G/512G SSD/W11/E2WFK-024TW),MSI,2563405,93,1.4 品牌欄相符（品牌庫有重複，取業績最高）,2026-09-21 14:58:53,MSI 微星,品牌欄,msi微星,msi,微星,2563405,msi,,Hardware & 3C,auto,3,True
momo,Hardware & 3C,15285528,MSI 微星,【MSI 微星】14吋 Ryzen AI 5 330 輕薄效能筆電(Modern A14 AI+/16G/512GB SSD/Win11/F3HMG-026TW),MSI,2563405,93,1.4 品牌欄相符（品牌庫有重複，取業績最高）,2026-09-21 14:58:53,MSI 微星,品牌欄,msi微星,msi,微星,2563405,msi,,Hardware & 3C,auto,3,True
momo,Hardware & 3C,15285539,MSI 微星,【MSI 微星】▲特仕版 15.6吋 電競筆電(Cyborg 15 Max C2WF-007TW/Core 7-240H/16G/512G+500G/RTX5060/W11),MSI,2563405,93,1.4 品牌欄相符（品牌庫有重複，取業績最高）,2026-09-21 14:58:53,MSI 微星,品牌欄,msi微星,msi,微星,2563405,msi,,Hardware & 3C,auto,3,True
momo,Hardware & 3C,15285546,MSI 微星,【MSI 微星】▲特仕版 15.6吋 電競筆電(Cyborg 15 Max C2WG-006TW/Core 7-240H/32G/512G SSD/RTX5070/W11),MSI,2563405,93,1.4 品牌欄相符（品牌庫有重複，取業績最高）,2026-09-21 14:58:53,MSI 微星,品牌欄,msi微星,msi,微星,2563405,msi,,Hardware & 3C,auto,3,True
momo,Hardware & 3C,15292509,MSI 微星,升級32G★【MSI 微星】17吋Ultra 7-255HX RTX5060電競筆電(Crosshair17HX AI/16G/1T/W11/D2XWFKG-010TW),MSI,2563405,93,1.4 品牌欄相符（品牌庫有重複，取業績最高）,2026-09-21 14:58:53,MSI 微星,品牌欄,msi微星,msi,微星,2563405,msi,,Hardware & 3C,auto,3,True
momo,Hardware & 3C,15295449,WD 威騰,【WD 威騰】金標 26TB 3.5吋 7200轉 512MB 企業級內接硬碟(WD261KRYZ),WD,3894375,98,1.3 品牌欄完全相符,2026-09-21 14:58:53,WD 威騰,品牌欄,wd威騰,wd,威騰,3894375,wd,,Hardware & 3C,auto,2,True
momo,Hardware & 3C,15299801,MSI 微星,【MSI 微星】▲特仕版 15.6吋 商務筆電(Modern 15 F1MXG-1042TW/Core 5-120U/24G/1T SSD/Win11Pro/灰),MSI,2563405,93,1.4 品牌欄相符（品牌庫有重複，取業績最高）,2026-09-21 14:58:53,MSI 微星,品牌欄,msi微星,msi,微星,2563405,msi,,Hardware & 3C,auto,3,True
momo,Hardware & 3C,15302758,MSI 微星,【MSI 微星】▲特仕版 14吋 商務筆電(Modern A14 AI+ F3HMG-026TW/Ryzen AI 5 330/16G/1T SSD/Win11/灰),MSI,2563405,93,1.4 品牌欄相符（品牌庫有重複，取業績最高）,2026-09-21 14:58:53,MSI 微星,品牌欄,msi微星,msi,微星,2563405,msi,,Hardware & 3C,auto,3,True
momo,Hardware & 3C,15315617,AMD 超微,【AMD 超微】Ryzen R7-7800X3D Tray 8核心 CPU中央處理器,AMD,1146249,98,1.3 品牌欄完全相符,2026-09-21 14:58:53,AMD 超微,品牌欄,amd超微,amd,超微,1146249,amd,,Hardware & 3C,auto,3,True
momo,Hardware & 3C,15317916,MSI 微星,【微星】C+M組合★PRO X870E-P WIFI 主機板+AMD Ryzen R7-9800X3D CPU處理器,MSI,2563405,93,1.4 品牌欄相符（品牌庫有重複，取業績最高）,2026-09-21 14:58:53,MSI 微星,品牌欄,msi微星,msi,微星,2563405,msi,,Hardware & 3C,auto,3,True
momo,Hardware & 3C,15317920,MSI 微星,【微星】C+M組合★B850MPOWER AMD主機板+AMD Ryzen R7-9800X3D CPU處理器,MSI,2563405,93,1.4 品牌欄相符（品牌庫有重複，取業績最高）,2026-09-21 14:58:53,MSI 微星,品牌欄,msi微星,msi,微星,2563405,msi,,Hardware & 3C,auto,3,True
momo,Hardware & 3C,15317922,MSI 微星,【微星】C+M組合★MPG X870I EDGE TI EVO WIFI AMD主機板+AMD Ryzen R7-9800X3D CPU處理器,MSI,2563405,93,1.4 品牌欄相符（品牌庫有重複，取業績最高）,2026-09-21 14:58:53,MSI 微星,品牌欄,msi微星,msi,微星,2563405,msi,,Hardware & 3C,auto,3,True
momo,Hardware & 3C,15317940,MSI 微星,【微星】C+M組合★PRO B850M-P WIFI 主機板+AMD Ryzen R7-9800X3D CPU處理器,MSI,2563405,93,1.4 品牌欄相符（品牌庫有重複，取業績最高）,2026-09-21 14:58:53,MSI 微星,品牌欄,msi微星,msi,微星,2563405,msi,,Hardware & 3C,auto,3,True
momo,Hardware & 3C,15318895,MSI 微星,【微星】C+M組合★X870E GAMING PLUS WIFI AMD主機板+AMD Ryzen R7-9800X3D CPU處理器,MSI,2563405,93,1.4 品牌欄相符（品牌庫有重複，取業績最高）,2026-09-21 14:58:53,MSI 微星,品牌欄,msi微星,msi,微星,2563405,msi,,Hardware & 3C,auto,3,True
momo,Hardware & 3C,15318896,MSI 微星,【微星】C+M組合★B850 GAMING PLUS WIFI PZ 主機板+AMD Ryzen R7-9800X3D CPU處理器,MSI,2563405,93,1.4 品牌欄相符（品牌庫有重複，取業績最高）,2026-09-21 14:58:53,MSI 微星,品牌欄,msi微星,msi,微星,2563405,msi,,Hardware & 3C,auto,3,True
momo,Hardware & 3C,15318898,MSI 微星,【微星】C+M組合★MPG B850I EDGE TI WIFI 主機板+AMD Ryzen R7-9800X3D CPU處理器,MSI,2563405,93,1.4 品牌欄相符（品牌庫有重複，取業績最高）,2026-09-21 14:58:53,MSI 微星,品牌欄,msi微星,msi,微星,2563405,msi,,Hardware & 3C,auto,3,True
momo,Hardware & 3C,15318899,MSI 微星,【微星】C+M組合★PRO B850M-A WIFI 主機板+AMD Ryzen R7-9800X3D CPU處理器,MSI,2563405,93,1.4 品牌欄相符（品牌庫有重複，取業績最高）,2026-09-21 14:58:53,MSI 微星,品牌欄,msi微星,msi,微星,2563405,msi,,Hardware & 3C,auto,3,True
momo,Hardware & 3C,15318900,MSI 微星,【微星】C+M組合★MPG X870E EDGE TI WIFI 主機板+AMD Ryzen R7-9800X3D CPU處理器,MSI,2563405,93,1.4 品牌欄相符（品牌庫有重複，取業績最高）,2026-09-21 14:58:53,MSI 微星,品牌欄,msi微星,msi,微星,2563405,msi,,Hardware & 3C,auto,3,True
momo,Hardware & 3C,15318923,MSI 微星,【微星】C+M組合★B850 GAMING PLUS WIFI 主機板+AMD Ryzen R7-9800X3D CPU處理器,MSI,2563405,93,1.4 品牌欄相符（品牌庫有重複，取業績最高）,2026-09-21 14:58:53,MSI 微星,品牌欄,msi微星,msi,微星,2563405,msi,,Hardware & 3C,auto,3,True
momo,Hardware & 3C,15320049,MSI 微星,【微星】C+M組合★X870 GAMING PLUS WIFI 主機板+AMD Ryzen R7-9800X3D CPU處理器,MSI,2563405,93,1.4 品牌欄相符（品牌庫有重複，取業績最高）,2026-09-21 14:58:53,MSI 微星,品牌欄,msi微星,msi,微星,2563405,msi,,Hardware & 3C,auto,3,True
momo,Hardware & 3C,15328286,MSI 微星,【MSI 微星】Ultra 5-322 六核AI迷你電腦(Cubi NUC AI+ 3MG-018BTW/Ultra 5-322/準系統需另行選購),MSI,2563405,93,1.4 品牌欄相符（品牌庫有重複，取業績最高）,2026-09-21 14:58:53,MSI 微星,品牌欄,msi微星,msi,微星,2563405,msi,,Hardware & 3C,auto,3,True
momo,Hardware & 3C,15328287,MSI 微星,【MSI 微星】Ultra 7-355 八核AI迷你電腦(Cubi NUC AI+ 3MG-017BT/Ultra 7-355/準系統需另行選購),MSI,2563405,93,1.4 品牌欄相符（品牌庫有重複，取業績最高）,2026-09-21 14:58:53,MSI 微星,品牌欄,msi微星,msi,微星,2563405,msi,,Hardware & 3C,auto,3,True
momo,Hardware & 3C,15328288,MSI 微星,【MSI 微星】Ultra 9-386 十六核AI迷你電腦(Cubi NUC AI+ 3MG-016BTW/Ultra 9-386/準系統需另行選購),MSI,2563405,93,1.4 品牌欄相符（品牌庫有重複，取業績最高）,2026-09-21 14:58:53,MSI 微星,品牌欄,msi微星,msi,微星,2563405,msi,,Hardware & 3C,auto,3,True
momo,Hardware & 3C,15328289,MSI 微星,【MSI 微星】Core3-100U 六核迷你電腦(Cubi 5 1MA-487BTW/準系統需另行選購),MSI,2563405,93,1.4 品牌欄相符（品牌庫有重複，取業績最高）,2026-09-21 14:58:53,MSI 微星,品牌欄,msi微星,msi,微星,2563405,msi,,Hardware & 3C,auto,3,True
momo,Hardware & 3C,15328362,MSI 微星,【微星】C+M組合★PRO B850-P WIFI 主機板+AMD Ryzen R7-9800X3D CPU處理器,MSI,2563405,93,1.4 品牌欄相符（品牌庫有重複，取業績最高）,2026-09-21 14:58:53,MSI 微星,品牌欄,msi微星,msi,微星,2563405,msi,,Hardware & 3C,auto,3,True
momo,Hardware & 3C,15328384,MSI 微星,【微星】C+M組合★PRO B650M-B DDR5 主機板+AMD Ryzen R7-9800X3D CPU處理器,MSI,2563405,93,1.4 品牌欄相符（品牌庫有重複，取業績最高）,2026-09-21 14:58:53,MSI 微星,品牌欄,msi微星,msi,微星,2563405,msi,,Hardware & 3C,auto,3,True
momo,Hardware & 3C,15328773,MSI 微星,【微星】C+M組合★B850M GAMING PLUS WIFI 主機板+AMD Ryzen R7-9800X3D CPU處理器,MSI,2563405,93,1.4 品牌欄相符（品牌庫有重複，取業績最高）,2026-09-21 14:58:53,MSI 微星,品牌欄,msi微星,msi,微星,2563405,msi,,Hardware & 3C,auto,3,True
momo,Hardware & 3C,15328793,MSI 微星,【微星】C+M組合★MAG B850 GAMING PLUS MAX WIFI主機板+AMD Ryzen R7-9800X3D CPU處理器,MSI,2563405,93,1.4 品牌欄相符（品牌庫有重複，取業績最高）,2026-09-21 14:58:53,MSI 微星,品牌欄,msi微星,msi,微星,2563405,msi,,Hardware & 3C,auto,3,True
momo,Hardware & 3C,15329730,MSI 微星,【MSI 微星】Core 3-100U 六核迷你電腦(Cubi 5 1MA-653TW/8G/512G SSD/W11H),MSI,2563405,93,1.4 品牌欄相符（品牌庫有重複，取業績最高）,2026-09-21 14:58:53,MSI 微星,品牌欄,msi微星,msi,微星,2563405,msi,,Hardware & 3C,auto,3,True
momo,Hardware & 3C,15329731,MSI 微星,【MSI 微星】Core5-120U 十核迷你電腦(Cubi 5 1MA-655TW/16G/1TB SSD/W11P),MSI,2563405,93,1.4 品牌欄相符（品牌庫有重複，取業績最高）,2026-09-21 14:58:53,MSI 微星,品牌欄,msi微星,msi,微星,2563405,msi,,Hardware & 3C,auto,3,True
momo,Hardware & 3C,15330635,MSI 微星,【微星】C+M組合★PRO B650M-A WIFI DDR5 主機板+AMD Ryzen R7-9800X3D CPU處理器,MSI,2563405,93,1.4 品牌欄相符（品牌庫有重複，取業績最高）,2026-09-21 14:58:53,MSI 微星,品牌欄,msi微星,msi,微星,2563405,msi,,Hardware & 3C,auto,3,True
momo,Hardware & 3C,15330636,MSI 微星,【微星】C+M組合★B650M GAMING WIFI DDR5 主機板+AMD Ryzen R7-9800X3D CPU處理器,MSI,2563405,93,1.4 品牌欄相符（品牌庫有重複，取業績最高）,2026-09-21 14:58:53,MSI 微星,品牌欄,msi微星,msi,微星,2563405,msi,,Hardware & 3C,auto,3,True
momo,Hardware & 3C,15330637,MSI 微星,【微星】C+M組合★B850M GAMING PLUS WIFI6E AMD主機板+AMD Ryzen R7-9800X3D CPU處理器,MSI,2563405,93,1.4 品牌欄相符（品牌庫有重複，取業績最高）,2026-09-21 14:58:53,MSI 微星,品牌欄,msi微星,msi,微星,2563405,msi,,Hardware & 3C,auto,3,True
momo,Hardware & 3C,15330643,MSI 微星,【微星】C+M組合★B850M GAMING WIFI6E AMD主機板+AMD Ryzen R7-9800X3D CPU處理器,MSI,2563405,93,1.4 品牌欄相符（品牌庫有重複，取業績最高）,2026-09-21 14:58:53,MSI 微星,品牌欄,msi微星,msi,微星,2563405,msi,,Hardware & 3C,auto,3,True
momo,Hardware & 3C,15330747,MSI 微星,【微星】C+M組合★MAG B850 TOMAHAWK MAX WIFI II主機板+AMD Ryzen R7-9800X3D CPU處理器,MSI,2563405,93,1.4 品牌欄相符（品牌庫有重複，取業績最高）,2026-09-21 14:58:53,MSI 微星,品牌欄,msi微星,msi,微星,2563405,msi,,Hardware & 3C,auto,3,True
momo,Hardware & 3C,15335644,MSI 微星,【微星】C+M組合★MAG X870E TOMAHAWK WIFI AMD主機板+AMD Ryzen R7-7800X3D CPU 處理器(工業包),MSI,2563405,93,1.4 品牌欄相符（品牌庫有重複，取業績最高）,2026-09-21 14:58:53,MSI 微星,品牌欄,msi微星,msi,微星,2563405,msi,,Hardware & 3C,auto,3,True
momo,Hardware & 3C,15335645,MSI 微星,【微星】C+M組合★MAG X870E TOMAHAWK MAX WIFI PZ主機板+AMD Ryzen R7-7800X3D CPU 處理器(工業包),MSI,2563405,93,1.4 品牌欄相符（品牌庫有重複，取業績最高）,2026-09-21 14:58:53,MSI 微星,品牌欄,msi微星,msi,微星,2563405,msi,,Hardware & 3C,auto,3,True
momo,Hardware & 3C,15335646,MSI 微星,【微星】C+M組合★PRO B650-S WIFI 主機板+AMD Ryzen R7-7800X3D CPU 處理器(工業包),MSI,2563405,93,1.4 品牌欄相符（品牌庫有重複，取業績最高）,2026-09-21 14:58:53,MSI 微星,品牌欄,msi微星,msi,微星,2563405,msi,,Hardware & 3C,auto,3,True
momo,Hardware & 3C,15335647,MSI 微星,【微星】C+M組合★MPG X870E CARBON WIFI 主機板+AMD Ryzen R7-7800X3D CPU 處理器(工業包),MSI,2563405,93,1.4 品牌欄相符（品牌庫有重複，取業績最高）,2026-09-21 14:58:53,MSI 微星,品牌欄,msi微星,msi,微星,2563405,msi,,Hardware & 3C,auto,3,True
momo,Hardware & 3C,15335648,MSI 微星,【微星】C+M組合★MPG B850 EDGE TI WIFI 主機板+AMD Ryzen R7-7800X3D CPU 處理器(工業包),MSI,2563405,93,1.4 品牌欄相符（品牌庫有重複，取業績最高）,2026-09-21 14:58:53,MSI 微星,品牌欄,msi微星,msi,微星,2563405,msi,,Hardware & 3C,auto,3,True
momo,Hardware & 3C,15335679,MSI 微星,【微星】C+M組合★B650M GAMING PLUS WIFI DDR5 主機板+AMD Ryzen R7-7800X3D CPU 處理器(工業包),MSI,2563405,93,1.4 品牌欄相符（品牌庫有重複，取業績最高）,2026-09-21 14:58:53,MSI 微星,品牌欄,msi微星,msi,微星,2563405,msi,,Hardware & 3C,auto,3,True
momo,Hardware & 3C,15335711,MSI 微星,【微星】C+M組合★B650 GAMING PLUS WIFI DDR5 主機板+AMD Ryzen R7-7800X3D CPU 處理器(工業包),MSI,2563405,93,1.4 品牌欄相符（品牌庫有重複，取業績最高）,2026-09-21 14:58:53,MSI 微星,品牌欄,msi微星,msi,微星,2563405,msi,,Hardware & 3C,auto,3,True
momo,Hardware & 3C,15335713,MSI 微星,【微星】C+M組合★MPG B650I EDGE WIFI DDR5 主機板+AMD Ryzen R7-7800X3D CPU 處理器(工業包),MSI,2563405,93,1.4 品牌欄相符（品牌庫有重複，取業績最高）,2026-09-21 14:58:53,MSI 微星,品牌欄,msi微星,msi,微星,2563405,msi,,Hardware & 3C,auto,3,True
momo,Hardware & 3C,15335715,MSI 微星,【微星】C+M組合★PRO X870E-P WIFI 主機板+AMD Ryzen R7-7800X3D CPU 處理器(工業包),MSI,2563405,93,1.4 品牌欄相符（品牌庫有重複，取業績最高）,2026-09-21 14:58:53,MSI 微星,品牌欄,msi微星,msi,微星,2563405,msi,,Hardware & 3C,auto,3,True
momo,Hardware & 3C,15335717,MSI 微星,【微星】C+M組合★B850MPOWER AMD主機板+AMD Ryzen R7-7800X3D CPU 處理器(工業包),MSI,2563405,93,1.4 品牌欄相符（品牌庫有重複，取業績最高）,2026-09-21 14:58:53,MSI 微星,品牌欄,msi微星,msi,微星,2563405,msi,,Hardware & 3C,auto,3,True
momo,Hardware & 3C,15335718,MSI 微星,【微星】C+M組合★MPG X870I EDGE TI EVO WIFI AMD主機板+AMD Ryzen R7-7800X3D CPU 處理器(工業包),MSI,2563405,93,1.4 品牌欄相符（品牌庫有重複，取業績最高）,2026-09-21 14:58:53,MSI 微星,品牌欄,msi微星,msi,微星,2563405,msi,,Hardware & 3C,auto,3,True
momo,Hardware & 3C,15335721,MSI 微星,【微星】C+M組合★X870E GAMING PLUS WIFI AMD主機板+AMD Ryzen R7-7800X3D CPU 處理器(工業包),MSI,2563405,93,1.4 品牌欄相符（品牌庫有重複，取業績最高）,2026-09-21 14:58:53,MSI 微星,品牌欄,msi微星,msi,微星,2563405,msi,,Hardware & 3C,auto,3,True
momo,Hardware & 3C,15336498,MSI 微星,【微星】C+M組合★B850 GAMING PLUS WIFI PZ 主機板+AMD Ryzen R7-7800X3D CPU 處理器(工業包),MSI,2563405,93,1.4 品牌欄相符（品牌庫有重複，取業績最高）,2026-09-21 14:58:53,MSI 微星,品牌欄,msi微星,msi,微星,2563405,msi,,Hardware & 3C,auto,3,True
momo,Hardware & 3C,15336500,MSI 微星,【微星】C+M組合★MPG B850I EDGE TI WIFI 主機板+AMD Ryzen R7-7800X3D CPU 處理器(工業包),MSI,2563405,93,1.4 品牌欄相符（品牌庫有重複，取業績最高）,2026-09-21 14:58:53,MSI 微星,品牌欄,msi微星,msi,微星,2563405,msi,,Hardware & 3C,auto,3,True
momo,Hardware & 3C,15336501,MSI 微星,【微星】C+M組合★PRO B850M-A WIFI 主機板+AMD Ryzen R7-7800X3D CPU 處理器(工業包),MSI,2563405,93,1.4 品牌欄相符（品牌庫有重複，取業績最高）,2026-09-21 14:58:53,MSI 微星,品牌欄,msi微星,msi,微星,2563405,msi,,Hardware & 3C,auto,3,True
momo,Hardware & 3C,15336502,MSI 微星,【微星】C+M組合★MPG X870E EDGE TI WIFI 主機板+AMD Ryzen R7-7800X3D CPU 處理器(工業包),MSI,2563405,93,1.4 品牌欄相符（品牌庫有重複，取業績最高）,2026-09-21 14:58:53,MSI 微星,品牌欄,msi微星,msi,微星,2563405,msi,,Hardware & 3C,auto,3,True
momo,Hardware & 3C,15336503,MSI 微星,【微星】C+M組合★B850 GAMING PLUS WIFI 主機板+AMD Ryzen R7-7800X3D CPU 處理器(工業包),MSI,2563405,93,1.4 品牌欄相符（品牌庫有重複，取業績最高）,2026-09-21 14:58:53,MSI 微星,品牌欄,msi微星,msi,微星,2563405,msi,,Hardware & 3C,auto,3,True
momo,Hardware & 3C,15336505,MSI 微星,【微星】C+M組合★PRO B850-P WIFI 主機板+AMD Ryzen R7-7800X3D CPU 處理器(工業包),MSI,2563405,93,1.4 品牌欄相符（品牌庫有重複，取業績最高）,2026-09-21 14:58:53,MSI 微星,品牌欄,msi微星,msi,微星,2563405,msi,,Hardware & 3C,auto,3,True
momo,Hardware & 3C,15336508,MSI 微星,【微星】C+M組合★B850M GAMING PLUS WIFI 主機板+AMD Ryzen R7-7800X3D CPU 處理器(工業包),MSI,2563405,93,1.4 品牌欄相符（品牌庫有重複，取業績最高）,2026-09-21 14:58:53,MSI 微星,品牌欄,msi微星,msi,微星,2563405,msi,,Hardware & 3C,auto,3,True
momo,Hardware & 3C,15336509,MSI 微星,【微星】C+M組合★MAG B850 GAMING PLUS MAX WIFI主機板+AMD Ryzen R7-7800X3D CPU 處理器(工業包),MSI,2563405,93,1.4 品牌欄相符（品牌庫有重複，取業績最高）,2026-09-21 14:58:53,MSI 微星,品牌欄,msi微星,msi,微星,2563405,msi,,Hardware & 3C,auto,3,True
momo,Hardware & 3C,15336510,MSI 微星,【微星】C+M組合★PRO B650M-A WIFI DDR5 主機板+AMD Ryzen R7-7800X3D CPU 處理器(工業包),MSI,2563405,93,1.4 品牌欄相符（品牌庫有重複，取業績最高）,2026-09-21 14:58:53,MSI 微星,品牌欄,msi微星,msi,微星,2563405,msi,,Hardware & 3C,auto,3,True
momo,Hardware & 3C,15336512,MSI 微星,【微星】C+M組合★B650M GAMING WIFI DDR5 主機板+AMD Ryzen R7-7800X3D CPU 處理器(工業包),MSI,2563405,93,1.4 品牌欄相符（品牌庫有重複，取業績最高）,2026-09-21 14:58:53,MSI 微星,品牌欄,msi微星,msi,微星,2563405,msi,,Hardware & 3C,auto,3,True
momo,Hardware & 3C,15336513,MSI 微星,【微星】C+M組合★B850M GAMING PLUS WIFI6E AMD主機板+AMD Ryzen R7-7800X3D CPU 處理器(工業包),MSI,2563405,93,1.4 品牌欄相符（品牌庫有重複，取業績最高）,2026-09-21 14:58:53,MSI 微星,品牌欄,msi微星,msi,微星,2563405,msi,,Hardware & 3C,auto,3,True
momo,Hardware & 3C,15336514,MSI 微星,【微星】C+M組合★B850M GAMING WIFI6E AMD主機板+AMD Ryzen R7-7800X3D CPU 處理器(工業包),MSI,2563405,93,1.4 品牌欄相符（品牌庫有重複，取業績最高）,2026-09-21 14:58:53,MSI 微星,品牌欄,msi微星,msi,微星,2563405,msi,,Hardware & 3C,auto,3,True
momo,Hardware & 3C,15336515,MSI 微星,【微星】C+M組合★MAG B850 TOMAHAWK MAX WIFI II主機板+AMD Ryzen R7-7800X3D CPU 處理器(工業包),MSI,2563405,93,1.4 品牌欄相符（品牌庫有重複，取業績最高）,2026-09-21 14:58:53,MSI 微星,品牌欄,msi微星,msi,微星,2563405,msi,,Hardware & 3C,auto,3,True
momo,Hardware & 3C,15344050,MSI 微星,【微星】C+M組合★PRO B850M-P WIFI 主機板+AMD Ryzen R7-7800X3D CPU 處理器(工業包),MSI,2563405,93,1.4 品牌欄相符（品牌庫有重複，取業績最高）,2026-09-21 14:58:53,MSI 微星,品牌欄,msi微星,msi,微星,2563405,msi,,Hardware & 3C,auto,3,True
momo,Hardware & 3C,15344056,MSI 微星,【微星】C+M組合★X870 GAMING PLUS WIFI 主機板+AMD Ryzen R7-7800X3D CPU 處理器(工業包),MSI,2563405,93,1.4 品牌欄相符（品牌庫有重複，取業績最高）,2026-09-21 14:58:53,MSI 微星,品牌欄,msi微星,msi,微星,2563405,msi,,Hardware & 3C,auto,3,True
momo,Hardware & 3C,15344064,MSI 微星,【微星】C+M組合★PRO B650M-B DDR5 主機板+AMD Ryzen R7-7800X3D CPU 處理器(工業包),MSI,2563405,93,1.4 品牌欄相符（品牌庫有重複，取業績最高）,2026-09-21 14:58:53,MSI 微星,品牌欄,msi微星,msi,微星,2563405,msi,,Hardware & 3C,auto,3,True
momo,Hardware & 3C,15355822,WD 威騰,【WD】搭微軟365★金標 26TB 3.5吋 7200轉 512MB 企業級內接硬碟(WD261KRYZ)(軟體無法退換貨),WD,3894375,98,1.3 品牌欄完全相符,2026-09-21 14:58:53,WD 威騰,品牌欄,wd威騰,wd,威騰,3894375,wd,,Hardware & 3C,auto,2,True
momo,Hardware & 3C,15355906,WD 威騰,【WD】搭微軟365★金標 18TB 3.5吋 企業級內接硬碟(WD181KRYZ)(軟體無法退換貨),WD,3894375,98,1.3 品牌欄完全相符,2026-09-21 14:58:53,WD 威騰,品牌欄,wd威騰,wd,威騰,3894375,wd,,Hardware & 3C,auto,2,True
momo,Hardware & 3C,15355912,WD 威騰,【WD】搭微軟365★金標 16TB 3.5吋 7200轉 512MB 企業級 內接硬碟(WD161KRYZ)(軟體無法退換貨),WD,3894375,98,1.3 品牌欄完全相符,2026-09-21 14:58:53,WD 威騰,品牌欄,wd威騰,wd,威騰,3894375,wd,,Hardware & 3C,auto,2,True
momo,Hardware & 3C,15356068,WD 威騰,【WD】搭微軟365★金標 8TB 3.5吋 7200轉 256MB 企業級 內接硬碟(WD8005FRYZ)(軟體無法退換貨),WD,3894375,98,1.3 品牌欄完全相符,2026-09-21 14:58:53,WD 威騰,品牌欄,wd威騰,wd,威騰,3894375,wd,,Hardware & 3C,auto,2,True
momo,Hardware & 3C,15356209,WD 威騰,【WD 】搭微軟365★紅標 Plus 4TB 3.5吋 5400轉 128MB NAS 內接硬碟(WD40EFZZ),WD,3894375,98,1.3 品牌欄完全相符,2026-09-21 14:58:53,WD 威騰,品牌欄,wd威騰,wd,威騰,3894375,wd,,Hardware & 3C,auto,2,True
momo,Hardware & 3C,15363498,AMD 超微,【AMD】CPU+水冷組★Ryzen R7-9800X3D 8核心 CPU+華碩AYW Gaming LC 360 ARGB LCD 一體式 水冷散熱器-黑,AMD,1146249,98,1.3 品牌欄完全相符,2026-09-21 14:58:53,AMD 超微,品牌欄,amd超微,amd,超微,1146249,amd,,Hardware & 3C,auto,3,True
momo,Hardware & 3C,15363513,AMD 超微,【AMD】CPU+水冷組★Ryzen R7-9800X3D 8核心 CPU+華碩TUF Gaming LC III 240 ARGB 一體式水冷CPU散熱器 黑,AMD,1146249,98,1.3 品牌欄完全相符,2026-09-21 14:58:53,AMD 超微,品牌欄,amd超微,amd,超微,1146249,amd,,Hardware & 3C,auto,3,True
momo,Hardware & 3C,15363517,AMD 超微,【AMD】CPU+水冷組★Ryzen R7-9800X3D 8核心 CPU+華碩ROG Ryuo IV SLC 360 ARGB 水冷散熱器,AMD,1146249,98,1.3 品牌欄完全相符,2026-09-21 14:58:53,AMD 超微,品牌欄,amd超微,amd,超微,1146249,amd,,Hardware & 3C,auto,3,True
momo,Hardware & 3C,15366167,AMD 超微,【AMD】CPU+水冷組★Ryzen R7-9800X3D 8核心 CPU+華碩TUF Gaming LC III 360 ARGB 一體式水冷CPU散熱器 黑,AMD,1146249,98,1.3 品牌欄完全相符,2026-09-21 14:58:53,AMD 超微,品牌欄,amd超微,amd,超微,1146249,amd,,Hardware & 3C,auto,3,True
momo,Hardware & 3C,15366256,AMD 超微,【AMD】CPU+水冷組★Ryzen R7-9800X3D 8核心 CPU+華碩ROG Ryuo IV SLC 360 ARGB 潮競白 水冷散熱器,AMD,1146249,98,1.3 品牌欄完全相符,2026-09-21 14:58:53,AMD 超微,品牌欄,amd超微,amd,超微,1146249,amd,,Hardware & 3C,auto,3,True
momo,Hardware & 3C,15366274,AMD 超微,【AMD】CPU+水冷組★Ryzen R7-9800X3D 8核心 CPU+華碩ROG Ryuo IV 360 ARGB 水冷散熱器-潮競白,AMD,1146249,98,1.3 品牌欄完全相符,2026-09-21 14:58:53,AMD 超微,品牌欄,amd超微,amd,超微,1146249,amd,,Hardware & 3C,auto,3,True
momo,Hardware & 3C,15366294,AMD 超微,【AMD】CPU+水冷組★Ryzen R7-9800X3D 8核心 CPU+華碩MAX Gaming LC 360 ARGB LCD 一體式 水冷散熱器-白,AMD,1146249,98,1.3 品牌欄完全相符,2026-09-21 14:58:53,AMD 超微,品牌欄,amd超微,amd,超微,1146249,amd,,Hardware & 3C,auto,3,True
momo,Hardware & 3C,15366311,AMD 超微,【AMD】CPU+水冷組★Ryzen R7-9800X3D 8核心 CPU+華碩ROG Ryuo IV 360 ARGB 水冷散熱器-黑,AMD,1146249,98,1.3 品牌欄完全相符,2026-09-21 14:58:53,AMD 超微,品牌欄,amd超微,amd,超微,1146249,amd,,Hardware & 3C,auto,3,True
momo,Hardware & 3C,15366850,AMD 超微,【AMD】CPU+水冷組★Ryzen R7-9800X3D 8核心 CPU+華碩ProArt LC 420 一體式 CPU 水冷散熱器,AMD,1146249,98,1.3 品牌欄完全相符,2026-09-21 14:58:53,AMD 超微,品牌欄,amd超微,amd,超微,1146249,amd,,Hardware & 3C,auto,3,True
momo,Hardware & 3C,15366867,AMD 超微,【AMD】CPU+水冷組★Ryzen R7-9800X3D 8核心 CPU+華碩Prime LC 240 ARGB 一體式 CPU 水冷散熱器,AMD,1146249,98,1.3 品牌欄完全相符,2026-09-21 14:58:53,AMD 超微,品牌欄,amd超微,amd,超微,1146249,amd,,Hardware & 3C,auto,3,True
momo,Hardware & 3C,15366893,AMD 超微,【AMD】CPU+水冷組★Ryzen R7-9800X3D 8核心 CPU+華碩MAX Gaming LC 360 ARGB LCD 一體式 水冷散熱器-黑,AMD,1146249,98,1.3 品牌欄完全相符,2026-09-21 14:58:53,AMD 超微,品牌欄,amd超微,amd,超微,1146249,amd,,Hardware & 3C,auto,3,True
momo,Hardware & 3C,15366910,AMD 超微,【AMD】CPU+水冷組★Ryzen R7-9800X3D 8核心 CPU+華碩ProArt LC 240 一體式 CPU 水冷散熱器,AMD,1146249,98,1.3 品牌欄完全相符,2026-09-21 14:58:53,AMD 超微,品牌欄,amd超微,amd,超微,1146249,amd,,Hardware & 3C,auto,3,True
momo,Hardware & 3C,15366947,AMD 超微,【AMD】CPU+水冷組★Ryzen R7-9800X3D 8核心 CPU+華碩ProArt LC 360 一體式 CPU 水冷散熱器,AMD,1146249,98,1.3 品牌欄完全相符,2026-09-21 14:58:53,AMD 超微,品牌欄,amd超微,amd,超微,1146249,amd,,Hardware & 3C,auto,3,True
momo,Hardware & 3C,15367064,AMD 超微,【AMD】CPU+水冷組★Ryzen R7-9800X3D 8核心 CPU+華碩TUF Gaming LC III 360 ARGB 一體式水冷CPU散熱器-白,AMD,1146249,98,1.3 品牌欄完全相符,2026-09-21 14:58:53,AMD 超微,品牌欄,amd超微,amd,超微,1146249,amd,,Hardware & 3C,auto,3,True
momo,Hardware & 3C,15370209,MSI 微星,【MSI 微星】MPG X870E CARBON MAX WIFI 主機板,MSI,2563405,93,1.4 品牌欄相符（品牌庫有重複，取業績最高）,2026-09-21 14:58:53,MSI 微星,品牌欄,msi微星,msi,微星,2563405,msi,,Hardware & 3C,auto,3,True
momo,Hardware & 3C,15380354,WD 威騰,【WD 威騰】SanDisk WD Blue SA510 500G 2.5吋 SATA SSD(讀：560MB/s 寫：510MB/s),WD,3894375,98,1.3 品牌欄完全相符,2026-09-21 14:58:53,WD 威騰,品牌欄,wd威騰,wd,威騰,3894375,wd,,Hardware & 3C,auto,2,True
momo,Hardware & 3C,15380355,WD 威騰,【WD 威騰】SanDisk WD Blue SA510 1TB 2.5吋 SATA SSD(讀：560MB/s 寫：520MB/s),WD,3894375,98,1.3 品牌欄完全相符,2026-09-21 14:58:53,WD 威騰,品牌欄,wd威騰,wd,威騰,3894375,wd,,Hardware & 3C,auto,2,True
momo,Hardware & 3C,15382023,MSI 微星,【MSI 微星】14吋Ultra 7 355輕薄效能筆電(Modern 14S AI+/16G/512G SSD/Win11/G3MG-032TWNN),MSI,2563405,93,1.4 品牌欄相符（品牌庫有重複，取業績最高）,2026-09-21 14:58:53,MSI 微星,品牌欄,msi微星,msi,微星,2563405,msi,,Hardware & 3C,auto,3,True
momo,Hardware & 3C,15382326,MSI 微星,升級32G★【MSI 微星】18吋Ultra9-275HX RTX5060電競筆電(Crosshair 18 HX/16G/1T SSD/W11/A2XWFKG-058TW),MSI,2563405,93,1.4 品牌欄相符（品牌庫有重複，取業績最高）,2026-09-21 14:58:53,MSI 微星,品牌欄,msi微星,msi,微星,2563405,msi,,Hardware & 3C,auto,3,True
momo,Hardware & 3C,15415877,MSI 微星,【微星】C+M組合★PRO B550M-B (ARGB/TPC)主機板+AMD Ryzen 7 5800X3D 八核心 中央處理器 紀念版,MSI,2563405,93,1.4 品牌欄相符（品牌庫有重複，取業績最高）,2026-09-21 14:58:53,MSI 微星,品牌欄,msi微星,msi,微星,2563405,msi,,Hardware & 3C,auto,3,True
momo,Hardware & 3C,15417613,MSI 微星,【MSI 微星】A+級福利品 15.6吋 電競筆電(Cyborg 15/Intel Core 7/16G/512GB SSD/RTX 5050/B2RWEKG-028TW),MSI,2563405,93,1.4 品牌欄相符（品牌庫有重複，取業績最高）,2026-09-21 14:58:53,MSI 微星,品牌欄,msi微星,msi,微星,2563405,msi,,Hardware & 3C,auto,3,True
momo,Hardware & 3C,15417925,MSI 微星,【MSI 微星】16吋 Ultra 7 355 輕薄效能筆電(Modern 16S AI+/16G/1T SSD/Win11/G3MG-030TW),MSI,2563405,93,1.4 品牌欄相符（品牌庫有重複，取業績最高）,2026-09-21 14:58:53,MSI 微星,品牌欄,msi微星,msi,微星,2563405,msi,,Hardware & 3C,auto,3,True
momo,Hardware & 3C,15417962,MSI 微星,【MSI 微星】17吋 Core 7 RTX5050 電競筆電(Cyborg 17/Core 7-240H/16G/512GB SSD/W11/B2RWEKG-425TW),MSI,2563405,93,1.4 品牌欄相符（品牌庫有重複，取業績最高）,2026-09-21 14:58:53,MSI 微星,品牌欄,msi微星,msi,微星,2563405,msi,,Hardware & 3C,auto,3,True
momo,Hardware & 3C,15417963,MSI 微星,【MSI 微星】17吋 Core 7 RTX5060 電競筆電(Cyborg 17/Core 7-240H/16G/512GB SSD/W11/B2RWFKG-426TW),MSI,2563405,93,1.4 品牌欄相符（品牌庫有重複，取業績最高）,2026-09-21 14:58:53,MSI 微星,品牌欄,msi微星,msi,微星,2563405,msi,,Hardware & 3C,auto,3,True
momo,Hardware & 3C,15417964,MSI 微星,【MSI 微星】18吋Ultra 9 290HX Plus RTX 5090 電競筆電(Titan 18 HX/64G/2T SSD/Win11/A2WJ-1041TW),MSI,2563405,93,1.4 品牌欄相符（品牌庫有重複，取業績最高）,2026-09-21 14:58:53,MSI 微星,品牌欄,msi微星,msi,微星,2563405,msi,,Hardware & 3C,auto,3,True
momo,Hardware & 3C,15417965,MSI 微星,【MSI 微星】16吋Ultra 9 290HX Plus RTX5070電競筆電(Crosshair 16 Max HX/16G/1T SSD/W11/E2WGXK-016TW),MSI,2563405,93,1.4 品牌欄相符（品牌庫有重複，取業績最高）,2026-09-21 14:58:53,MSI 微星,品牌欄,msi微星,msi,微星,2563405,msi,,Hardware & 3C,auto,3,True
momo,Hardware & 3C,15417966,MSI 微星,【MSI 微星】14吋 Ultra 5 322 輕薄效能筆電(Modern 14S AI+/16G/512GB SSD/Win11/G3MG-026TW),MSI,2563405,93,1.4 品牌欄相符（品牌庫有重複，取業績最高）,2026-09-21 14:58:53,MSI 微星,品牌欄,msi微星,msi,微星,2563405,msi,,Hardware & 3C,auto,3,True
momo,Hardware & 3C,15445341,MSI 微星,【MSI 微星】18吋Ultra 9 290HX Plus RTX5090天龍座電競筆電(Titan 18 HX/96G/4T SSD/Win11/A2WJ-1215TW),MSI,2563405,93,1.4 品牌欄相符（品牌庫有重複，取業績最高）,2026-09-21 14:58:53,MSI 微星,品牌欄,msi微星,msi,微星,2563405,msi,,Hardware & 3C,auto,3,True
momo,Hardware & 3C,15445568,LG 樂金,【LG 樂金】Gram 14吋 i5-1340P 輕薄商用筆電(14Z90R-V.AP56C2/16G/512GB SSD/WIN11Pro/沉靜灰),LG,1695281,90,1.3 品牌欄完全相符,2026-09-21 14:58:53,LG 樂金,品牌欄,lg樂金,lg,樂金,1695281,lg,,Home Electronic,auto,2,True
momo,Hardware & 3C,15452847,WD 威騰,【WD 威騰】Elements 4TB 2.5吋 USB-C行動硬碟 (USB 3.2 Gen 1),WD,3894375,98,1.3 品牌欄完全相符,2026-09-21 14:58:53,WD 威騰,品牌欄,wd威騰,wd,威騰,3894375,wd,,Hardware & 3C,auto,2,True
momo,Hardware & 3C,15452848,WD 威騰,【WD 威騰】黑標 P10 Game Drive 5TB(白) 2.5吋電競行動硬碟,WD,3894375,98,1.3 品牌欄完全相符,2026-09-21 14:58:53,WD 威騰,品牌欄,wd威騰,wd,威騰,3894375,wd,,Hardware & 3C,auto,2,True
momo,Hardware & 3C,15452849,WD 威騰,【WD 威騰】黑標 P10 Game Drive 6TB(白) 2.5吋電競行動硬碟,WD,3894375,98,1.3 品牌欄完全相符,2026-09-21 14:58:53,WD 威騰,品牌欄,wd威騰,wd,威騰,3894375,wd,,Hardware & 3C,auto,2,True
momo,Hardware & 3C,15452850,WD 威騰,【WD 威騰】Elements 2TB 2.5吋 USB-C行動硬碟 (USB 3.2 Gen 1),WD,3894375,98,1.3 品牌欄完全相符,2026-09-21 14:58:53,WD 威騰,品牌欄,wd威騰,wd,威騰,3894375,wd,,Hardware & 3C,auto,2,True
momo,Hardware & 3C,15470614,MSI 微星,【MSI 微星】+1TB SSD★i5 RTX5060Ti電競電腦(MAG Infinite E1/i5-14400F/16G/1TB SSD/W11H)*需自行組裝,MSI,2563405,93,1.4 品牌欄相符（品牌庫有重複，取業績最高）,2026-09-21 14:58:53,MSI 微星,品牌欄,msi微星,msi,微星,2563405,msi,,Hardware & 3C,auto,3,True
momo,Hardware & 3C,15472647,MSI 微星,【MSI 微星】PRO B850M-A WIFI PZ 主機板,MSI,2563405,93,1.4 品牌欄相符（品牌庫有重複，取業績最高）,2026-09-21 14:58:53,MSI 微星,品牌欄,msi微星,msi,微星,2563405,msi,,Hardware & 3C,auto,3,True
momo,Hardware & 3C,15475651,MSI 微星,【MSI 微星】15.6吋i7-13620H RTX4050電競筆電(Cyborg 15/8G/512G SSD/W11/Black Edition A13VE-2468TWNN),MSI,2563405,93,1.4 品牌欄相符（品牌庫有重複，取業績最高）,2026-09-21 14:58:53,MSI 微星,品牌欄,msi微星,msi,微星,2563405,msi,,Hardware & 3C,auto,3,True
momo,Hardware & 3C,15475656,MSI 微星,【MSI 微星】17吋 Core 7 RTX5050 電競筆電(Cyborg 17/Core 7-240H/16G/512GB SSD/W11/B2RWEKG-425TW),MSI,2563405,93,1.4 品牌欄相符（品牌庫有重複，取業績最高）,2026-09-21 14:58:53,MSI 微星,品牌欄,msi微星,msi,微星,2563405,msi,,Hardware & 3C,auto,3,True
momo,Hardware & 3C,15475788,MSI 微星,【MSI 微星】13吋Core 7-150U輕薄效能筆電(Modern 13/8G/512G SSD/W11/F1MG-087TW),MSI,2563405,93,1.4 品牌欄相符（品牌庫有重複，取業績最高）,2026-09-21 14:58:53,MSI 微星,品牌欄,msi微星,msi,微星,2563405,msi,,Hardware & 3C,auto,3,True
momo,Hardware & 3C,15489400,MSI 微星,【MSI 微星】MPG CORELIQUID P22 360 W 水冷風扇(1700/1851/AM5/AM4/水冷散熱器),MSI,2563405,93,1.4 品牌欄相符（品牌庫有重複，取業績最高）,2026-09-21 14:58:53,MSI 微星,品牌欄,msi微星,msi,微星,2563405,msi,,Hardware & 3C,auto,3,True
momo,Hardware & 3C,15495614,MSI 微星,【MSI 微星】16吋Ryzen 9 8940HX RTX5070 AI電競筆電(Crosshair A16 HX/16G/1T SSD/W11/E8WGK-017TW),MSI,2563405,93,1.4 品牌欄相符（品牌庫有重複，取業績最高）,2026-09-21 14:58:53,MSI 微星,品牌欄,msi微星,msi,微星,2563405,msi,,Hardware & 3C,auto,3,True
momo,Hardware & 3C,15495615,MSI 微星,【MSI 微星】15.6吋i7 RTX5060 電競筆電(Cyborg 15 Max/i7-13620H/16G/512G SSD/W11/C13WF-098TW,MSI,2563405,93,1.4 品牌欄相符（品牌庫有重複，取業績最高）,2026-09-21 14:58:53,MSI 微星,品牌欄,msi微星,msi,微星,2563405,msi,,Hardware & 3C,auto,3,True
momo,Hardware & 3C,15495616,MSI 微星,【MSI 微星】15.6吋i7 RTX5070 電競筆電(Cyborg 15 Max/i7-13620H/16G/512G SSD/W11/C13WG-099TW),MSI,2563405,93,1.4 品牌欄相符（品牌庫有重複，取業績最高）,2026-09-21 14:58:53,MSI 微星,品牌欄,msi微星,msi,微星,2563405,msi,,Hardware & 3C,auto,3,True
momo,Hardware & 3C,15496840,MSI 微星,【MSI 微星】SPATIUM M452 1TB Gen4 M.2 2280 PCIe SSD固態硬碟 (讀3600MB/寫3100MB),MSI,2563405,93,1.4 品牌欄相符（品牌庫有重複，取業績最高）,2026-09-21 14:58:53,MSI 微星,品牌欄,msi微星,msi,微星,2563405,msi,,Hardware & 3C,auto,3,True
momo,Hardware & 3C,15496841,MSI 微星,【MSI 微星】SPATIUM M452 500GB Gen4 M.2 2280 PCIe SSD固態硬碟 (讀3600MB/寫3100MB),MSI,2563405,93,1.4 品牌欄相符（品牌庫有重複，取業績最高）,2026-09-21 14:58:53,MSI 微星,品牌欄,msi微星,msi,微星,2563405,msi,,Hardware & 3C,auto,3,True
momo,Hardware & 3C,15497390,MSI 微星,【MSI 微星】15.6吋 Core 7 240H RTX5050筆電(VenturePro 15/16G/512G SSD/W11Pro/A2RWEG-1246TWNN),MSI,2563405,93,1.4 品牌欄相符（品牌庫有重複，取業績最高）,2026-09-21 14:58:53,MSI 微星,品牌欄,msi微星,msi,微星,2563405,msi,,Hardware & 3C,auto,3,True
momo,Hardware & 3C,15502122,WD 威騰,2入【WD 威騰】藍標 8TB 3.5吋 5640轉 256MB 桌上型 內接硬碟(WD80EAAZ),WD,3894375,98,1.3 品牌欄完全相符,2026-09-21 14:58:53,WD 威騰,品牌欄,wd威騰,wd,威騰,3894375,wd,,Hardware & 3C,auto,2,True
momo,Hardware & 3C,15508399,MSI 微星,【MSI 微星】PRO MP225 E12L 22型 IPS 16:9 120Hz 護眼商用螢幕 (HDMI/D-Sub),MSI,2563405,93,1.4 品牌欄相符（品牌庫有重複，取業績最高）,2026-09-21 14:58:53,MSI 微星,品牌欄,msi微星,msi,微星,2563405,msi,,Hardware & 3C,auto,3,True
momo,Hardware & 3C,15513270,WD 威騰,【WD 威騰】WD_BLACK P10 Game Drive 2TB(白色) 2.5吋電競行動硬碟,WD,3894375,98,1.3 品牌欄完全相符,2026-09-21 14:58:53,WD 威騰,品牌欄,wd威騰,wd,威騰,3894375,wd,,Hardware & 3C,auto,2,True
momo,Hardware & 3C,15517556,MSI 微星,【MSI 微星】MAG B850M MORTAR 主機板,MSI,2563405,93,1.4 品牌欄相符（品牌庫有重複，取業績最高）,2026-09-21 14:58:53,MSI 微星,品牌欄,msi微星,msi,微星,2563405,msi,,Hardware & 3C,auto,3,True
momo,Hardware & 3C,15517557,MSI 微星,【MSI 微星】H810M GAMING WIFI6E 主機板,MSI,2563405,93,1.4 品牌欄相符（品牌庫有重複，取業績最高）,2026-09-21 14:58:53,MSI 微星,品牌欄,msi微星,msi,微星,2563405,msi,,Hardware & 3C,auto,3,True
momo,Hardware & 3C,15518527,MSI 微星,升級16G★【MSI 微星】15.6吋i7-13620H RTX4050電競筆電(Cyborg 15/512G SSD/W11/A13VE-2468TWNN),MSI,2563405,93,1.4 品牌欄相符（品牌庫有重複，取業績最高）,2026-09-21 14:58:53,MSI 微星,品牌欄,msi微星,msi,微星,2563405,msi,,Hardware & 3C,auto,3,True
momo,Hardware & 3C,15519029,WD 威騰,【WD 威騰】WD_BLACK P10 Game Drive 5TB(白色) 2.5吋電競行動硬碟,WD,3894375,98,1.3 品牌欄完全相符,2026-09-21 14:58:53,WD 威騰,品牌欄,wd威騰,wd,威騰,3894375,wd,,Hardware & 3C,auto,2,True
momo,Hardware & 3C,15519030,WD 威騰,【WD 威騰】WD_BLACK P10 Game Drive 6TB(白色) 2.5吋電競行動硬碟,WD,3894375,98,1.3 品牌欄完全相符,2026-09-21 14:58:53,WD 威騰,品牌欄,wd威騰,wd,威騰,3894375,wd,,Hardware & 3C,auto,2,True
momo,Hardware & 3C,15521917,WD 威騰,2入組【WD 威騰】藍標 3TB 3.5吋 5400轉 128MB 桌上型 內接硬碟(WD30EZZX),WD,3894375,98,1.3 品牌欄完全相符,2026-09-21 14:58:53,WD 威騰,品牌欄,wd威騰,wd,威騰,3894375,wd,,Hardware & 3C,auto,2,True
momo,Hardware & 3C,15524238,MSI 微星,【MSI 微星】RTX 5060 Ti 8G VENTUS 2X OC PLUS顯示卡,MSI,2563405,93,1.4 品牌欄相符（品牌庫有重複，取業績最高）,2026-09-21 14:58:53,MSI 微星,品牌欄,msi微星,msi,微星,2563405,msi,,Hardware & 3C,auto,3,True
momo,Hardware & 3C,15524239,MSI 微星,【MSI 微星】RTX 5070 12G VENTUS 3X OC顯示卡,MSI,2563405,93,1.4 品牌欄相符（品牌庫有重複，取業績最高）,2026-09-21 14:58:53,MSI 微星,品牌欄,msi微星,msi,微星,2563405,msi,,Hardware & 3C,auto,3,True
momo,Hardware & 3C,15527154,MSI 微星,【MSI 微星】▲特仕版 16吋 電競筆電(Crosshair A16 HX E8WFK-016TW/R7-8840HX/32G/512G+500G/RTX5060/W11),MSI,2563405,93,1.4 品牌欄相符（品牌庫有重複，取業績最高）,2026-09-21 14:58:53,MSI 微星,品牌欄,msi微星,msi,微星,2563405,msi,,Hardware & 3C,auto,3,True
momo,Hardware & 3C,15528838,MSI 微星,【MSI 微星】GeForce RTX 5060 Ti 8G VENTUS 2X OC WHITE PLUS 顯示卡,MSI,2563405,93,1.4 品牌欄相符（品牌庫有重複，取業績最高）,2026-09-21 14:58:53,MSI 微星,品牌欄,msi微星,msi,微星,2563405,msi,,Hardware & 3C,auto,3,True
momo,Hardware & 3C,15528839,MSI 微星,【MSI 微星】GeForce RTX 5070 12G GAMING TRIO OC顯示卡,MSI,2563405,93,1.4 品牌欄相符（品牌庫有重複，取業績最高）,2026-09-21 14:58:53,MSI 微星,品牌欄,msi微星,msi,微星,2563405,msi,,Hardware & 3C,auto,3,True
momo,Hardware & 3C,15528840,MSI 微星,【MSI 微星】GeForce RTX 5060 Ti 8G VENTUS 2X OC PLUS 顯示卡,MSI,2563405,93,1.4 品牌欄相符（品牌庫有重複，取業績最高）,2026-09-21 14:58:53,MSI 微星,品牌欄,msi微星,msi,微星,2563405,msi,,Hardware & 3C,auto,3,True
momo,Hardware & 3C,15528841,MSI 微星,【MSI 微星】GeForce RTX 3060 VENTUS 2X 12G OC 顯示卡,MSI,2563405,93,1.4 品牌欄相符（品牌庫有重複，取業績最高）,2026-09-21 14:58:53,MSI 微星,品牌欄,msi微星,msi,微星,2563405,msi,,Hardware & 3C,auto,3,True
momo,Hardware & 3C,15532255,MSI 微星,【MSI 微星】15.6吋 i7 RTX5070 8GB電競筆電(Katana 15 HX/i7-14650HX/16G/1TB SSD/Win11/B14WGK-1070TWNN),MSI,2563405,93,1.4 品牌欄相符（品牌庫有重複，取業績最高）,2026-09-21 14:58:53,MSI 微星,品牌欄,msi微星,msi,微星,2563405,msi,,Hardware & 3C,auto,3,True
momo,Hardware & 3C,15535190,MSI 微星,【MSI 微星】PRO MP225 E12VL 22型 120Hz 平面美型商用螢幕(TUV護眼認證/HDMI/1ms),MSI,2563405,93,1.4 品牌欄相符（品牌庫有重複，取業績最高）,2026-09-21 14:58:53,MSI 微星,品牌欄,msi微星,msi,微星,2563405,msi,,Hardware & 3C,auto,3,True
momo,Hardware & 3C,15535726,MSI 微星,【MSI 微星】16吋Ryzen 7 8840HX RTX5060 AI電競筆電(Crosshair A16 HX/16G/512G SSD/W11/E8WFK-016TW),MSI,2563405,93,1.4 品牌欄相符（品牌庫有重複，取業績最高）,2026-09-21 14:58:53,MSI 微星,品牌欄,msi微星,msi,微星,2563405,msi,,Hardware & 3C,auto,3,True
momo,Hardware & 3C,15540224,MSI 微星,【MSI 微星】RTX 5060 8G GAMING TRIO OC 顯示卡,MSI,2563405,93,1.4 品牌欄相符（品牌庫有重複，取業績最高）,2026-09-21 14:58:53,MSI 微星,品牌欄,msi微星,msi,微星,2563405,msi,,Hardware & 3C,auto,3,True
momo,Hardware & 3C,15543245,MSI 微星,筆電包/滑鼠★【MSI 微星】14吋Ultra 7 355輕薄效能筆電(Modern 14S AI+/16G/512G SSD/W11/G3MG-032TWNN),MSI,2563405,93,1.4 品牌欄相符（品牌庫有重複，取業績最高）,2026-09-21 14:58:53,MSI 微星,品牌欄,msi微星,msi,微星,2563405,msi,,Hardware & 3C,auto,3,True
momo,Hardware & 3C,15543247,MSI 微星,筆電包/滑鼠★【MSI 微星】13吋Core 7-150U輕薄效能筆電(Modern 13/8G/512G SSD/W11/F1MG-087TW),MSI,2563405,93,1.4 品牌欄相符（品牌庫有重複，取業績最高）,2026-09-21 14:58:53,MSI 微星,品牌欄,msi微星,msi,微星,2563405,msi,,Hardware & 3C,auto,3,True
momo,Hardware & 3C,15543248,MSI 微星,遊戲手把組★【MSI 微星】15.6吋Core 7-240H RTX5070電競筆電(Cyborg 15 Max/16G/512G SSD/W11/C2WG-006TW),MSI,2563405,93,1.4 品牌欄相符（品牌庫有重複，取業績最高）,2026-09-21 14:58:53,MSI 微星,品牌欄,msi微星,msi,微星,2563405,msi,,Hardware & 3C,auto,3,True
momo,Hardware & 3C,15543249,MSI 微星,遊戲手把組★【MSI 微星】15.6吋Core 7-240H RTX5060電競筆電(Cyborg 15 Max/16G/512G SSD/W11/C2WF-007TW),MSI,2563405,93,1.4 品牌欄相符（品牌庫有重複，取業績最高）,2026-09-21 14:58:53,MSI 微星,品牌欄,msi微星,msi,微星,2563405,msi,,Hardware & 3C,auto,3,True
momo,Hardware & 3C,15543250,MSI 微星,遊戲手把組★【MSI 微星】15.6吋i7-13620H RTX5050電競筆電(Cyborg 15 Max/16G/512G SSD/W11/C13WE-054TW),MSI,2563405,93,1.4 品牌欄相符（品牌庫有重複，取業績最高）,2026-09-21 14:58:53,MSI 微星,品牌欄,msi微星,msi,微星,2563405,msi,,Hardware & 3C,auto,3,True
momo,Hardware & 3C,15543251,MSI 微星,遊戲手把組★【MSI 微星】15.6吋i7-13620H RTX4050電競筆電(Cyborg 15/8G/512G SSD/W11/A13VE-2468TWNN),MSI,2563405,93,1.4 品牌欄相符（品牌庫有重複，取業績最高）,2026-09-21 14:58:53,MSI 微星,品牌欄,msi微星,msi,微星,2563405,msi,,Hardware & 3C,auto,3,True
momo,Hardware & 3C,15545513,LG 樂金,IGD限定【LG 樂金】Gram Pro 16吋 Ultra U7 355 輕薄AI筆電(16Z90U-G.AU87C2/32G/1TB SSD/W11/純淨白),LG,1695281,90,1.3 品牌欄完全相符,2026-09-21 14:58:53,LG 樂金,品牌欄,lg樂金,lg,樂金,1695281,lg,,Home Electronic,auto,2,True
momo,Hardware & 3C,15545514,LG 樂金,IGD限定【LG 樂金】Gram Pro 17吋 Ultra U7 355 輕薄AI筆電(17Z90U-G.AU88C2/32G/1TB SSD/W11/曜石黑),LG,1695281,90,1.3 品牌欄完全相符,2026-09-21 14:58:53,LG 樂金,品牌欄,lg樂金,lg,樂金,1695281,lg,,Home Electronic,auto,2,True
momo,Hardware & 3C,15545515,LG 樂金,IGD限定【LG 樂金】Gram Pro 16吋 Ultra X7 358H 輕薄AI筆電(16Z90U-K.AUB8C2/32G/1TB SSD/W11/曜石黑),LG,1695281,90,1.3 品牌欄完全相符,2026-09-21 14:58:53,LG 樂金,品牌欄,lg樂金,lg,樂金,1695281,lg,,Home Electronic,auto,2,True
momo,Hardware & 3C,15545516,LG 樂金,IGD限定【LG 樂金】Gram Pro 16吋 Ultra X7 358H 輕薄AI筆電(16Z90U-K.AUB7C2/32G/1TB SSD/W11/極光白),LG,1695281,90,1.3 品牌欄完全相符,2026-09-21 14:58:53,LG 樂金,品牌欄,lg樂金,lg,樂金,1695281,lg,,Home Electronic,auto,2,True
momo,Hardware & 3C,15559035,WD 威騰,【WD 威騰】Elements 5TB 2.5吋 USB-C行動硬碟 (USB 3.2 Gen 1),WD,3894375,98,1.3 品牌欄完全相符,2026-09-21 14:58:53,WD 威騰,品牌欄,wd威騰,wd,威騰,3894375,wd,,Hardware & 3C,auto,2,True
momo,Hardware & 3C,15559036,WD 威騰,【WD 威騰】Elements 6TB 2.5吋 USB-C行動硬碟 (USB 3.2 Gen 1),WD,3894375,98,1.3 品牌欄完全相符,2026-09-21 14:58:53,WD 威騰,品牌欄,wd威騰,wd,威騰,3894375,wd,,Hardware & 3C,auto,2,True
momo,Hardware & 3C,15569099,WD 威騰,【WD 威騰】WD8002PURP 紫標Pro 8TB 3.5吋監控系統硬碟,WD,3894375,98,1.3 品牌欄完全相符,2026-09-21 14:58:53,WD 威騰,品牌欄,wd威騰,wd,威騰,3894375,wd,,Hardware & 3C,auto,2,True
momo,Hardware & 3C,15574803,MSI 微星,【MSI 微星】Claw A8 電競掌機(AMD Ryzen Z2 Extreme/24G/1TB SSD/W11/BZ2EM-078TWNN/極地白),MSI,2563405,93,1.4 品牌欄相符（品牌庫有重複，取業績最高）,2026-09-21 14:58:53,MSI 微星,品牌欄,msi微星,msi,微星,2563405,msi,,Hardware & 3C,auto,3,True
momo,Hardware & 3C,15585425,MSI 微星,【MSI 微星】IGD限定★i5 RTX5060Ti 電競電腦(MAG Infinite E1/i5-14400F/16G/1TB SSD/W11H),MSI,2563405,93,1.4 品牌欄相符（品牌庫有重複，取業績最高）,2026-09-21 14:58:53,MSI 微星,品牌欄,msi微星,msi,微星,2563405,msi,,Hardware & 3C,auto,3,True
momo,Hardware & 3C,15591361,WD 威騰,【WD 威騰】藍標 2TB 3.5吋 5400轉 64MB 桌上型 內接硬碟(WD20EARZ),WD,3894375,98,1.3 品牌欄完全相符,2026-09-21 14:58:53,WD 威騰,品牌欄,wd威騰,wd,威騰,3894375,wd,,Hardware & 3C,auto,2,True
momo,Hardware & 3C,15591362,WD 威騰,【WD 威騰】紅標 Plus 4TB 3.5吋 5400轉 128MB NAS 內接硬碟(WD40EFZZ),WD,3894375,98,1.3 品牌欄完全相符,2026-09-21 14:58:53,WD 威騰,品牌欄,wd威騰,wd,威騰,3894375,wd,,Hardware & 3C,auto,2,True
momo,Hardware & 3C,15591363,WD 威騰,【WD 威騰】紅標 Pro 12TB 3.5吋 7200轉 512MB NAS 內接硬碟(WD122KFBX),WD,3894375,98,1.3 品牌欄完全相符,2026-09-21 14:58:53,WD 威騰,品牌欄,wd威騰,wd,威騰,3894375,wd,,Hardware & 3C,auto,2,True
momo,Hardware & 3C,15591364,WD 威騰,【WD 威騰】紅標 Pro 8TB 3.5吋 5400轉 256MB NAS 內接硬碟(WD8005FFBX),WD,3894375,98,1.3 品牌欄完全相符,2026-09-21 14:58:53,WD 威騰,品牌欄,wd威騰,wd,威騰,3894375,wd,,Hardware & 3C,auto,2,True
momo,Hardware & 3C,15591365,WD 威騰,【WD 威騰】紫標 3TB 3.5吋 監控硬碟 (WD34PURZ),WD,3894375,98,1.3 品牌欄完全相符,2026-09-21 14:58:53,WD 威騰,品牌欄,wd威騰,wd,威騰,3894375,wd,,Hardware & 3C,auto,2,True
momo,Hardware & 3C,15591366,WD 威騰,【WD 威騰】紫標 Pro 8TB 3.5吋 監控硬碟 (WD8002PURP),WD,3894375,98,1.3 品牌欄完全相符,2026-09-21 14:58:53,WD 威騰,品牌欄,wd威騰,wd,威騰,3894375,wd,,Hardware & 3C,auto,2,True
momo,Hardware & 3C,15596075,MSI 微星,【MSI 微星】PRO MP225 E12L 22型 IPS 16:9 120Hz 平面美型商用螢幕(TUV護眼認證/HDMI/1ms),MSI,2563405,93,1.4 品牌欄相符（品牌庫有重複，取業績最高）,2026-09-21 14:58:53,MSI 微星,品牌欄,msi微星,msi,微星,2563405,msi,,Hardware & 3C,auto,3,True
momo,Hardware & 3C,15597345,MSI 微星,【MSI 微星】顯卡+水冷組★GeForce RTX 5060 Ti 8G VENTUS 2X OC PLUS 顯示卡+MAG A13 360水冷,MSI,2563405,93,1.4 品牌欄相符（品牌庫有重複，取業績最高）,2026-09-21 14:58:53,MSI 微星,品牌欄,msi微星,msi,微星,2563405,msi,,Hardware & 3C,auto,3,True
momo,Hardware & 3C,15597346,MSI 微星,【MSI 微星】顯卡+水冷組★RTX 5060 Ti 8G VENTUS 2X OC PLUS顯示卡+MAG A13 360水冷,MSI,2563405,93,1.4 品牌欄相符（品牌庫有重複，取業績最高）,2026-09-21 14:58:53,MSI 微星,品牌欄,msi微星,msi,微星,2563405,msi,,Hardware & 3C,auto,3,True
momo,Hardware & 3C,15597347,MSI 微星,【MSI 微星】GeForce RTX5060 8G GAMING TRIO OC WHITE 顯示卡,MSI,2563405,93,1.4 品牌欄相符（品牌庫有重複，取業績最高）,2026-09-21 14:58:53,MSI 微星,品牌欄,msi微星,msi,微星,2563405,msi,,Hardware & 3C,auto,3,True
momo,Hardware & 3C,15602541,MSI 微星,【MSI 微星】2入組★PRO MP225 E12VL 22型 120Hz 平面美型商用螢幕(TUV護眼認證/HDMI/1ms),MSI,2563405,93,1.4 品牌欄相符（品牌庫有重複，取業績最高）,2026-09-21 14:58:53,MSI 微星,品牌欄,msi微星,msi,微星,2563405,msi,,Hardware & 3C,auto,3,True
momo,Hardware & 3C,15602601,MSI 微星,【MSI 微星】5入組★PRO MP225 E12VL 22型 120Hz 平面美型商用螢幕(TUV護眼認證/HDMI/1ms),MSI,2563405,93,1.4 品牌欄相符（品牌庫有重複，取業績最高）,2026-09-21 14:58:53,MSI 微星,品牌欄,msi微星,msi,微星,2563405,msi,,Hardware & 3C,auto,3,True
momo,Hardware & 3C,15603608,MSI 微星,【MSI 微星】2入組★MAG 255F E20 25型 IPS FHD 200Hz 電競螢幕(0.5ms/HDR),MSI,2563405,93,1.4 品牌欄相符（品牌庫有重複，取業績最高）,2026-09-21 14:58:53,MSI 微星,品牌欄,msi微星,msi,微星,2563405,msi,,Hardware & 3C,auto,3,True
momo,Hardware & 3C,15603614,MSI 微星,【MSI 微星】5入組★MAG 255F E20 25型 IPS FHD 200Hz 電競螢幕(0.5ms/HDR),MSI,2563405,93,1.4 品牌欄相符（品牌庫有重複，取業績最高）,2026-09-21 14:58:53,MSI 微星,品牌欄,msi微星,msi,微星,2563405,msi,,Hardware & 3C,auto,3,True
momo,Hardware & 3C,15603618,MSI 微星,【MSI 微星】2入組★MAG 255F X24 25型 IPS FHD 240Hz 電競螢幕(0.5ms/HDR),MSI,2563405,93,1.4 品牌欄相符（品牌庫有重複，取業績最高）,2026-09-21 14:58:53,MSI 微星,品牌欄,msi微星,msi,微星,2563405,msi,,Hardware & 3C,auto,3,True
momo,Hardware & 3C,15603621,MSI 微星,【MSI 微星】5入組★MAG 255F X24 25型 IPS FHD 240Hz 電競螢幕(0.5ms/HDR),MSI,2563405,93,1.4 品牌欄相符（品牌庫有重複，取業績最高）,2026-09-21 14:58:53,MSI 微星,品牌欄,msi微星,msi,微星,2563405,msi,,Hardware & 3C,auto,3,True
momo,Hardware & 3C,15612250,MSI 微星,限時贈M365★【MSI 微星】13吋Core 7-150U輕薄效能筆電(Modern 13/8G/512G SSD/W11/F1MG-087TW),MSI,2563405,93,1.4 品牌欄相符（品牌庫有重複，取業績最高）,2026-09-21 14:58:53,MSI 微星,品牌欄,msi微星,msi,微星,2563405,msi,,Hardware & 3C,auto,3,True
momo,Hardware & 3C,15617737,LG 樂金,【LG 樂金】16吋輕薄AI筆電(16Z90TP-K.AD87C2/Ultra7-255H/32G/1TB SSD/Win11/純淨白),LG,1695281,90,1.3 品牌欄完全相符,2026-09-21 14:58:53,LG 樂金,品牌欄,lg樂金,lg,樂金,1695281,lg,,Home Electronic,auto,2,True
momo,Hardware & 3C,15617738,LG 樂金,【LG 樂金】特仕版 16吋輕薄AI筆電(16Z90TL-G.AS55C2/Ultra5-226V/16G/512G+1TB SSD/Win11/曜石黑),LG,1695281,90,1.3 品牌欄完全相符,2026-09-21 14:58:53,LG 樂金,品牌欄,lg樂金,lg,樂金,1695281,lg,,Home Electronic,auto,2,True
momo,Hardware & 3C,15635430,AMD 超微,【AMD 超微】Ryzen 7 5800X3D 八核心 中央處理器(3.4 GHz Up to 4.5 GHz),AMD,1146249,98,1.3 品牌欄完全相符,2026-09-21 14:58:53,AMD 超微,品牌欄,amd超微,amd,超微,1146249,amd,,Hardware & 3C,auto,3,True
momo,Hardware & 3C,15636619,WD 威騰,【WD 威騰】WD Elements 1TB 2.5吋行動硬碟(WESN),WD,3894375,98,1.3 品牌欄完全相符,2026-09-21 14:58:53,WD 威騰,品牌欄,wd威騰,wd,威騰,3894375,wd,,Hardware & 3C,auto,2,True
momo,Hardware & 3C,15636620,WD 威騰,【WD 威騰】WD New My Passport 1TB(藍) 2.5吋行動硬碟(WESN),WD,3894375,98,1.3 品牌欄完全相符,2026-09-21 14:58:53,WD 威騰,品牌欄,wd威騰,wd,威騰,3894375,wd,,Hardware & 3C,auto,2,True
momo,Hardware & 3C,15636621,WD 威騰,【WD 威騰】WD New My Passport 1TB(紅) 2.5吋行動硬碟(WESN),WD,3894375,98,1.3 品牌欄完全相符,2026-09-21 14:58:53,WD 威騰,品牌欄,wd威騰,wd,威騰,3894375,wd,,Hardware & 3C,auto,2,True
momo,Hardware & 3C,15636622,WD 威騰,【WD 威騰】WD New My Passport 1TB(白) 2.5吋行動硬碟(WESN),WD,3894375,98,1.3 品牌欄完全相符,2026-09-21 14:58:53,WD 威騰,品牌欄,wd威騰,wd,威騰,3894375,wd,,Hardware & 3C,auto,2,True
momo,Hardware & 3C,15636623,WD 威騰,【WD 威騰】WD My Passport Ultra 1TB(炫光銀) 2.5吋USB-C行動硬碟,WD,3894375,98,1.3 品牌欄完全相符,2026-09-21 14:58:53,WD 威騰,品牌欄,wd威騰,wd,威騰,3894375,wd,,Hardware & 3C,auto,2,True
momo,Hardware & 3C,15637784,MSI 微星,【MSI 微星】特仕16吋獨顯電競筆電(Crosshair 16 HX/i7-14650HX/16+16G/1TB SSD/RTX5070/W11/E14WGK-002TW),MSI,2563405,93,1.4 品牌欄相符（品牌庫有重複，取業績最高）,2026-09-21 14:58:53,MSI 微星,品牌欄,msi微星,msi,微星,2563405,msi,,Hardware & 3C,auto,3,True
momo,Hardware & 3C,15637786,MSI 微星,【MSI 微星】特仕16吋獨顯電競筆電(Crosshair 16 HX/i7-14650HX/16+16G/1TB SSD/RTX5060/W11/E14WFK-013TW),MSI,2563405,93,1.4 品牌欄相符（品牌庫有重複，取業績最高）,2026-09-21 14:58:53,MSI 微星,品牌欄,msi微星,msi,微星,2563405,msi,,Hardware & 3C,auto,3,True
momo,Hardware & 3C,15637787,MSI 微星,【MSI 微星】特仕15.6吋獨顯電競筆電(Cyborg 15 Max/Core7 240H/24G/512GB SSD*2/RTX5060/W11/C2WF-007TW),MSI,2563405,93,1.4 品牌欄相符（品牌庫有重複，取業績最高）,2026-09-21 14:58:53,MSI 微星,品牌欄,msi微星,msi,微星,2563405,msi,,Hardware & 3C,auto,3,True
momo,Hardware & 3C,15637788,MSI 微星,【MSI 微星】特仕15.6吋獨顯電競筆電(Cyborg 15 Max/i7-13620H/24G/512GB SSD*2/RTX5050/W11/C13WE-054TW),MSI,2563405,93,1.4 品牌欄相符（品牌庫有重複，取業績最高）,2026-09-21 14:58:53,MSI 微星,品牌欄,msi微星,msi,微星,2563405,msi,,Hardware & 3C,auto,3,True
momo,Hardware & 3C,15637789,MSI 微星,【MSI 微星】特仕15.6吋獨顯電競筆電(Cyborg 15/i5-13420H/8G+16G/1TB SSD/RTX5050/W11/C13WE-200TW),MSI,2563405,93,1.4 品牌欄相符（品牌庫有重複，取業績最高）,2026-09-21 14:58:53,MSI 微星,品牌欄,msi微星,msi,微星,2563405,msi,,Hardware & 3C,auto,3,True
momo,Hardware & 3C,15638370,MSI 微星,【MSI 微星】PRO MP243W E14 24型 IPS 144Hz 平面美型商用螢幕(EyesErgo技術/HDMI/內建喇叭),MSI,2563405,93,1.4 品牌欄相符（品牌庫有重複，取業績最高）,2026-09-21 14:58:53,MSI 微星,品牌欄,msi微星,msi,微星,2563405,msi,,Hardware & 3C,auto,3,True
momo,Hardware & 3C,15639368,MSI 微星,【MSI 微星】GeForce RTX5070 12G VENTUS 2X OC 顯示卡,MSI,2563405,93,1.4 品牌欄相符（品牌庫有重複，取業績最高）,2026-09-21 14:58:53,MSI 微星,品牌欄,msi微星,msi,微星,2563405,msi,,Hardware & 3C,auto,3,True
momo,Hardware & 3C,15639369,MSI 微星,【MSI 微星】GeForce RTX 5070 12G VENTUS 3X OC 顯示卡,MSI,2563405,93,1.4 品牌欄相符（品牌庫有重複，取業績最高）,2026-09-21 14:58:53,MSI 微星,品牌欄,msi微星,msi,微星,2563405,msi,,Hardware & 3C,auto,3,True
momo,Hardware & 3C,15649155,MSI 微星,【MSI 微星】13吋Core 7-150U輕薄效能筆電(Modern 13/8G/512G SSD/W11),MSI,2563405,93,1.4 品牌欄相符（品牌庫有重複，取業績最高）,2026-09-21 14:58:53,MSI 微星,品牌欄,msi微星,msi,微星,2563405,msi,,Hardware & 3C,auto,3,True
momo,Hardware & 3C,15649165,MSI 微星,【MSI 微星】15吋i7 RTX5060-8G電競筆電(Katana 15 HX/i7-14650HX/16G/1TB SSD/Win11/B14WFK-1071TWNN),MSI,2563405,93,1.4 品牌欄相符（品牌庫有重複，取業績最高）,2026-09-21 14:58:53,MSI 微星,品牌欄,msi微星,msi,微星,2563405,msi,,Hardware & 3C,auto,3,True
momo,Hardware & 3C,15655349,MSI 微星,【MSI 微星】PRO MP161E6T 16型 IPS FHD 16:9 60Hz 觸控攜帶式螢幕(Type-C/內建喇叭),MSI,2563405,93,1.4 品牌欄相符（品牌庫有重複，取業績最高）,2026-09-21 14:58:53,MSI 微星,品牌欄,msi微星,msi,微星,2563405,msi,,Hardware & 3C,auto,3,True
momo,Hardware & 3C,15659695,MSI 微星,【MSI 微星】15.6吋Core7 RTX5050 電競筆電(Cyborg 15 Max/Core7 240H/16G/512G SSD/W11/C2WE-261TW),MSI,2563405,93,1.4 品牌欄相符（品牌庫有重複，取業績最高）,2026-09-21 14:58:53,MSI 微星,品牌欄,msi微星,msi,微星,2563405,msi,,Hardware & 3C,auto,3,True
momo,Hardware & 3C,15659697,MSI 微星,【MSI 微星】16吋 Ultra 5 322 輕薄效能筆電(Modern 16S AI+/16G/512G SSD/Win11/G3MG-034TWNN),MSI,2563405,93,1.4 品牌欄相符（品牌庫有重複，取業績最高）,2026-09-21 14:58:53,MSI 微星,品牌欄,msi微星,msi,微星,2563405,msi,,Hardware & 3C,auto,3,True
momo,Hardware & 3C,15663276,MSI 微星,【MSI 微星】2入組★PRO MP243W E14 24型 IPS 144Hz 平面美型商用螢幕(EyesErgo技術/HDMI/內建喇叭),MSI,2563405,93,1.4 品牌欄相符（品牌庫有重複，取業績最高）,2026-09-21 14:58:53,MSI 微星,品牌欄,msi微星,msi,微星,2563405,msi,,Hardware & 3C,auto,3,True
momo,Hardware & 3C,15663277,MSI 微星,【MSI 微星】5入組★PRO MP243W E14 24型 IPS 144Hz 平面美型商用螢幕(EyesErgo技術/HDMI/內建喇叭),MSI,2563405,93,1.4 品牌欄相符（品牌庫有重複，取業績最高）,2026-09-21 14:58:53,MSI 微星,品牌欄,msi微星,msi,微星,2563405,msi,,Hardware & 3C,auto,3,True
momo,Hardware & 3C,15671199,MSI 微星,【MSI 微星】特仕17.3吋獨顯電競筆電(Cyborg 17/Core 7 240H/16+8G/1TB SSD/RTX5060/W11/B2RWFKG-426TW),MSI,2563405,93,1.4 品牌欄相符（品牌庫有重複，取業績最高）,2026-09-21 14:58:53,MSI 微星,品牌欄,msi微星,msi,微星,2563405,msi,,Hardware & 3C,auto,3,True
momo,Hardware & 3C,15671250,MSI 微星,【MSI 微星】特仕17.3吋獨顯電競筆電(Cyborg 17/Core 7 240H/16+8G/1TB SSD/RTX5050/W11/B2RWEKG-425TW),MSI,2563405,93,1.4 品牌欄相符（品牌庫有重複，取業績最高）,2026-09-21 14:58:53,MSI 微星,品牌欄,msi微星,msi,微星,2563405,msi,,Hardware & 3C,auto,3,True
momo,Hardware & 3C,15671254,MSI 微星,【MSI 微星】特仕14吋輕薄效能筆電(Modern 14S/Ultra 5-322/16+8G/1TB SSD/W11/G3MG-026TW),MSI,2563405,93,1.4 品牌欄相符（品牌庫有重複，取業績最高）,2026-09-21 14:58:53,MSI 微星,品牌欄,msi微星,msi,微星,2563405,msi,,Hardware & 3C,auto,3,True
momo,Hardware & 3C,15671256,MSI 微星,【MSI 微星】特仕14吋輕薄效能筆電(Modern 16S/Ultra 7-355/16+8G/1TB SSD/W11/G3MG-030TW),MSI,2563405,93,1.4 品牌欄相符（品牌庫有重複，取業績最高）,2026-09-21 14:58:53,MSI 微星,品牌欄,msi微星,msi,微星,2563405,msi,,Hardware & 3C,auto,3,True
momo,Hardware & 3C,15681176,MSI 微星,【MSI 微星】Pentium G7400 雙核迷你商用電腦(PRO DP21 14M-1232TW/8G/512G SSD/W11P),MSI,2563405,93,1.4 品牌欄相符（品牌庫有重複，取業績最高）,2026-09-21 14:58:53,MSI 微星,品牌欄,msi微星,msi,微星,2563405,msi,,Hardware & 3C,auto,3,True
momo,Hardware & 3C,15682636,MSI 微星,【MSI 微星】顯卡+水冷組★RTX 5070 12G VENTUS 3X OC顯示卡+MAG A13 360水冷,MSI,2563405,93,1.4 品牌欄相符（品牌庫有重複，取業績最高）,2026-09-21 14:58:53,MSI 微星,品牌欄,msi微星,msi,微星,2563405,msi,,Hardware & 3C,auto,3,True
momo,Hardware & 3C,15682781,MSI 微星,【MSI 微星】顯卡+水冷組★GeForce RTX 3060 VENTUS 2X 12G OC 顯示卡+MAG A13 360水冷,MSI,2563405,93,1.4 品牌欄相符（品牌庫有重複，取業績最高）,2026-09-21 14:58:53,MSI 微星,品牌欄,msi微星,msi,微星,2563405,msi,,Hardware & 3C,auto,3,True
momo,Hardware & 3C,15682805,MSI 微星,【MSI 微星】顯卡+水冷組★GeForce RTX 5060 Ti 8G VENTUS 2X OC WHITE PLUS 顯示卡+MAG A13 360水冷,MSI,2563405,93,1.4 品牌欄相符（品牌庫有重複，取業績最高）,2026-09-21 14:58:53,MSI 微星,品牌欄,msi微星,msi,微星,2563405,msi,,Hardware & 3C,auto,3,True
momo,Hardware & 3C,15682843,MSI 微星,【MSI 微星】顯卡+水冷組★GeForce RTX 5060 8G VENTUS 3X OC 顯示卡+MAG A13 360水冷,MSI,2563405,93,1.4 品牌欄相符（品牌庫有重複，取業績最高）,2026-09-21 14:58:53,MSI 微星,品牌欄,msi微星,msi,微星,2563405,msi,,Hardware & 3C,auto,3,True
momo,Hardware & 3C,15682861,MSI 微星,【MSI 微星】顯卡+主機板組★GeForce RTX 5060 Ti 8G VENTUS 2X OC PLUS 顯示卡+PRO B850-P WIFI 主機板,MSI,2563405,93,1.4 品牌欄相符（品牌庫有重複，取業績最高）,2026-09-21 14:58:53,MSI 微星,品牌欄,msi微星,msi,微星,2563405,msi,,Hardware & 3C,auto,3,True
momo,Hardware & 3C,15682866,MSI 微星,【MSI 微星】顯卡+主機板組★RTX 5060 Ti 8G VENTUS 2X OC PLUS顯示卡+PRO B850-P WIFI 主機板,MSI,2563405,93,1.4 品牌欄相符（品牌庫有重複，取業績最高）,2026-09-21 14:58:53,MSI 微星,品牌欄,msi微星,msi,微星,2563405,msi,,Hardware & 3C,auto,3,True
momo,Hardware & 3C,15682868,MSI 微星,【MSI 微星】顯卡+主機板組★RTX 5070 12G VENTUS 3X OC顯示卡+PRO B850-P WIFI 主機板,MSI,2563405,93,1.4 品牌欄相符（品牌庫有重複，取業績最高）,2026-09-21 14:58:53,MSI 微星,品牌欄,msi微星,msi,微星,2563405,msi,,Hardware & 3C,auto,3,True
momo,Hardware & 3C,15682869,MSI 微星,【MSI 微星】顯卡+主機板組★GeForce RTX 3060 VENTUS 2X 12G OC 顯示卡+PRO B850-P WIFI 主機板,MSI,2563405,93,1.4 品牌欄相符（品牌庫有重複，取業績最高）,2026-09-21 14:58:53,MSI 微星,品牌欄,msi微星,msi,微星,2563405,msi,,Hardware & 3C,auto,3,True
momo,Hardware & 3C,15682870,MSI 微星,【MSI 微星】顯卡+主機板組★RTX 5060 Ti 8G VENTUS 2X OC WHITE PLUS 顯示卡+PRO B850-P WIFI 主機板,MSI,2563405,93,1.4 品牌欄相符（品牌庫有重複，取業績最高）,2026-09-21 14:58:53,MSI 微星,品牌欄,msi微星,msi,微星,2563405,msi,,Hardware & 3C,auto,3,True
momo,Hardware & 3C,15682871,MSI 微星,【MSI 微星】顯卡+主機板組★GeForce RTX 5060 8G VENTUS 3X OC 顯示卡+PRO B850-P WIFI 主機板,MSI,2563405,93,1.4 品牌欄相符（品牌庫有重複，取業績最高）,2026-09-21 14:58:53,MSI 微星,品牌欄,msi微星,msi,微星,2563405,msi,,Hardware & 3C,auto,3,True
momo,Hardware & 3C,15682917,MSI 微星,【微星】C+M組合★B760M GAMING PLUS WIFI DDR4 intel主機板+Intel i5-14400F 10核16緒 處理器(無內顯),MSI,2563405,93,1.4 品牌欄相符（品牌庫有重複，取業績最高）,2026-09-21 14:58:53,MSI 微星,品牌欄,msi微星,msi,微星,2563405,msi,,Hardware & 3C,auto,3,True
momo,Hardware & 3C,15682932,MSI 微星,【微星】C+M組合★B760M GAMING PLUS WIFI DDR4 intel主機板+Intel i5-14400F 10核16緒 處理器(無內顯),MSI,2563405,93,1.4 品牌欄相符（品牌庫有重複，取業績最高）,2026-09-21 14:58:53,MSI 微星,品牌欄,msi微星,msi,微星,2563405,msi,,Hardware & 3C,auto,3,True
momo,Hardware & 3C,15682934,MSI 微星,【微星】C+M組合★B760M GAMING WIFI DDR5 主機板+Intel i5-14400F 10核16緒 處理器(無內顯),MSI,2563405,93,1.4 品牌欄相符（品牌庫有重複，取業績最高）,2026-09-21 14:58:53,MSI 微星,品牌欄,msi微星,msi,微星,2563405,msi,,Hardware & 3C,auto,3,True
momo,Hardware & 3C,15682935,MSI 微星,【微星】C+M組合★PRO B760M-P DDR4 主機板+Intel i5-14400F 10核16緒 處理器(無內顯),MSI,2563405,93,1.4 品牌欄相符（品牌庫有重複，取業績最高）,2026-09-21 14:58:53,MSI 微星,品牌欄,msi微星,msi,微星,2563405,msi,,Hardware & 3C,auto,3,True
momo,Hardware & 3C,4999859,MSI 微星,【MSI 微星】N730 2GD3V3 顯示卡(雪精靈系列),MSI,2563405,93,1.4 品牌欄相符（品牌庫有重複，取業績最高）,2026-09-21 14:58:53,MSI 微星,品牌欄,msi微星,msi,微星,2563405,msi,,Hardware & 3C,auto,3,True
momo,Hardware & 3C,5024573,MSI 微星,【MSI 微星】GeForce N210 MD1G D3顯示卡,MSI,2563405,93,1.4 品牌欄相符（品牌庫有重複，取業績最高）,2026-09-21 14:58:53,MSI 微星,品牌欄,msi微星,msi,微星,2563405,msi,,Hardware & 3C,auto,3,True
momo,Hardware & 3C,6404446,WD 威騰,【WD 威騰】My Passport Ultra 4TB Type-C 2.5吋 行動硬碟 銀,WD,3894375,98,1.3 品牌欄完全相符,2026-09-21 14:58:53,WD 威騰,品牌欄,wd威騰,wd,威騰,3894375,wd,,Hardware & 3C,auto,2,True
momo,Hardware & 3C,6722385,WD 威騰,【WD 威騰】My Passport Ultra 2TB Type-C 2.5吋 行動硬碟 銀(WDBC3C0020BSL-WESN),WD,3894375,98,1.3 品牌欄完全相符,2026-09-21 14:58:53,WD 威騰,品牌欄,wd威騰,wd,威騰,3894375,wd,,Hardware & 3C,auto,2,True
momo,Hardware & 3C,6722386,WD 威騰,【WD 威騰】My Passport Ultra 2TB Type-C 2.5吋 行動硬碟 藍(WDBC3C0020BBL-WESN),WD,3894375,98,1.3 品牌欄完全相符,2026-09-21 14:58:53,WD 威騰,品牌欄,wd威騰,wd,威騰,3894375,wd,,Hardware & 3C,auto,2,True
momo,Hardware & 3C,6722387,WD 威騰,【WD 威騰】Elements 1TB 2.5吋行動硬碟(WDBUZG0010BBK-WESN),WD,3894375,98,1.3 品牌欄完全相符,2026-09-21 14:58:53,WD 威騰,品牌欄,wd威騰,wd,威騰,3894375,wd,,Hardware & 3C,auto,2,True
momo,Hardware & 3C,6722388,WD 威騰,【WD 威騰】Elements 4TB 2.5吋行動硬碟(WDBU6Y0040BBK-WESN),WD,3894375,98,1.3 品牌欄完全相符,2026-09-21 14:58:53,WD 威騰,品牌欄,wd威騰,wd,威騰,3894375,wd,,Hardware & 3C,auto,2,True
momo,Hardware & 3C,6722397,WD 威騰,【WD 威騰】My Book Duo 20TB 3.5吋外接硬碟(WDBFBE0200JBK-SESN),WD,3894375,98,1.3 品牌欄完全相符,2026-09-21 14:58:53,WD 威騰,品牌欄,wd威騰,wd,威騰,3894375,wd,,Hardware & 3C,auto,2,True
momo,Hardware & 3C,6722398,WD 威騰,【WD 威騰】My Book 8TB 3.5吋外接硬碟(WDBBGB0080HBK-SESN),WD,3894375,98,1.3 品牌欄完全相符,2026-09-21 14:58:53,WD 威騰,品牌欄,wd威騰,wd,威騰,3894375,wd,,Hardware & 3C,auto,2,True
momo,Hardware & 3C,6722431,WD 威騰,【WD 威騰】My Passport Ultra 1TB Type-C 2.5吋 行動硬碟 銀(WDBC3C0010BSL-WESN),WD,3894375,98,1.3 品牌欄完全相符,2026-09-21 14:58:53,WD 威騰,品牌欄,wd威騰,wd,威騰,3894375,wd,,Hardware & 3C,auto,2,True
momo,Hardware & 3C,6722433,WD 威騰,【WD 威騰】My Passport Ultra 4TB Type-C 2.5吋 行動硬碟 銀(WDBFTM0040BSL-WESN),WD,3894375,98,1.3 品牌欄完全相符,2026-09-21 14:58:53,WD 威騰,品牌欄,wd威騰,wd,威騰,3894375,wd,,Hardware & 3C,auto,2,True
momo,Hardware & 3C,6722434,WD 威騰,【WD 威騰】My Passport Ultra 4TB Type-C 2.5吋 行動硬碟 藍(WDBFTM0040BBL-WESN),WD,3894375,98,1.3 品牌欄完全相符,2026-09-21 14:58:53,WD 威騰,品牌欄,wd威騰,wd,威騰,3894375,wd,,Hardware & 3C,auto,2,True
momo,Hardware & 3C,6722435,WD 威騰,【WD 威騰】Elements 2TB 2.5吋行動硬碟(WDBU6Y0020BBK-WESN),WD,3894375,98,1.3 品牌欄完全相符,2026-09-21 14:58:53,WD 威騰,品牌欄,wd威騰,wd,威騰,3894375,wd,,Hardware & 3C,auto,2,True
momo,Hardware & 3C,6722450,WD 威騰,【WD 威騰】My Book 6TB 3.5吋外接硬碟(WDBBGB0060HBK-SESN),WD,3894375,98,1.3 品牌欄完全相符,2026-09-21 14:58:53,WD 威騰,品牌欄,wd威騰,wd,威騰,3894375,wd,,Hardware & 3C,auto,2,True
momo,Hardware & 3C,6782418,WD 威騰,【WD 威騰】My Book Duo 16TB 3.5吋外接硬碟(WDBFBE0160JBK-SESN),WD,3894375,98,1.3 品牌欄完全相符,2026-09-21 14:58:53,WD 威騰,品牌欄,wd威騰,wd,威騰,3894375,wd,,Hardware & 3C,auto,2,True
momo,Hardware & 3C,6969803,MSI 微星,【MSI 微星】VIGOR GK30 電競鍵盤,MSI,2563405,93,1.4 品牌欄相符（品牌庫有重複，取業績最高）,2026-09-21 14:58:53,MSI 微星,品牌欄,msi微星,msi,微星,2563405,msi,,Hardware & 3C,auto,3,True
momo,Hardware & 3C,6969822,MSI 微星,【MSI 微星】Vigor GK30 COMBO電競鍵盤滑鼠組(GK30+GM11),MSI,2563405,93,1.4 品牌欄相符（品牌庫有重複，取業績最高）,2026-09-21 14:58:53,MSI 微星,品牌欄,msi微星,msi,微星,2563405,msi,,Hardware & 3C,auto,3,True
momo,Hardware & 3C,6995006,WD 威騰,【WD 威騰】BLACK黑標 P10 Game Drive 5TB 2.5吋行動硬碟,WD,3894375,98,1.3 品牌欄完全相符,2026-09-21 14:58:53,WD 威騰,品牌欄,wd威騰,wd,威騰,3894375,wd,,Hardware & 3C,auto,2,True
momo,Hardware & 3C,6995375,WD 威騰,【WD 威騰】My Book 12TB 3.5吋外接硬碟(WDBBGB0120HBK-SESN),WD,3894375,98,1.3 品牌欄完全相符,2026-09-21 14:58:53,WD 威騰,品牌欄,wd威騰,wd,威騰,3894375,wd,,Hardware & 3C,auto,2,True
momo,Hardware & 3C,7036485,AMD 超微,【AMD 超微】Ryzen R5-3400G 四核心 CPU中央處理器(3.7GHz),AMD,1146249,98,1.3 品牌欄完全相符,2026-09-21 14:58:53,AMD 超微,品牌欄,amd超微,amd,超微,1146249,amd,,Hardware & 3C,auto,3,True
momo,Hardware & 3C,7039001,WD 威騰,【WD 威騰】My Book 12TB 3.5吋外接硬碟(WDBBGB0120HBK-SESN),WD,3894375,98,1.3 品牌欄完全相符,2026-09-21 14:58:53,WD 威騰,品牌欄,wd威騰,wd,威騰,3894375,wd,,Hardware & 3C,auto,2,True
momo,Hardware & 3C,7078936,WD 威騰,【WD 威騰】My Passport Ultra 5TB Type-C 2.5吋 行動硬碟 藍(WDBFTM0050BBL-WESN),WD,3894375,98,1.3 品牌欄完全相符,2026-09-21 14:58:53,WD 威騰,品牌欄,wd威騰,wd,威騰,3894375,wd,,Hardware & 3C,auto,2,True
momo,Hardware & 3C,7134078,WD 威騰,【WD 威騰】My Passport 1TB 2.5吋行動硬碟(WESN),WD,3894375,98,1.3 品牌欄完全相符,2026-09-21 14:58:53,WD 威騰,品牌欄,wd威騰,wd,威騰,3894375,wd,,Hardware & 3C,auto,2,True
momo,Hardware & 3C,7134079,WD 威騰,【WD 威騰】My Passport 2TB 2.5吋行動硬碟(WESN),WD,3894375,98,1.3 品牌欄完全相符,2026-09-21 14:58:53,WD 威騰,品牌欄,wd威騰,wd,威騰,3894375,wd,,Hardware & 3C,auto,2,True
momo,Hardware & 3C,7134080,WD 威騰,【WD 威騰】My Passport 4TB 2.5吋行動硬碟(WESN),WD,3894375,98,1.3 品牌欄完全相符,2026-09-21 14:58:53,WD 威騰,品牌欄,wd威騰,wd,威騰,3894375,wd,,Hardware & 3C,auto,2,True
momo,Hardware & 3C,7134081,WD 威騰,【WD 威騰】My Passport 5TB 2.5吋行動硬碟(WESN),WD,3894375,98,1.3 品牌欄完全相符,2026-09-21 14:58:53,WD 威騰,品牌欄,wd威騰,wd,威騰,3894375,wd,,Hardware & 3C,auto,2,True
momo,Hardware & 3C,7134083,WD 威騰,【WD 威騰】WD_BLACK P10 Game Drive 黑標 4TB 2.5吋 行動硬碟(WDBA3A0040BBK-WESN),WD,3894375,98,1.3 品牌欄完全相符,2026-09-21 14:58:53,WD 威騰,品牌欄,wd威騰,wd,威騰,3894375,wd,,Hardware & 3C,auto,2,True
momo,Hardware & 3C,7134084,WD 威騰,【WD 威騰】WD_BLACK P10 Game Drive 黑標 5TB 2.5吋行動硬碟(WDBA3A0050BBK-WESN),WD,3894375,98,1.3 品牌欄完全相符,2026-09-21 14:58:53,WD 威騰,品牌欄,wd威騰,wd,威騰,3894375,wd,,Hardware & 3C,auto,2,True
momo,Hardware & 3C,7228915,WD 威騰,【WD 威騰】Elements 5TB 2.5吋行動硬碟(WDBU6Y0050BBK-WESN),WD,3894375,98,1.3 品牌欄完全相符,2026-09-21 14:58:53,WD 威騰,品牌欄,wd威騰,wd,威騰,3894375,wd,,Hardware & 3C,auto,2,True
momo,Hardware & 3C,7228916,WD 威騰,【WD 威騰】My Book Duo 24TB 3.5吋外接硬碟(WDBFBE0240JBK-SESN),WD,3894375,98,1.3 品牌欄完全相符,2026-09-21 14:58:53,WD 威騰,品牌欄,wd威騰,wd,威騰,3894375,wd,,Hardware & 3C,auto,2,True
momo,Hardware & 3C,7296499,WD 威騰,【WD 威騰】WD_BLACK D10 Game Drive 黑標 8TB 3.5吋電競外接式硬碟(WDBA3P0080HBK-SESN),WD,3894375,98,1.3 品牌欄完全相符,2026-09-21 14:58:53,WD 威騰,品牌欄,wd威騰,wd,威騰,3894375,wd,,Hardware & 3C,auto,2,True
momo,Hardware & 3C,7301084,WD 威騰,【WD 威騰】My Passport Ultra 4TB Type-C 2.5吋 行動硬碟 金,WD,3894375,98,1.3 品牌欄完全相符,2026-09-21 14:58:53,WD 威騰,品牌欄,wd威騰,wd,威騰,3894375,wd,,Hardware & 3C,auto,2,True
momo,Hardware & 3C,7613881,WD 威騰,【WD 威騰】My Passport Ultra 2TB Type-C 2.5吋 行動硬碟 金(WDBC3C0020BGD-WESN),WD,3894375,98,1.3 品牌欄完全相符,2026-09-21 14:58:53,WD 威騰,品牌欄,wd威騰,wd,威騰,3894375,wd,,Hardware & 3C,auto,2,True
momo,Hardware & 3C,7613882,WD 威騰,【WD 威騰】My Passport Ultra 4TB Type-C 2.5吋 行動硬碟 金(WDBFTM0040BGD-WESN),WD,3894375,98,1.3 品牌欄完全相符,2026-09-21 14:58:53,WD 威騰,品牌欄,wd威騰,wd,威騰,3894375,wd,,Hardware & 3C,auto,2,True
momo,Hardware & 3C,7701871,MSI 微星,【MSI 微星】N730-2GD3V3 128 Bit 雪精靈系列 PCI-E顯示卡,MSI,2563405,93,1.4 品牌欄相符（品牌庫有重複，取業績最高）,2026-09-21 14:58:53,MSI 微星,品牌欄,msi微星,msi,微星,2563405,msi,,Hardware & 3C,auto,3,True
momo,Hardware & 3C,7738895,WD 威騰,【WD 威騰】My Book 14TB 3.5吋 外接硬碟(WDBBGB0140HBK-SESN),WD,3894375,98,1.3 品牌欄完全相符,2026-09-21 14:58:53,WD 威騰,品牌欄,wd威騰,wd,威騰,3894375,wd,,Hardware & 3C,auto,2,True
momo,Hardware & 3C,7814525,CS 昌碩,【CS昌碩】14500 充電電池 600mAh/顆(2入),C&S,2838752,90,1.3 品牌欄完全相符,2026-09-21 14:58:53,CS 昌碩,品牌欄,cs昌碩,cs,昌碩,2838752,cs,,Home & Living,auto,2,True
momo,Hardware & 3C,7814526,,【CS昌碩】16340 充電電池 400mAh/顆(2入),C&S,2838752,85,2.2 由商品名稱【】比對到品牌,2026-09-21 14:58:53,CS昌碩,標題【】,cs昌碩,cs,昌碩,2838752,cs,,Home & Living,auto,2,True
momo,Hardware & 3C,7814528,CS 昌碩,【CS昌碩】18650 充電電池 1500mAh/顆(2入),C&S,2838752,90,1.3 品牌欄完全相符,2026-09-21 14:58:53,CS 昌碩,品牌欄,cs昌碩,cs,昌碩,2838752,cs,,Home & Living,auto,2,True
momo,Hardware & 3C,7814529,CS 昌碩,【CS昌碩】18650 充電電池 2200mAh/顆(2入),C&S,2838752,90,1.3 品牌欄完全相符,2026-09-21 14:58:53,CS 昌碩,品牌欄,cs昌碩,cs,昌碩,2838752,cs,,Home & Living,auto,2,True
momo,Hardware & 3C,7814530,,【CS昌碩】18650 充電電池 3400mAh/顆(2入),C&S,2838752,85,2.2 由商品名稱【】比對到品牌,2026-09-21 14:58:53,CS昌碩,標題【】,cs昌碩,cs,昌碩,2838752,cs,,Home & Living,auto,2,True
momo,Hardware & 3C,7814531,CS 昌碩,【CS昌碩】18650 保護板型充電電池 2200mAh/顆(2入),C&S,2838752,90,1.3 品牌欄完全相符,2026-09-21 14:58:53,CS 昌碩,品牌欄,cs昌碩,cs,昌碩,2838752,cs,,Home & Living,auto,2,True
momo,Hardware & 3C,7814533,CS 昌碩,【CS昌碩】LY-2206 單充鋰電池充電器(快充型),C&S,2838752,90,1.3 品牌欄完全相符,2026-09-21 14:58:53,CS 昌碩,品牌欄,cs昌碩,cs,昌碩,2838752,cs,,Home & Living,auto,2,True
momo,Hardware & 3C,7814534,CS 昌碩,【CS昌碩】LY-3207 雙充鋰電池充電器(快充型),C&S,2838752,90,1.3 品牌欄完全相符,2026-09-21 14:58:53,CS 昌碩,品牌欄,cs昌碩,cs,昌碩,2838752,cs,,Home & Living,auto,2,True
momo,Hardware & 3C,7968341,MSI 微星,【MSI 微星】Clutch GM08 電競滑鼠,MSI,2563405,93,1.4 品牌欄相符（品牌庫有重複，取業績最高）,2026-09-21 14:58:53,MSI 微星,品牌欄,msi微星,msi,微星,2563405,msi,,Hardware & 3C,auto,3,True
momo,Hardware & 3C,8055284,MSI 微星,【MSI 微星】PRO A520M-A PRO DDR4 主機板,MSI,2563405,93,1.4 品牌欄相符（品牌庫有重複，取業績最高）,2026-09-21 14:58:53,MSI 微星,品牌欄,msi微星,msi,微星,2563405,msi,,Hardware & 3C,auto,3,True
momo,Hardware & 3C,8211684,WD 威騰,【WD 威騰】My Book 12TB 3.5吋外接硬碟(SESN),WD,3894375,98,1.3 品牌欄完全相符,2026-09-21 14:58:53,WD 威騰,品牌欄,wd威騰,wd,威騰,3894375,wd,,Hardware & 3C,auto,2,True
momo,Hardware & 3C,8349090,WD 威騰,【WD 威騰】My Book 18TB 3.5吋外接硬碟(WDBBGB0180HBK-SESN),WD,3894375,98,1.3 品牌欄完全相符,2026-09-21 14:58:53,WD 威騰,品牌欄,wd威騰,wd,威騰,3894375,wd,,Hardware & 3C,auto,2,True
momo,Hardware & 3C,8349091,WD 威騰,【WD 威騰】My Book 16TB 3.5吋 外接硬碟(WDBBGB0160HBK-SESN),WD,3894375,98,1.3 品牌欄完全相符,2026-09-21 14:58:53,WD 威騰,品牌欄,wd威騰,wd,威騰,3894375,wd,,Hardware & 3C,auto,2,True
momo,Hardware & 3C,8416893,HTC 宏達電,【HTC 宏達電】MAX300 原廠 立體聲 扁線入耳式耳機 白色(密封袋裝),HTC,1147210,85,1.4 品牌欄相符（品牌庫有重複，取業績最高）,2026-09-21 14:58:53,HTC 宏達電,品牌欄,htc宏達電,htc,宏達電,1147210,htc,,Mobile & Gadgets,auto,3,True
momo,Hardware & 3C,8416894,HTC 宏達電,【HTC 宏達電】2入組-MAX300 原廠 立體聲 扁線入耳式耳機 白色(密封袋裝),HTC,1147210,85,1.4 品牌欄相符（品牌庫有重複，取業績最高）,2026-09-21 14:58:53,HTC 宏達電,品牌欄,htc宏達電,htc,宏達電,1147210,htc,,Mobile & Gadgets,auto,3,True
momo,Hardware & 3C,8425403,WD 威騰,【WD 威騰】My Passport SSD 1TB 外接式SSD(USB 3.2 Gen2/Type C),WD,3894375,98,1.3 品牌欄完全相符,2026-09-21 14:58:53,WD 威騰,品牌欄,wd威騰,wd,威騰,3894375,wd,,Hardware & 3C,auto,2,True
momo,Hardware & 3C,8528368,MSI 微星,【MSI 微星】GeForce RTX 3060 VENTUS 2X 12G OC 顯示卡,MSI,2563405,93,1.4 品牌欄相符（品牌庫有重複，取業績最高）,2026-09-21 14:58:53,MSI 微星,品牌欄,msi微星,msi,微星,2563405,msi,,Hardware & 3C,auto,3,True
momo,Hardware & 3C,8697260,HTC 宏達電,【HTC 宏達電】2入組 原廠聆悅MAX300 立體聲入耳式扁線 3.5mm耳機 - 白,HTC,1147210,85,1.4 品牌欄相符（品牌庫有重複，取業績最高）,2026-09-21 14:58:53,HTC 宏達電,品牌欄,htc宏達電,htc,宏達電,1147210,htc,,Mobile & Gadgets,auto,3,True
momo,Hardware & 3C,8697266,HTC 宏達電,【HTC 宏達電】原廠聆悅 MAX300 立體聲入耳式扁線 3.5mm耳機-白,HTC,1147210,85,1.4 品牌欄相符（品牌庫有重複，取業績最高）,2026-09-21 14:58:53,HTC 宏達電,品牌欄,htc宏達電,htc,宏達電,1147210,htc,,Mobile & Gadgets,auto,3,True
momo,Hardware & 3C,8828983,WD 威騰,【WD 威騰】My Book Duo 36TB 3.5吋外接硬碟(WDBFBE0360JBK-SESN),WD,3894375,98,1.3 品牌欄完全相符,2026-09-21 14:58:53,WD 威騰,品牌欄,wd威騰,wd,威騰,3894375,wd,,Hardware & 3C,auto,2,True
momo,Hardware & 3C,8991840,MSI 微星,【MSI 微星】GT1030 2GD4 LP OC PCI-E 顯示卡,MSI,2563405,93,1.4 品牌欄相符（品牌庫有重複，取業績最高）,2026-09-21 14:58:53,MSI 微星,品牌欄,msi微星,msi,微星,2563405,msi,,Hardware & 3C,auto,3,True
momo,Hardware & 3C,9139514,MSI 微星,【MSI 微星】GeForce GT 1030 2GD4 LP OC 顯示卡,MSI,2563405,93,1.4 品牌欄相符（品牌庫有重複，取業績最高）,2026-09-21 14:58:53,MSI 微星,品牌欄,msi微星,msi,微星,2563405,msi,,Hardware & 3C,auto,3,True
momo,Hardware & 3C,9355193,MSI 微星,【MSI 微星】MAG A650BN 80 PLUS 650W 銅牌認證電源供應器,MSI,2563405,93,1.4 品牌欄相符（品牌庫有重複，取業績最高）,2026-09-21 14:58:53,MSI 微星,品牌欄,msi微星,msi,微星,2563405,msi,,Hardware & 3C,auto,3,True
momo,Hardware & 3C,9355196,MSI 微星,【MSI 微星】MAG A550BN 80 PLUS 550W銅牌認證電源供應器,MSI,2563405,93,1.4 品牌欄相符（品牌庫有重複，取業績最高）,2026-09-21 14:58:53,MSI 微星,品牌欄,msi微星,msi,微星,2563405,msi,,Hardware & 3C,auto,3,True
momo,Hardware & 3C,9468988,WD 威騰,【WD 威騰】My Passport 5TB 2.5吋 行動硬碟,WD,3894375,98,1.3 品牌欄完全相符,2026-09-21 14:58:53,WD 威騰,品牌欄,wd威騰,wd,威騰,3894375,wd,,Hardware & 3C,auto,2,True
momo,Hardware & 3C,9533921,MSI 微星,【MSI 微星】MAG A550BN 銅牌電源供應器,MSI,2563405,93,1.4 品牌欄相符（品牌庫有重複，取業績最高）,2026-09-21 14:58:53,MSI 微星,品牌欄,msi微星,msi,微星,2563405,msi,,Hardware & 3C,auto,3,True
momo,Hardware & 3C,9547848,MSI 微星,【MSI 微星】MAG A650BN 銅牌電源供應器,MSI,2563405,93,1.4 品牌欄相符（品牌庫有重複，取業績最高）,2026-09-21 14:58:53,MSI 微星,品牌欄,msi微星,msi,微星,2563405,msi,,Hardware & 3C,auto,3,True
momo,Hardware & 3C,15661960,MSI 微星,【MSI 微星】搭電競耳機★FORGE GK320 RED TC 電競鍵盤(機械紅軸)+MAESTRO 300,MSI,2563405,93,1.4 品牌欄相符（品牌庫有重複，取業績最高）,2026-09-21 14:58:53,MSI 微星,品牌欄,msi微星,msi,微星,2563405,msi,,Hardware & 3C,auto,3,True
momo,Hardware & 3C,15661968,MSI 微星,【MSI 微星】搭電競耳機★VIGOR GK30 COMBO WHITE 電競鍵盤滑鼠組(GK30+GM11)(白色)+MAESTRO 300,MSI,2563405,93,1.4 品牌欄相符（品牌庫有重複，取業績最高）,2026-09-21 14:58:53,MSI 微星,品牌欄,msi微星,msi,微星,2563405,msi,,Hardware & 3C,auto,3,True
momo,Hardware & 3C,15661974,MSI 微星,【MSI 微星】搭電競耳機★VIGOR GK30 電競鍵盤+MAESTRO 300,MSI,2563405,93,1.4 品牌欄相符（品牌庫有重複，取業績最高）,2026-09-21 14:58:53,MSI 微星,品牌欄,msi微星,msi,微星,2563405,msi,,Hardware & 3C,auto,3,True
momo,Hardware & 3C,15661980,MSI 微星,【MSI 微星】搭電競耳機★AGILITY GD72 GLEAM EDITION 電競鼠墊+MAESTRO 300,MSI,2563405,93,1.4 品牌欄相符（品牌庫有重複，取業績最高）,2026-09-21 14:58:53,MSI 微星,品牌欄,msi微星,msi,微星,2563405,msi,,Hardware & 3C,auto,3,True
momo,Health,10089365,DRX 達特世,【DRX 達特世】FFP2醫用4D口罩-冰晶白-20入(成人/兒童任選),DRX,4556462,85,1.4 品牌欄相符（品牌庫有重複，取業績最高）,2026-09-21 14:59:39,DRX 達特世,品牌欄,drx達特世,drx,達特世,4556462,drx,,Beauty,,3,True
momo,Health,10157297,LAC 利維喜,【LAC 利維喜】活性納豆紅麴Q10膠囊x3盒組(共180顆/納麴/降膽固醇/調節血脂/大紅麴),LAC,1288127,98,1.3 品牌欄完全相符,2026-09-21 14:59:39,LAC 利維喜,品牌欄,lac利維喜,lac,利維喜,1288127,lac,,Health,auto,3,True
momo,Health,10325588,LAC 利維喜,【LAC 利維喜】迷你三強頂級魚油膠囊x1入組(共120顆/迷你魚油/高單位魚油/EPA/DHA),LAC,1288127,98,1.3 品牌欄完全相符,2026-09-21 14:59:39,LAC 利維喜,品牌欄,lac利維喜,lac,利維喜,1288127,lac,,Health,auto,3,True
momo,Health,10327217,LAC 利維喜,【LAC 利維喜】日本黑醋膠囊x1入組(共90顆/黑酢/Kurozu/有機酸/體內環保),LAC,1288127,98,1.3 品牌欄完全相符,2026-09-21 14:59:39,LAC 利維喜,品牌欄,lac利維喜,lac,利維喜,1288127,lac,,Health,auto,3,True
momo,Health,10329742,LAC 利維喜,【LAC 利維喜】三強頂級魚油膠囊x1入組(共120顆/DHA/EPA/高單位魚油/送禮),LAC,1288127,98,1.3 品牌欄完全相符,2026-09-21 14:59:39,LAC 利維喜,品牌欄,lac利維喜,lac,利維喜,1288127,lac,,Health,auto,3,True
momo,Health,10334458,LAC 利維喜,【LAC 利維喜】高單位B群100食品錠x1入組(共100錠/保護力/好活力/長效緩釋),LAC,1288127,98,1.3 品牌欄完全相符,2026-09-21 14:59:39,LAC 利維喜,品牌欄,lac利維喜,lac,利維喜,1288127,lac,,Health,auto,3,True
momo,Health,10334459,LAC 利維喜,【LAC 利維喜】維生素D800膠囊x1入組(共60顆/全新升級/維他命D3/保護力/陽光維他命),LAC,1288127,98,1.3 品牌欄完全相符,2026-09-21 14:59:39,LAC 利維喜,品牌欄,lac利維喜,lac,利維喜,1288127,lac,,Health,auto,3,True
momo,Health,10381636,LAC 利維喜,【LAC 利維喜】升級版夜安眠粉末-橘子口味x1盒組(共30包/芝麻素/鈣/鎂/GABA/磷脂醯絲胺酸/奶素/幫助入睡),LAC,1288127,98,1.3 品牌欄完全相符,2026-09-21 14:59:39,LAC 利維喜,品牌欄,lac利維喜,lac,利維喜,1288127,lac,,Health,auto,3,True
momo,Health,10382653,DRX 達特世,【DRX 達特世】TN95醫用4D口罩-馬卡龍系列-成人20入/盒,DRX,4556462,85,1.4 品牌欄相符（品牌庫有重複，取業績最高）,2026-09-21 14:59:39,DRX 達特世,品牌欄,drx達特世,drx,達特世,4556462,drx,,Beauty,,3,True
momo,Health,10382654,DRX 達特世,【DRX 達特世】TN95醫用4D口罩-馬卡龍四色-兒童20入,DRX,4556462,85,1.4 品牌欄相符（品牌庫有重複，取業績最高）,2026-09-21 14:59:39,DRX 達特世,品牌欄,drx達特世,drx,達特世,4556462,drx,,Beauty,,3,True
momo,Health,10420852,LAC 利維喜,【LAC 利維喜】輔酵素Q10膠囊x1入組(共60顆/30mg/青春能量/輔酶q10),LAC,1288127,98,1.3 品牌欄完全相符,2026-09-21 14:59:39,LAC 利維喜,品牌欄,lac利維喜,lac,利維喜,1288127,lac,,Health,auto,3,True
momo,Health,10542702,LAC 利維喜,【LAC 利維喜】專利葉黃素枸杞膠囊x4入組(共240顆/8倍枸杞/優視/專利FloraGLO/護明),LAC,1288127,98,1.3 品牌欄完全相符,2026-09-21 14:59:39,LAC 利維喜,品牌欄,lac利維喜,lac,利維喜,1288127,lac,,Health,auto,3,True
momo,Health,10545527,LAC 利維喜,【LAC 利維喜】鋅30食品錠x4入組(共400錠/鋅/保護力/幸福關鍵/素食可),LAC,1288127,98,1.3 品牌欄完全相符,2026-09-21 14:59:39,LAC 利維喜,品牌欄,lac利維喜,lac,利維喜,1288127,lac,,Health,auto,3,True
momo,Health,10561077,LAC 利維喜,【LAC 利維喜】優纖伶果凍-蘋果醋口味x嚐仙組(共5包/白腎豆/桑樹葉/苦瓜萃取物/仙女必備),LAC,1288127,98,1.3 品牌欄完全相符,2026-09-21 14:59:39,LAC 利維喜,品牌欄,lac利維喜,lac,利維喜,1288127,lac,,Health,auto,3,True
momo,Health,10679702,LAC 利維喜,【LAC 利維喜】三強頂級魚油膠囊x2入組(共240顆/3倍omega-3/腸溶劑型/全新升級版三效魚油),LAC,1288127,98,1.3 品牌欄完全相符,2026-09-21 14:59:39,LAC 利維喜,品牌欄,lac利維喜,lac,利維喜,1288127,lac,,Health,auto,3,True
momo,Health,10686820,LAC 利維喜,【LAC 利維喜】專利葉黃素枸杞膠囊x6入組(共180顆/複方葉黃素/游離型/晶亮/醫生推薦),LAC,1288127,98,1.3 品牌欄完全相符,2026-09-21 14:59:39,LAC 利維喜,品牌欄,lac利維喜,lac,利維喜,1288127,lac,,Health,auto,3,True
momo,Health,10705836,LAC 利維喜,【LAC 利維喜】維生素D800膠囊x2入組(共120顆/全新升級/維他命D3/保護力/陽光維他命),LAC,1288127,98,1.3 品牌欄完全相符,2026-09-21 14:59:39,LAC 利維喜,品牌欄,lac利維喜,lac,利維喜,1288127,lac,,Health,auto,3,True
momo,Health,10705863,LAC 利維喜,【LAC 利維喜】精胺酸粉末-柑橘口味x2罐組(5000mg/左旋精胺酸/胺基酸/保護力/體力),LAC,1288127,98,1.3 品牌欄完全相符,2026-09-21 14:59:39,LAC 利維喜,品牌欄,lac利維喜,lac,利維喜,1288127,lac,,Health,auto,3,True
momo,Health,10791762,LAC 利維喜,【LAC 利維喜】南瓜籽油膠囊x2入組(共200顆/1000mg/南瓜籽/南瓜子/男性保健),LAC,1288127,98,1.3 品牌欄完全相符,2026-09-21 14:59:39,LAC 利維喜,品牌欄,lac利維喜,lac,利維喜,1288127,lac,,Health,auto,3,True
momo,Health,10955270,LAC 利維喜,【LAC 利維喜】葉酸食品錠x3入組(共300錠/葉酸800mcg/孕養調理/維持好氣色/素食錠劑),LAC,1288127,98,1.3 品牌欄完全相符,2026-09-21 14:59:39,LAC 利維喜,品牌欄,lac利維喜,lac,利維喜,1288127,lac,,Health,auto,3,True
momo,Health,10955271,LAC 利維喜,【LAC 利維喜】肌醇食品錠x3入組(共300錠/500mg/孕養調理),LAC,1288127,98,1.3 品牌欄完全相符,2026-09-21 14:59:39,LAC 利維喜,品牌欄,lac利維喜,lac,利維喜,1288127,lac,,Health,auto,3,True
momo,Health,10973666,LAC 利維喜,【LAC 利維喜】敏力捷Xtra四合一錠x1入組(共90錠/葡萄糖胺/軟骨素/MSM),LAC,1288127,98,1.3 品牌欄完全相符,2026-09-21 14:59:39,LAC 利維喜,品牌欄,lac利維喜,lac,利維喜,1288127,lac,,Health,auto,3,True
momo,Health,10990158,LAC 利維喜,【LAC 利維喜】競能綜合維他命x1入組(共90錠/人蔘/山桑果/專注力UP/電競/手遊/活力動),LAC,1288127,98,1.3 品牌欄完全相符,2026-09-21 14:59:39,LAC 利維喜,品牌欄,lac利維喜,lac,利維喜,1288127,lac,,Health,auto,3,True
momo,Health,11081937,DRX 達特世,【DRX 達特世】活性碳-醫用平面口罩-成人50入/盒,DRX,4556462,85,1.4 品牌欄相符（品牌庫有重複，取業績最高）,2026-09-21 14:59:39,DRX 達特世,品牌欄,drx達特世,drx,達特世,4556462,drx,,Beauty,,3,True
momo,Health,11092357,DRX 達特世,【DRX 達特世】FFP2醫用4D口罩-冰晶白-20入_3盒組(尺寸任選),DRX,4556462,85,1.4 品牌欄相符（品牌庫有重複，取業績最高）,2026-09-21 14:59:39,DRX 達特世,品牌欄,drx達特世,drx,達特世,4556462,drx,,Beauty,,3,True
momo,Health,11092361,DRX 達特世,【DRX 達特世】FFP2醫用4D口罩-冰晶白-20入_5盒組(尺寸任選),DRX,4556462,85,1.4 品牌欄相符（品牌庫有重複，取業績最高）,2026-09-21 14:59:39,DRX 達特世,品牌欄,drx達特世,drx,達特世,4556462,drx,,Beauty,,3,True
momo,Health,11095274,DRX 達特世,【DRX 達特世】活性碳-醫用4D口罩-成人20入/盒,DRX,4556462,85,1.4 品牌欄相符（品牌庫有重複，取業績最高）,2026-09-21 14:59:39,DRX 達特世,品牌欄,drx達特世,drx,達特世,4556462,drx,,Beauty,,3,True
momo,Health,11160170,TS6 護一生,【TS6 護一生】有益菌PLUS+ 1盒 益生菌 排便順暢(60包/盒),TS6,1136012,90,1.3 品牌欄完全相符,2026-09-21 14:59:39,TS6 護一生,品牌欄,ts6護一生,ts6,護一生,1136012,ts6,,Beauty,auto,3,True
momo,Health,11160171,TS6 護一生,【TS6 護一生】益生菌 有益菌PLUS+ 1盒(30包/盒),TS6,1136012,90,1.3 品牌欄完全相符,2026-09-21 14:59:39,TS6 護一生,品牌欄,ts6護一生,ts6,護一生,1136012,ts6,,Beauty,auto,3,True
momo,Health,11172061,TS6 護一生,【TS6 護一生】有益菌PLUS+ 3盒+6包 益生菌 排便順暢(30包/盒),TS6,1136012,90,1.3 品牌欄完全相符,2026-09-21 14:59:39,TS6 護一生,品牌欄,ts6護一生,ts6,護一生,1136012,ts6,,Beauty,auto,3,True
momo,Health,11172062,TS6 護一生,【TS6 護一生】益生菌 有益菌PLUS+ 3盒+18包(60包/盒),TS6,1136012,90,1.3 品牌欄完全相符,2026-09-21 14:59:39,TS6 護一生,品牌欄,ts6護一生,ts6,護一生,1136012,ts6,,Beauty,auto,3,True
momo,Health,11208560,LAC 利維喜,【LAC 利維喜】鎂250食品錠x4入組(共360錠/鎂夢成真/幫助入睡/素食可),LAC,1288127,98,1.3 品牌欄完全相符,2026-09-21 14:59:39,LAC 利維喜,品牌欄,lac利維喜,lac,利維喜,1288127,lac,,Health,auto,3,True
momo,Health,11242008,LAC 利維喜,【LAC 利維喜】活力男用綜合維他命x2入組(共180錠/B群/鋅/BCAA/馬卡/茄紅素),LAC,1288127,98,1.3 品牌欄完全相符,2026-09-21 14:59:39,LAC 利維喜,品牌欄,lac利維喜,lac,利維喜,1288127,lac,,Health,auto,3,True
momo,Health,11288356,,【東京 Ito】自發熱艾草溫灸貼1片(懶人 熱敷 暖身 姨媽貼 艾灸 清濕 保健 母親 父親節),ITO,1216067,85,2.2 由商品名稱【】比對到品牌,2026-09-21 14:59:39,東京 Ito,標題【】,東京ito,ito,東京,1216067,ito,,Beauty,,3,True
momo,Health,11298393,LAC 利維喜,【LAC 利維喜】維生素B12食品錠x3入組(共270錠/1000mcg/素食可/長效型錠劑),LAC,1288127,98,1.3 品牌欄完全相符,2026-09-21 14:59:39,LAC 利維喜,品牌欄,lac利維喜,lac,利維喜,1288127,lac,,Health,auto,3,True
momo,Health,11344434,LAC 利維喜,【LAC 利維喜】蔓越莓甘露糖膠囊x5入組(共300顆/私密呵護/甘露糖/維生素C 淨密),LAC,1288127,98,1.3 品牌欄完全相符,2026-09-21 14:59:39,LAC 利維喜,品牌欄,lac利維喜,lac,利維喜,1288127,lac,,Health,auto,3,True
momo,Health,11369205,,【東京 Ito】仿牛角刮痧板撥筋棒套裝(樹脂 臉拔筋 美容刮痧 眼部 按摩 面部 腿 穴位 舒筋活絡 頸肩),ITO,1216067,85,2.2 由商品名稱【】比對到品牌,2026-09-21 14:59:39,東京 Ito,標題【】,東京ito,ito,東京,1216067,ito,,Beauty,,3,True
momo,Health,11424266,LAC 利維喜,【LAC 利維喜】敏力捷果凍-梅子口味x2盒組(共60包/葡萄糖胺/軟骨素/uc2),LAC,1288127,98,1.3 品牌欄完全相符,2026-09-21 14:59:39,LAC 利維喜,品牌欄,lac利維喜,lac,利維喜,1288127,lac,,Health,auto,3,True
momo,Health,11498723,DRX 達特世,【DRX 達特世】活性碳-醫用平面口罩-成人50入_3盒組,DRX,4556462,85,1.4 品牌欄相符（品牌庫有重複，取業績最高）,2026-09-21 14:59:39,DRX 達特世,品牌欄,drx達特世,drx,達特世,4556462,drx,,Beauty,,3,True
momo,Health,11500200,LAC 利維喜,【LAC 利維喜】百立明粉末-綜合莓果口味x1盒組(共30包/魚油/專利FloraGLO/葉黃素),LAC,1288127,98,1.3 品牌欄完全相符,2026-09-21 14:59:39,LAC 利維喜,品牌欄,lac利維喜,lac,利維喜,1288127,lac,,Health,auto,3,True
momo,Health,11629951,LAC 利維喜,【LAC 利維喜】法國松樹皮新客嚐鮮組(共25錠/葡萄籽/OPCs/黃少祺愛用/青春/花青素),LAC,1288127,98,1.3 品牌欄完全相符,2026-09-21 14:59:39,LAC 利維喜,品牌欄,lac利維喜,lac,利維喜,1288127,lac,,Health,auto,3,True
momo,Health,11717199,LAC 利維喜,【LAC 利維喜】高單位B群50食品錠x1入組(共100錠/保護力/好活力/長效緩釋),LAC,1288127,98,1.3 品牌欄完全相符,2026-09-21 14:59:39,LAC 利維喜,品牌欄,lac利維喜,lac,利維喜,1288127,lac,,Health,auto,3,True
momo,Health,11746434,LAC 利維喜,【LAC 利維喜】高單位B群100食品錠x3入組(共300錠/全新升級/保護力/好活力/必康),LAC,1288127,98,1.3 品牌欄完全相符,2026-09-21 14:59:39,LAC 利維喜,品牌欄,lac利維喜,lac,利維喜,1288127,lac,,Health,auto,3,True
momo,Health,11762521,LAC 利維喜,【LAC 利維喜】競能綜合維他命x2入組(共180錠/人蔘/山桑果/專注力/電競/手遊/工程師),LAC,1288127,98,1.3 品牌欄完全相符,2026-09-21 14:59:39,LAC 利維喜,品牌欄,lac利維喜,lac,利維喜,1288127,lac,,Health,auto,3,True
momo,Health,11769472,DRX 達特世,【DRX 達特世】醫用3D彈力口罩-繽紛系列-兒童/幼幼50入/盒(顏色/尺寸任選),DRX,4556462,85,1.4 品牌欄相符（品牌庫有重複，取業績最高）,2026-09-21 14:59:39,DRX 達特世,品牌欄,drx達特世,drx,達特世,4556462,drx,,Beauty,,3,True
momo,Health,11773264,LAC 利維喜,【LAC 利維喜】敏力捷Xtra四合一食品錠x2入組(共180錠/葡萄糖胺/軟骨素/MSM/送禮),LAC,1288127,98,1.3 品牌欄完全相符,2026-09-21 14:59:39,LAC 利維喜,品牌欄,lac利維喜,lac,利維喜,1288127,lac,,Health,auto,3,True
momo,Health,11776319,LAC 利維喜,【LAC 利維喜】女好運膠囊x1盒組(共120顆/生薑/鐵/山藥/聖潔莓/奶素/孕養調理),LAC,1288127,98,1.3 品牌欄完全相符,2026-09-21 14:59:39,LAC 利維喜,品牌欄,lac利維喜,lac,利維喜,1288127,lac,,Health,auto,3,True
momo,Health,11776320,LAC 利維喜,【LAC 利維喜】男好運膠囊x1盒組(共120顆/人參/馬卡/精胺酸/奶素/孕養調理),LAC,1288127,98,1.3 品牌欄完全相符,2026-09-21 14:59:39,LAC 利維喜,品牌欄,lac利維喜,lac,利維喜,1288127,lac,,Health,auto,3,True
momo,Health,11778962,LAC 利維喜,【LAC 利維喜】女性複方鐵錠x1盒組(共60錠/鐵/B12/葉酸/素食可),LAC,1288127,98,1.3 品牌欄完全相符,2026-09-21 14:59:39,LAC 利維喜,品牌欄,lac利維喜,lac,利維喜,1288127,lac,,Health,auto,3,True
momo,Health,11789600,DRX 達特世,【DRX 達特世】醫用3D彈力口罩-繽紛系列-成人50入/盒(顏色任選),DRX,4556462,85,1.4 品牌欄相符（品牌庫有重複，取業績最高）,2026-09-21 14:59:39,DRX 達特世,品牌欄,drx達特世,drx,達特世,4556462,drx,,Beauty,,3,True
momo,Health,11893747,LAC 利維喜,【LAC 利維喜】攝護康膠囊x1入組(共60顆/南瓜籽/植物固醇/茄紅素/男性私密/素食可),LAC,1288127,98,1.3 品牌欄完全相符,2026-09-21 14:59:39,LAC 利維喜,品牌欄,lac利維喜,lac,利維喜,1288127,lac,,Health,auto,3,True
momo,Health,11911862,LAC 利維喜,【LAC 利維喜】百立明粉末-綜合莓果口味x3盒組(共90包/優視/專利FloraGLO/護明),LAC,1288127,98,1.3 品牌欄完全相符,2026-09-21 14:59:39,LAC 利維喜,品牌欄,lac利維喜,lac,利維喜,1288127,lac,,Health,auto,3,True
momo,Health,11917064,LAC 利維喜,【LAC 利維喜】鎂250食品錠x8入組(共720錠/鎂夢成真/幫助入睡/素食可),LAC,1288127,98,1.3 品牌欄完全相符,2026-09-21 14:59:39,LAC 利維喜,品牌欄,lac利維喜,lac,利維喜,1288127,lac,,Health,auto,3,True
momo,Health,11930757,LAC 利維喜,【LAC 利維喜】敏力捷Xtra四合一食品錠x4入組(共360錠/葡萄糖胺/軟骨素/MSM),LAC,1288127,98,1.3 品牌欄完全相符,2026-09-21 14:59:39,LAC 利維喜,品牌欄,lac利維喜,lac,利維喜,1288127,lac,,Health,auto,3,True
momo,Health,11940151,LAC 利維喜,【LAC 利維喜】美佳男用綜合維他命x2入組(共180錠/鋅/魚油/精胺酸/南非醉茄),LAC,1288127,98,1.3 品牌欄完全相符,2026-09-21 14:59:39,LAC 利維喜,品牌欄,lac利維喜,lac,利維喜,1288127,lac,,Health,auto,3,True
momo,Health,11940152,LAC 利維喜,【LAC 利維喜】美佳女用綜合維他命x2入組(共180錠/鐵/鈣/維他命D/玻尿酸),LAC,1288127,98,1.3 品牌欄完全相符,2026-09-21 14:59:39,LAC 利維喜,品牌欄,lac利維喜,lac,利維喜,1288127,lac,,Health,auto,3,True
momo,Health,11940153,LAC 利維喜,【LAC 利維喜】美佳女用+美佳男用綜合維他命(共180錠/綜合維生素/送禮),LAC,1288127,98,1.3 品牌欄完全相符,2026-09-21 14:59:39,LAC 利維喜,品牌欄,lac利維喜,lac,利維喜,1288127,lac,,Health,auto,3,True
momo,Health,11940263,LAC 利維喜,【LAC 利維喜】活力女用綜合維他命x2入組(共180錠/B群/鈣/維他命D/鐵/葉黃素/蔓越莓),LAC,1288127,98,1.3 品牌欄完全相符,2026-09-21 14:59:39,LAC 利維喜,品牌欄,lac利維喜,lac,利維喜,1288127,lac,,Health,auto,3,True
momo,Health,11940431,LAC 利維喜,【LAC 利維喜】活力女用+活力男用綜合維他命(共180錠/全新升級/綜合維生素/B群),LAC,1288127,98,1.3 品牌欄完全相符,2026-09-21 14:59:39,LAC 利維喜,品牌欄,lac利維喜,lac,利維喜,1288127,lac,,Health,auto,3,True
momo,Health,11940432,LAC 利維喜,【LAC 利維喜】銀寶美佳女用綜合維他命x2入組(共120錠/50+適用/玻尿酸/金盞花/魚油/蔓越莓/送禮),LAC,1288127,98,1.3 品牌欄完全相符,2026-09-21 14:59:39,LAC 利維喜,品牌欄,lac利維喜,lac,利維喜,1288127,lac,,Health,auto,3,True
momo,Health,11940433,LAC 利維喜,【LAC 利維喜】銀寶美佳男用綜合維他命x2入組(共120錠/50+適用/精胺酸/B群/鋅/茄紅素/南瓜籽),LAC,1288127,98,1.3 品牌欄完全相符,2026-09-21 14:59:39,LAC 利維喜,品牌欄,lac利維喜,lac,利維喜,1288127,lac,,Health,auto,3,True
momo,Health,11940434,LAC 利維喜,【LAC 利維喜】銀寶美佳女用+銀寶美佳男用綜合維他命(共120錠/綜合維生素/送禮),LAC,1288127,98,1.3 品牌欄完全相符,2026-09-21 14:59:39,LAC 利維喜,品牌欄,lac利維喜,lac,利維喜,1288127,lac,,Health,auto,3,True
momo,Health,11941199,LAC 利維喜,【LAC 利維喜】三強頂級魚油膠囊x2入組(共240顆/DHA/EPA/高濃度魚油/Omega-3高濃度85%),LAC,1288127,98,1.3 品牌欄完全相符,2026-09-21 14:59:39,LAC 利維喜,品牌欄,lac利維喜,lac,利維喜,1288127,lac,,Health,auto,3,True
momo,Health,11982265,LAC 利維喜,【LAC 利維喜】幸運計劃通-男好運+女好運(共240顆/葉酸/精胺酸/孕養調理),LAC,1288127,98,1.3 品牌欄完全相符,2026-09-21 14:59:39,LAC 利維喜,品牌欄,lac利維喜,lac,利維喜,1288127,lac,,Health,auto,3,True
momo,Health,11995422,LAC 利維喜,【LAC 利維喜】緩釋C500食品錠x3入組(共270錠/保護力/維他命C/天然玫瑰果/素食可.通勤必備),LAC,1288127,98,1.3 品牌欄完全相符,2026-09-21 14:59:39,LAC 利維喜,品牌欄,lac利維喜,lac,利維喜,1288127,lac,,Health,auto,3,True
momo,Health,12001802,LAC 利維喜,【LAC 利維喜】藻油DHA膠囊x2入組(共120顆/DHA200mg/植物性DHA/全孕期適用),LAC,1288127,98,1.3 品牌欄完全相符,2026-09-21 14:59:39,LAC 利維喜,品牌欄,lac利維喜,lac,利維喜,1288127,lac,,Health,auto,3,True
momo,Health,12001803,LAC 利維喜,【LAC 利維喜】輔酵素Q10膠囊x2入組(共120顆/凝時核心/美激能量/輔酉每q10),LAC,1288127,98,1.3 品牌欄完全相符,2026-09-21 14:59:39,LAC 利維喜,品牌欄,lac利維喜,lac,利維喜,1288127,lac,,Health,auto,3,True
momo,Health,12001804,LAC 利維喜,【LAC 利維喜】葉酸800食品錠x2入組(共200錠/葉酸800mcg/孕養調理/維持好氣色/素食錠劑),LAC,1288127,98,1.3 品牌欄完全相符,2026-09-21 14:59:39,LAC 利維喜,品牌欄,lac利維喜,lac,利維喜,1288127,lac,,Health,auto,3,True
momo,Health,12001987,LAC 利維喜,【LAC 利維喜】優鎂鈣800食品錠240錠+120錠(共360錠/維他命D/檸檬蘋果酸鈣800),LAC,1288127,98,1.3 品牌欄完全相符,2026-09-21 14:59:39,LAC 利維喜,品牌欄,lac利維喜,lac,利維喜,1288127,lac,,Health,auto,3,True
momo,Health,12114922,LAC 利維喜,【LAC 利維喜】女性複方蔓越莓粉x1盒組(共20包/私密呵護/蔓越莓益生菌/素食可/花青素),LAC,1288127,98,1.3 品牌欄完全相符,2026-09-21 14:59:39,LAC 利維喜,品牌欄,lac利維喜,lac,利維喜,1288127,lac,,Health,auto,3,True
momo,Health,12126747,DRX 達特世,【DRX 達特世】TN95醫用4D口罩-馬卡龍四色-成人20入_3盒組,DRX,4556462,85,1.4 品牌欄相符（品牌庫有重複，取業績最高）,2026-09-21 14:59:39,DRX 達特世,品牌欄,drx達特世,drx,達特世,4556462,drx,,Beauty,,3,True
momo,Health,12131676,DRX 達特世,【DRX 達特世】TN95醫用4D口罩-冰晶白-成人20入_3盒組,DRX,4556462,85,1.4 品牌欄相符（品牌庫有重複，取業績最高）,2026-09-21 14:59:39,DRX 達特世,品牌欄,drx達特世,drx,達特世,4556462,drx,,Beauty,,3,True
momo,Health,12161071,DRX 達特世,【DRX 達特世】TN95醫用3D口罩-20入(顏色/尺寸任選),DRX,4556462,85,1.4 品牌欄相符（品牌庫有重複，取業績最高）,2026-09-21 14:59:39,DRX 達特世,品牌欄,drx達特世,drx,達特世,4556462,drx,,Beauty,,3,True
momo,Health,12192326,GNC 健安喜,【GNC 健安喜】薑黃500膠囊食品 100粒/瓶(維持能量正常代謝/滋補強身必備),GNC,3495165,98,1.3 品牌欄完全相符,2026-09-21 14:59:39,GNC 健安喜,品牌欄,gnc健安喜,gnc,健安喜,3495165,gnc,,Health,auto,3,True
momo,Health,12192327,GNC 健安喜,【GNC 健安喜】馬卡525膠囊食品 100粒/瓶(增強體力/調節生理機能),GNC,3495165,98,1.3 品牌欄完全相符,2026-09-21 14:59:39,GNC 健安喜,品牌欄,gnc健安喜,gnc,健安喜,3495165,gnc,,Health,auto,3,True
momo,Health,12193580,GNC 健安喜,即期品【GNC 健安喜】固敏捷食品錠 120錠/瓶(四效合一關鍵配方/滑順不卡關/行動靈活又俐落),GNC,3495165,98,1.3 品牌欄完全相符,2026-09-21 14:59:39,GNC 健安喜,品牌欄,gnc健安喜,gnc,健安喜,3495165,gnc,,Health,auto,3,True
momo,Health,12209944,GNC 健安喜,【GNC 健安喜】檸檬酸鈣1000食品錠 180錠/瓶(高吸收/不刺激/好吞服/骨骼牙齒健康/幫助凝血/幫助入睡/熟齡),GNC,3495165,98,1.3 品牌欄完全相符,2026-09-21 14:59:39,GNC 健安喜,品牌欄,gnc健安喜,gnc,健安喜,3495165,gnc,,Health,auto,3,True
momo,Health,12214563,GNC 健安喜,【GNC 健安喜】葉酸400食品錠 100錠/瓶(活性葉酸/備孕/孕婦孕養調理/B9/養顏美容/胎兒正常發育生長),GNC,3495165,98,1.3 品牌欄完全相符,2026-09-21 14:59:39,GNC 健安喜,品牌欄,gnc健安喜,gnc,健安喜,3495165,gnc,,Health,auto,3,True
momo,Health,12216277,GNC 健安喜,【GNC 健安喜】鎂250食品錠 90錠/瓶(氧化鎂/骨骼健康/牙齒健康/幫助入睡/幫助醣類代謝),GNC,3495165,98,1.3 品牌欄完全相符,2026-09-21 14:59:39,GNC 健安喜,品牌欄,gnc健安喜,gnc,健安喜,3495165,gnc,,Health,auto,3,True
momo,Health,12216278,GNC 健安喜,【GNC 健安喜】左旋精胺酸500膠囊食品 90粒/瓶(促進新陳代謝/增強體力/精神旺盛),GNC,3495165,98,1.3 品牌欄完全相符,2026-09-21 14:59:39,GNC 健安喜,品牌欄,gnc健安喜,gnc,健安喜,3495165,gnc,,Health,auto,3,True
momo,Health,12216280,GNC 健安喜,【GNC 健安喜】左旋精胺酸1000膠囊食品 90粒/瓶(促進新陳代謝/增強體力/精神旺盛),GNC,3495165,98,1.3 品牌欄完全相符,2026-09-21 14:59:39,GNC 健安喜,品牌欄,gnc健安喜,gnc,健安喜,3495165,gnc,,Health,auto,3,True
momo,Health,12216285,GNC 健安喜,【GNC 健安喜】鎂500膠囊食品120粒/瓶(氧化鎂/幫助入睡放鬆/骨骼發育/助心臟 肌肉 神經 醣類代謝正常功能),GNC,3495165,98,1.3 品牌欄完全相符,2026-09-21 14:59:39,GNC 健安喜,品牌欄,gnc健安喜,gnc,健安喜,3495165,gnc,,Health,auto,3,True
momo,Health,12242212,GNC 健安喜,【GNC 健安喜】維生素 B-12 500食品錠 100粒/瓶(純素/增進神經系統健康/氣色紅潤/助於紅血球形成/穩定思緒),GNC,3495165,98,1.3 品牌欄完全相符,2026-09-21 14:59:39,GNC 健安喜,品牌欄,gnc健安喜,gnc,健安喜,3495165,gnc,,Health,auto,3,True
momo,Health,12244358,GNC 健安喜,即期品【GNC 健安喜】肌醇 500食品錠 100粒/瓶(純素/備孕營養素/孕前必備/調整孕前體質/迎接好孕),GNC,3495165,98,1.3 品牌欄完全相符,2026-09-21 14:59:39,GNC 健安喜,品牌欄,gnc健安喜,gnc,健安喜,3495165,gnc,,Health,auto,3,True
momo,Health,12259102,LAC 利維喜,【LAC 利維喜】DHA600魚油膠囊x1入組(共60顆/DHA/思緒靈活/孕媽咪指定),LAC,1288127,98,1.3 品牌欄完全相符,2026-09-21 14:59:39,LAC 利維喜,品牌欄,lac利維喜,lac,利維喜,1288127,lac,,Health,auto,3,True
momo,Health,12261703,LAC 利維喜,【LAC 利維喜】專利UC-II敏捷靈-檸檬口味x1盒組(共30包/薑黃/鳳梨酵素/黑胡椒/葡萄籽),LAC,1288127,98,1.3 品牌欄完全相符,2026-09-21 14:59:39,LAC 利維喜,品牌欄,lac利維喜,lac,利維喜,1288127,lac,,Health,auto,3,True
momo,Health,12275780,DRX 達特世,【DRX 達特世】TN95醫用3D口罩-20入_3盒組(顏色/尺寸任選),DRX,4556462,85,1.4 品牌欄相符（品牌庫有重複，取業績最高）,2026-09-21 14:59:39,DRX 達特世,品牌欄,drx達特世,drx,達特世,4556462,drx,,Beauty,,3,True
momo,Health,12479417,TS6 護一生,【TS6】美莓優菌C PLUS+ 3盒 蔓越莓 D-甘露糖 女性私密保健(60顆/盒 口嚼錠),TS6,1136012,90,1.3 品牌欄完全相符,2026-09-21 14:59:39,TS6 護一生,品牌欄,ts6護一生,ts6,護一生,1136012,ts6,,Beauty,auto,3,True
momo,Health,12500383,LAC 利維喜,【LAC 利維喜】精胺酸粉末-柑橘口味x4罐組(5000mg/左旋精胺酸/胺基酸/保護力/體力),LAC,1288127,98,1.3 品牌欄完全相符,2026-09-21 14:59:39,LAC 利維喜,品牌欄,lac利維喜,lac,利維喜,1288127,lac,,Health,auto,3,True
momo,Health,12547670,JS 珠驤,即期品【珠驤保健】順保捷膜衣錠2盒組(一盒30顆 10 in 1專利成分 非變性二型膠原蛋白 專利膜衣好吞嚥 靈活,JS,5712923,59,1.4 品牌欄相符（品牌庫有重複，取業績最高）,2026-09-21 14:59:39,JS 珠驤,品牌欄,js珠驤,js,珠驤,5712923,js,,Home & Living,,2,True
momo,Health,12547672,JS 珠驤,即期品【珠驤保健】順保捷膜衣錠3盒組(一盒30顆 10 in 1專利成分 非變性二型膠原蛋白 專利膜衣好吞嚥 靈活,JS,5712923,59,1.4 品牌欄相符（品牌庫有重複，取業績最高）,2026-09-21 14:59:39,JS 珠驤,品牌欄,js珠驤,js,珠驤,5712923,js,,Home & Living,,2,True
momo,Health,12556102,GNC 健安喜,【GNC 健安喜】大豆異黃酮膠囊食品 90粒/瓶(植物性雌激素/幫助入睡/更年期保養/熟齡/非基改/美國原裝),GNC,3495165,98,1.3 品牌欄完全相符,2026-09-21 14:59:39,GNC 健安喜,品牌欄,gnc健安喜,gnc,健安喜,3495165,gnc,,Health,auto,3,True
momo,Health,12599058,GNC 健安喜,【GNC 健安喜】白腎豆膠囊食品 120粒/瓶(促進代謝),GNC,3495165,98,1.3 品牌欄完全相符,2026-09-21 14:59:39,GNC 健安喜,品牌欄,gnc健安喜,gnc,健安喜,3495165,gnc,,Health,auto,3,True
momo,Health,12608387,GNC 健安喜,【GNC 健安喜】蔓越莓膠囊食品 60粒/瓶(蔓越莓濃縮粉/維生素C/D-甘露糖/原花青素/女性私密呵護),GNC,3495165,98,1.3 品牌欄完全相符,2026-09-21 14:59:39,GNC 健安喜,品牌欄,gnc健安喜,gnc,健安喜,3495165,gnc,,Health,auto,3,True
momo,Health,12615423,GNC 健安喜,【GNC 健安喜】紅景天340膠囊 100粒 (3% Rosavins/登山/高山/精神旺盛/上班族保健/純素),GNC,3495165,98,1.3 品牌欄完全相符,2026-09-21 14:59:39,GNC 健安喜,品牌欄,gnc健安喜,gnc,健安喜,3495165,gnc,,Health,auto,3,True
momo,Health,12615424,GNC 健安喜,【GNC 健安喜】三倍魚油DHA迷你軟膠囊 90粒/瓶(DHA/Omega3/維生素E/滋潤晶亮/靈活反應力/思緒清晰),GNC,3495165,98,1.3 品牌欄完全相符,2026-09-21 14:59:39,GNC 健安喜,品牌欄,gnc健安喜,gnc,健安喜,3495165,gnc,,Health,auto,3,True
momo,Health,12615425,GNC 健安喜,【GNC 健安喜】三倍魚油迷你軟膠囊60粒/瓶(93%超高濃度/EPA+DHA/無腥味/Omega-3/好吞/循環吸收),GNC,3495165,98,1.3 品牌欄完全相符,2026-09-21 14:59:39,GNC 健安喜,品牌欄,gnc健安喜,gnc,健安喜,3495165,gnc,,Health,auto,3,True
momo,Health,12638229,GNC 健安喜,【GNC 健安喜】女性綜合維生素食品錠60錠(高單位B群/玻尿酸前驅物/蔓越莓 葡萄籽萃取物/鐵/熟齡上班族),GNC,3495165,98,1.3 品牌欄完全相符,2026-09-21 14:59:39,GNC 健安喜,品牌欄,gnc健安喜,gnc,健安喜,3495165,gnc,,Health,auto,3,True
momo,Health,12638230,GNC 健安喜,【GNC 健安喜】維生素B群50食品錠 60錠/瓶(完整10種綜合B群/牛磺酸/長效釋放持續充電),GNC,3495165,98,1.3 品牌欄完全相符,2026-09-21 14:59:39,GNC 健安喜,品牌欄,gnc健安喜,gnc,健安喜,3495165,gnc,,Health,auto,3,True
momo,Health,12660662,GNC 健安喜,【GNC 健安喜】男性綜合維生素食品錠 60錠(高單位B群/增強體力/鋅/精胺酸/南瓜籽 番茄萃取物/上班族/熟齡),GNC,3495165,98,1.3 品牌欄完全相符,2026-09-21 14:59:39,GNC 健安喜,品牌欄,gnc健安喜,gnc,健安喜,3495165,gnc,,Health,auto,3,True
momo,Health,12692486,GNC 健安喜,【GNC 健安喜】極緻膠原蛋白飲10瓶/盒(魚膠原/5000mg/500Da小分子/玻尿酸/美顏熟齡/雪蓮精華/多國專利),GNC,3495165,98,1.3 品牌欄完全相符,2026-09-21 14:59:39,GNC 健安喜,品牌欄,gnc健安喜,gnc,健安喜,3495165,gnc,,Health,auto,3,True
momo,Health,12711269,LAC 利維喜,【LAC 利維喜】法國松樹皮超級寵愛組(共600錠/葡萄籽/OPCs/高單位松樹皮/青春/花青素),LAC,1288127,98,1.3 品牌欄完全相符,2026-09-21 14:59:39,LAC 利維喜,品牌欄,lac利維喜,lac,利維喜,1288127,lac,,Health,auto,3,True
momo,Health,12729371,LAC 利維喜,【LAC 利維喜】益菌群50B膠囊x1入組(共30顆/500億益生菌/乳酸菌/益菌生/果寡糖/醫生推薦),LAC,1288127,98,1.3 品牌欄完全相符,2026-09-21 14:59:39,LAC 利維喜,品牌欄,lac利維喜,lac,利維喜,1288127,lac,,Health,auto,3,True
momo,Health,12729656,LAC 利維喜,【LAC 利維喜】回原膠原蛋白飲50ml-香橙口味x8盒組(共64瓶/胎盤素/Q10/膠原飲/小棕瓶.水光QQ),LAC,1288127,98,1.3 品牌欄完全相符,2026-09-21 14:59:39,LAC 利維喜,品牌欄,lac利維喜,lac,利維喜,1288127,lac,,Health,auto,3,True
momo,Health,12762137,JS 珠驤,【JS 珠驤】飛燕明軟膠囊(60顆/盒-專利智利酒果萃取、專利金盞草萃取 明汪養分),JS,5712923,59,1.4 品牌欄相符（品牌庫有重複，取業績最高）,2026-09-21 14:59:39,JS 珠驤,品牌欄,js珠驤,js,珠驤,5712923,js,,Home & Living,,2,True
momo,Health,12766889,GNC 健安喜,【GNC 健安喜】三倍魚油迷你軟膠囊 120粒/瓶(93%超高濃度/EPA+DHA/無腥味/Omega-3/好吞/循環吸收),GNC,3495165,98,1.3 品牌欄完全相符,2026-09-21 14:59:39,GNC 健安喜,品牌欄,gnc健安喜,gnc,健安喜,3495165,gnc,,Health,auto,3,True
momo,Health,12770391,LAC 利維喜,【LAC 利維喜】專利UC-II敏捷靈-檸檬口味x3盒組(共90包/薑黃/鳳梨酵素/黑胡椒/葡萄籽),LAC,1288127,98,1.3 品牌欄完全相符,2026-09-21 14:59:39,LAC 利維喜,品牌欄,lac利維喜,lac,利維喜,1288127,lac,,Health,auto,3,True
momo,Health,12784467,LAC 利維喜,【LAC 利維喜】活性納豆紅麴Q10膠囊x5盒組(共300顆/納麴/降膽固醇/調節血脂/大紅麴),LAC,1288127,98,1.3 品牌欄完全相符,2026-09-21 14:59:39,LAC 利維喜,品牌欄,lac利維喜,lac,利維喜,1288127,lac,,Health,auto,3,True
momo,Health,12898160,JS 珠驤,【JS 珠驤】飛燕明軟膠囊2盒組(60顆/盒-專利智利酒果萃取、專利金盞草萃取 明汪養分),JS,5712923,59,1.4 品牌欄相符（品牌庫有重複，取業績最高）,2026-09-21 14:59:39,JS 珠驤,品牌欄,js珠驤,js,珠驤,5712923,js,,Home & Living,,2,True
momo,Health,12898161,JS 珠驤,【JS 珠驤】飛燕明軟膠囊3盒組(60顆/盒-專利智利酒果萃取、專利金盞草萃取 明汪養分),JS,5712923,59,1.4 品牌欄相符（品牌庫有重複，取業績最高）,2026-09-21 14:59:39,JS 珠驤,品牌欄,js珠驤,js,珠驤,5712923,js,,Home & Living,,2,True
momo,Health,12953470,TS6 護一生,【TS6 護一生】美莓亮妍粉30入x2+潔淨慕斯加護型100g(蔓越莓 益生菌 女性雙重保健),TS6,1136012,90,1.3 品牌欄完全相符,2026-09-21 14:59:39,TS6 護一生,品牌欄,ts6護一生,ts6,護一生,1136012,ts6,,Beauty,auto,3,True
momo,Health,12972214,GNC 健安喜,【GNC 健安喜】黑種草油軟膠囊食品 90粒/瓶(Omega9/Omega6/調節生理機能/促進新陳代謝/優質草本油脂),GNC,3495165,98,1.3 品牌欄完全相符,2026-09-21 14:59:39,GNC 健安喜,品牌欄,gnc健安喜,gnc,健安喜,3495165,gnc,,Health,auto,3,True
momo,Health,12986520,GNC 健安喜,【GNC 健安喜】維生素C 1000緩釋食品錠 90錠/瓶(純素/柑橘生物類黃酮/抗氧化/幫助膠原蛋白合成/幫助鐵吸收),GNC,3495165,98,1.3 品牌欄完全相符,2026-09-21 14:59:39,GNC 健安喜,品牌欄,gnc健安喜,gnc,健安喜,3495165,gnc,,Health,auto,3,True
momo,Health,12996084,GNC 健安喜,【GNC 健安喜】南瓜籽油膠囊食品 100粒/瓶 (1000毫克/南瓜籽/南瓜子/調節私密機能/男性保健),GNC,3495165,98,1.3 品牌欄完全相符,2026-09-21 14:59:39,GNC 健安喜,品牌欄,gnc健安喜,gnc,健安喜,3495165,gnc,,Health,auto,3,True
momo,Health,13020901,GNC 健安喜,【GNC 健安喜】葉黃素複方膠囊食品 30粒/盒(游離型葉黃素＋玉米黃素＋專利蝦紅素＋山桑子｜葉黃素推薦),GNC,3495165,98,1.3 品牌欄完全相符,2026-09-21 14:59:39,GNC 健安喜,品牌欄,gnc健安喜,gnc,健安喜,3495165,gnc,,Health,auto,3,True
momo,Health,13054402,DRX 達特世,【DRX 達特世】醫用3D ULTRA口罩-成人10入(顏色任選),DRX,4556462,85,1.4 品牌欄相符（品牌庫有重複，取業績最高）,2026-09-21 14:59:39,DRX 達特世,品牌欄,drx達特世,drx,達特世,4556462,drx,,Beauty,,3,True
momo,Health,13142742,DRX 達特世,【DRX 達特世】醫用3D ULTRA口罩-成人20入(超透氣/小臉/小V臉),DRX,4556462,85,1.4 品牌欄相符（品牌庫有重複，取業績最高）,2026-09-21 14:59:39,DRX 達特世,品牌欄,drx達特世,drx,達特世,4556462,drx,,Beauty,,3,True
momo,Health,13169251,LAC 利維喜,【LAC 利維喜】L.Pro利普能膠囊x8盒組(共640顆/薑黃/山楂/荷葉/素食可),LAC,1288127,98,1.3 品牌欄完全相符,2026-09-21 14:59:39,LAC 利維喜,品牌欄,lac利維喜,lac,利維喜,1288127,lac,,Health,auto,3,True
momo,Health,13197697,LAC 利維喜,【LAC 利維喜】專利葉黃素枸杞膠囊x12入組(共360顆/複方葉黃素/游離型/3C族必備),LAC,1288127,98,1.3 品牌欄完全相符,2026-09-21 14:59:39,LAC 利維喜,品牌欄,lac利維喜,lac,利維喜,1288127,lac,,Health,auto,3,True
momo,Health,13240473,LAC 利維喜,【LAC 利維喜】三強頂級魚油膠囊x1入組(共60顆/高濃度魚油/Omega-3高濃度85%),LAC,1288127,98,1.3 品牌欄完全相符,2026-09-21 14:59:39,LAC 利維喜,品牌欄,lac利維喜,lac,利維喜,1288127,lac,,Health,auto,3,True
momo,Health,13301696,GNC 健安喜,【GNC 健安喜】男性綜合維生素食品錠 60錠/盒x2入組(高單位B群/增強體力/鋅/精胺酸/南瓜籽萃取物/上班族)),GNC,3495165,98,1.3 品牌欄完全相符,2026-09-21 14:59:39,GNC 健安喜,品牌欄,gnc健安喜,gnc,健安喜,3495165,gnc,,Health,auto,3,True
momo,Health,13385762,LAC 利維喜,【LAC 利維喜】護攝食品錠x2入組(共180錠/南瓜籽/蕁麻/茄紅素/男性私密/素食可),LAC,1288127,98,1.3 品牌欄完全相符,2026-09-21 14:59:39,LAC 利維喜,品牌欄,lac利維喜,lac,利維喜,1288127,lac,,Health,auto,3,True
momo,Health,13417592,LAC 利維喜,【LAC 利維喜】婦寶樂孕婦綜合維他命x2入組(共240錠/葉酸/鐵質/鈣質/維他命D),LAC,1288127,98,1.3 品牌欄完全相符,2026-09-21 14:59:39,LAC 利維喜,品牌欄,lac利維喜,lac,利維喜,1288127,lac,,Health,auto,3,True
momo,Health,13458454,LAC 利維喜,【LAC 利維喜】南非醉茄膠囊x1入組(共60顆/舒眠放鬆/男性備孕/素食可),LAC,1288127,98,1.3 品牌欄完全相符,2026-09-21 14:59:39,LAC 利維喜,品牌欄,lac利維喜,lac,利維喜,1288127,lac,,Health,auto,3,True
momo,Health,13458455,LAC 利維喜,【LAC 利維喜】NMN滋森法膠原飲-烏梅口味x1入組(共15包/膠原蛋白/酵母鋅/白首烏/黑芝麻/生物素),LAC,1288127,98,1.3 品牌欄完全相符,2026-09-21 14:59:39,LAC 利維喜,品牌欄,lac利維喜,lac,利維喜,1288127,lac,,Health,auto,3,True
momo,Health,13560712,LAC 利維喜,【LAC 利維喜】南非醉茄膠囊x2入組(共120顆/南非睡茄/舒眠放鬆/男性必備/素食可),LAC,1288127,98,1.3 品牌欄完全相符,2026-09-21 14:59:39,LAC 利維喜,品牌欄,lac利維喜,lac,利維喜,1288127,lac,,Health,auto,3,True
momo,Health,13630611,LAC 利維喜,【LAC 利維喜】攝護康膠囊x2入組(共120顆/南瓜籽/植物固醇/茄紅素/男性私密/素食可),LAC,1288127,98,1.3 品牌欄完全相符,2026-09-21 14:59:39,LAC 利維喜,品牌欄,lac利維喜,lac,利維喜,1288127,lac,,Health,auto,3,True
momo,Health,13630612,LAC 利維喜,【LAC 利維喜】紅茄膠囊x2入組(共120顆/全新升級/蕃茄紅素/私密呵護/男性保健),LAC,1288127,98,1.3 品牌欄完全相符,2026-09-21 14:59:39,LAC 利維喜,品牌欄,lac利維喜,lac,利維喜,1288127,lac,,Health,auto,3,True
momo,Health,13646632,JUN 郡昱,【JUN 郡昱】成人滿版平面醫療口罩50入/盒-百搭色系(台灣製造 三層防護 滿版口罩),jun,3510279,90,1.3 品牌欄完全相符,2026-09-21 14:59:39,JUN 郡昱,品牌欄,jun郡昱,jun,郡昱,3510279,jun,,Home & Living,auto,3,True
momo,Health,13648055,GNC 健安喜,【GNC 健安喜】鎂250食品錠 90錠/瓶x4入組(氧化鎂/骨骼健康/牙齒健康/幫助入睡/幫助醣類代謝),GNC,3495165,98,1.3 品牌欄完全相符,2026-09-21 14:59:39,GNC 健安喜,品牌欄,gnc健安喜,gnc,健安喜,3495165,gnc,,Health,auto,3,True
momo,Health,13648769,GNC 健安喜,【GNC 健安喜】葉酸400食品錠 100錠/瓶x4入組(活性葉酸/備孕/孕婦孕養調理/B9/養顏美容/胎兒正常發育生長),GNC,3495165,98,1.3 品牌欄完全相符,2026-09-21 14:59:39,GNC 健安喜,品牌欄,gnc健安喜,gnc,健安喜,3495165,gnc,,Health,auto,3,True
momo,Health,13650453,GNC 健安喜,【GNC 健安喜】女性綜合維生素食品錠 60錠/盒x4入組(蔓越莓萃取物/玻尿酸前驅物/葡萄籽萃取物/鐵),GNC,3495165,98,1.3 品牌欄完全相符,2026-09-21 14:59:39,GNC 健安喜,品牌欄,gnc健安喜,gnc,健安喜,3495165,gnc,,Health,auto,3,True
momo,Health,13650454,GNC 健安喜,【GNC 健安喜】男性綜合維生素食品錠 60錠/盒x2入組(高單位B群/增強體力/鋅/精胺酸/南瓜籽萃取物/上班族),GNC,3495165,98,1.3 品牌欄完全相符,2026-09-21 14:59:39,GNC 健安喜,品牌欄,gnc健安喜,gnc,健安喜,3495165,gnc,,Health,auto,3,True
momo,Health,13650455,GNC 健安喜,【GNC 健安喜】男性綜合維生素食品錠 60錠/盒x4入組(精胺酸/鋅/南瓜籽萃取物/番茄萃取物),GNC,3495165,98,1.3 品牌欄完全相符,2026-09-21 14:59:39,GNC 健安喜,品牌欄,gnc健安喜,gnc,健安喜,3495165,gnc,,Health,auto,3,True
momo,Health,13670442,GNC 健安喜,【GNC 健安喜】三倍魚油迷你軟膠囊 60粒/瓶x2入組(93%超高濃度/EPA+DHA/無腥味/Omega-3/好吞/循環吸收),GNC,3495165,98,1.3 品牌欄完全相符,2026-09-21 14:59:39,GNC 健安喜,品牌欄,gnc健安喜,gnc,健安喜,3495165,gnc,,Health,auto,3,True
momo,Health,13670446,GNC 健安喜,【GNC 健安喜】三倍魚油迷你軟膠囊 120粒/瓶x2入組(EPA/DHA/Omega3/腸溶劑型),GNC,3495165,98,1.3 品牌欄完全相符,2026-09-21 14:59:39,GNC 健安喜,品牌欄,gnc健安喜,gnc,健安喜,3495165,gnc,,Health,auto,3,True
momo,Health,13692644,GNC 健安喜,【GNC 健安喜】捷動雞胸軟骨UC2食品錠 120錠/瓶(六效合一捷動配方/全方位守護關鍵營養/增強活動力舒適有感),GNC,3495165,98,1.3 品牌欄完全相符,2026-09-21 14:59:39,GNC 健安喜,品牌欄,gnc健安喜,gnc,健安喜,3495165,gnc,,Health,auto,3,True
momo,Health,13723414,LAC 利維喜,【LAC 利維喜】緩釋C500食品錠x1入組(共90錠/保護力/維他命C/天然玫瑰果/素食可),LAC,1288127,98,1.3 品牌欄完全相符,2026-09-21 14:59:39,LAC 利維喜,品牌欄,lac利維喜,lac,利維喜,1288127,lac,,Health,auto,3,True
momo,Health,13759644,GNC 健安喜,即期品【GNC 健安喜】藤黃果食品錠(60粒/瓶),GNC,3495165,98,1.3 品牌欄完全相符,2026-09-21 14:59:39,GNC 健安喜,品牌欄,gnc健安喜,gnc,健安喜,3495165,gnc,,Health,auto,3,True
momo,Health,13830430,JUN 郡昱,【JUN 郡昱】成人L立體3D口罩 顏色任選 30入/盒,jun,3510279,90,1.3 品牌欄完全相符,2026-09-21 14:59:39,JUN 郡昱,品牌欄,jun郡昱,jun,郡昱,3510279,jun,,Home & Living,auto,3,True
momo,Health,13861076,NOW 娜奧,【NOW 娜奧】L-精氨酸 500mg 100顆(精胺酸),NOW,2387626,93,1.4 品牌欄相符（品牌庫有重複，取業績最高）,2026-09-21 14:59:39,NOW 娜奧,品牌欄,now娜奧,now,娜奧,2387626,now,,Health,auto,3,True
momo,Health,13868139,NOW 娜奧,【NOW 娜奧】L-精氨酸 500mg 100顆*2入(精胺酸),NOW,2387626,93,1.4 品牌欄相符（品牌庫有重複，取業績最高）,2026-09-21 14:59:39,NOW 娜奧,品牌欄,now娜奧,now,娜奧,2387626,now,,Health,auto,3,True
momo,Health,13868554,GNC 健安喜,即期品【GNC 健安喜】佳倍鈣粉 30包/盒(檸檬酸鈣/海藻鈣/植物來源維生素D3/納豆菌萃取物),GNC,3495165,98,1.3 品牌欄完全相符,2026-09-21 14:59:39,GNC 健安喜,品牌欄,gnc健安喜,gnc,健安喜,3495165,gnc,,Health,auto,3,True
momo,Health,13883344,LAC 利維喜,【LAC 利維喜】益菌群100B膠囊x1入組(共30顆/1000億益生菌/順暢有感/果寡糖/醫生推薦),LAC,1288127,98,1.3 品牌欄完全相符,2026-09-21 14:59:39,LAC 利維喜,品牌欄,lac利維喜,lac,利維喜,1288127,lac,,Health,auto,3,True
momo,Health,13890322,LAC 利維喜,【LAC 利維喜】松樹皮菁華錠頂級寵愛組(共275錠/葡萄籽/OPCs/高單位松樹皮/青春/醫生推薦/花青素),LAC,1288127,98,1.3 品牌欄完全相符,2026-09-21 14:59:39,LAC 利維喜,品牌欄,lac利維喜,lac,利維喜,1288127,lac,,Health,auto,3,True
momo,Health,13903553,GNC 健安喜,【GNC 健安喜】葉黃素複方膠囊食品 30粒/盒x4入組(晶亮配方/提升精準舒適),GNC,3495165,98,1.3 品牌欄完全相符,2026-09-21 14:59:39,GNC 健安喜,品牌欄,gnc健安喜,gnc,健安喜,3495165,gnc,,Health,auto,3,True
momo,Health,13914606,JUN 郡昱,【JUN 郡昱】3D立體新升級不脫妝醫用防護口罩30入/盒；3盒組(台灣製造 立體口罩 3D口罩),jun,3510279,90,1.3 品牌欄完全相符,2026-09-21 14:59:39,JUN 郡昱,品牌欄,jun郡昱,jun,郡昱,3510279,jun,,Home & Living,auto,3,True
momo,Health,13987592,GNC 健安喜,【GNC 健安喜】薑黃500膠囊食品 30粒/瓶(促進新陳代謝/不再甘苦/植萃調養),GNC,3495165,98,1.3 品牌欄完全相符,2026-09-21 14:59:39,GNC 健安喜,品牌欄,gnc健安喜,gnc,健安喜,3495165,gnc,,Health,auto,3,True
momo,Health,14031527,GNC 健安喜,【GNC 健安喜】松樹皮萃取物50膠囊食品 120粒/瓶(養顏美容/青春美麗/凍齡美姬),GNC,3495165,98,1.3 品牌欄完全相符,2026-09-21 14:59:39,GNC 健安喜,品牌欄,gnc健安喜,gnc,健安喜,3495165,gnc,,Health,auto,3,True
momo,Health,14031548,LAC 利維喜,【LAC 利維喜】升級版優鎂鈣粉Plus-檸檬口味(共90包/D3/檸檬酸鈣/強力鈣粉/完美鈣鎂比例2:1),LAC,1288127,98,1.3 品牌欄完全相符,2026-09-21 14:59:39,LAC 利維喜,品牌欄,lac利維喜,lac,利維喜,1288127,lac,,Health,auto,3,True
momo,Health,14053531,LAC 利維喜,【LAC 利維喜】升級版夜安眠粉末-橘子口味x2盒組(共30包/鈣/鎂/GABA/磷脂醯絲胺酸/奶素/幫助入睡),LAC,1288127,98,1.3 品牌欄完全相符,2026-09-21 14:59:39,LAC 利維喜,品牌欄,lac利維喜,lac,利維喜,1288127,lac,,Health,auto,3,True
momo,Health,14108355,LAC 利維喜,【LAC 利維喜】私密救星組-蔓越莓甘露糖x2+女性複方蔓越莓粉(蔓越莓/私密呵護/淨密),LAC,1288127,98,1.3 品牌欄完全相符,2026-09-21 14:59:39,LAC 利維喜,品牌欄,lac利維喜,lac,利維喜,1288127,lac,,Health,auto,3,True
momo,Health,14128672,GNC 健安喜,【GNC 健安喜】經典纖窈奶昔 7包/盒(高膳食纖維/濃縮乳清蛋白/分離乳清蛋白),GNC,3495165,98,1.3 品牌欄完全相符,2026-09-21 14:59:39,GNC 健安喜,品牌欄,gnc健安喜,gnc,健安喜,3495165,gnc,,Health,auto,3,True
momo,Health,14154018,LAC 利維喜,【LAC 利維喜】綠蔬粉末x3盒組(共90包/羽衣甘藍/蘿蔔硫素/綠拿鐵/藍藻/槲皮素/素食可/苯駢芘out),LAC,1288127,98,1.3 品牌欄完全相符,2026-09-21 14:59:39,LAC 利維喜,品牌欄,lac利維喜,lac,利維喜,1288127,lac,,Health,auto,3,True
momo,Health,14204637,DRX 達特世,【DRX 達特世】醫用3D ULTRA口罩-成人20入-3盒組(超透氣/小臉/小V臉),DRX,4556462,85,1.4 品牌欄相符（品牌庫有重複，取業績最高）,2026-09-21 14:59:39,DRX 達特世,品牌欄,drx達特世,drx,達特世,4556462,drx,,Beauty,,3,True
momo,Health,14212791,LAC 利維喜,【LAC 利維喜】DHA600魚油膠囊x3入組(共180顆/DHA/思緒靈活/孕媽咪指定),LAC,1288127,98,1.3 品牌欄完全相符,2026-09-21 14:59:39,LAC 利維喜,品牌欄,lac利維喜,lac,利維喜,1288127,lac,,Health,auto,3,True
momo,Health,14212795,LAC 利維喜,【LAC 利維喜】升級版優鎂鈣粉Plus-檸檬口味x3盒組(共180包/D3/檸檬酸鈣/強力鈣粉/完美鈣鎂比例2:1),LAC,1288127,98,1.3 品牌欄完全相符,2026-09-21 14:59:39,LAC 利維喜,品牌欄,lac利維喜,lac,利維喜,1288127,lac,,Health,auto,3,True
momo,Health,14233411,NOW 娜奧,【NOW 娜奧】左旋離胺酸 500mg(100錠),NOW,2387626,93,1.4 品牌欄相符（品牌庫有重複，取業績最高）,2026-09-21 14:59:39,NOW 娜奧,品牌欄,now娜奧,now,娜奧,2387626,now,,Health,auto,3,True
momo,Health,14233415,NOW 娜奧,【NOW 娜奧】雙倍鐵 36mg(90顆*2入),NOW,2387626,93,1.4 品牌欄相符（品牌庫有重複，取業績最高）,2026-09-21 14:59:39,NOW 娜奧,品牌欄,now娜奧,now,娜奧,2387626,now,,Health,auto,3,True
momo,Health,14233419,NOW 娜奧,【NOW 娜奧】雙倍鐵 36mg(90顆),NOW,2387626,93,1.4 品牌欄相符（品牌庫有重複，取業績最高）,2026-09-21 14:59:39,NOW 娜奧,品牌欄,now娜奧,now,娜奧,2387626,now,,Health,auto,3,True
momo,Health,14233421,NOW 娜奧,【NOW 娜奧】RAW MACA 瑪卡750mg 90顆(馬卡),NOW,2387626,93,1.4 品牌欄相符（品牌庫有重複，取業績最高）,2026-09-21 14:59:39,NOW 娜奧,品牌欄,now娜奧,now,娜奧,2387626,now,,Health,auto,3,True
momo,Health,14233465,LAC 利維喜,【LAC 利維喜】三強頂級魚油超值家庭號(共300顆/高濃度魚油/85%魚油),LAC,1288127,98,1.3 品牌欄完全相符,2026-09-21 14:59:39,LAC 利維喜,品牌欄,lac利維喜,lac,利維喜,1288127,lac,,Health,auto,3,True
momo,Health,14320880,GNC 健安喜,【GNC 健安喜】極緻膠原蛋白飲 6瓶/盒(魚膠原/5000mg/500Da小分子/玻尿酸/美顏熟齡/雪蓮精華/多國專利),GNC,3495165,98,1.3 品牌欄完全相符,2026-09-21 14:59:39,GNC 健安喜,品牌欄,gnc健安喜,gnc,健安喜,3495165,gnc,,Health,auto,3,True
momo,Health,14372522,LAC 利維喜,【LAC 利維喜】甘胺酸鎂膠囊x1入組(共60顆/鎂/礦物質/幫助入睡/甘氨酸鎂),LAC,1288127,98,1.3 品牌欄完全相符,2026-09-21 14:59:39,LAC 利維喜,品牌欄,lac利維喜,lac,利維喜,1288127,lac,,Health,auto,3,True
momo,Health,14436692,GNC 健安喜,【GNC 健安喜】孕婦綜合維生素食品錠 60錠/盒 (孕產婦及哺乳婦女/足量最新專利第五代葉酸/22種完整營養素),GNC,3495165,98,1.3 品牌欄完全相符,2026-09-21 14:59:39,GNC 健安喜,品牌欄,gnc健安喜,gnc,健安喜,3495165,gnc,,Health,auto,3,True
momo,Health,14470421,DRX 達特世,【DRX 達特世】平面醫用ULTRA口罩-成人40入(透氣度UP),DRX,4556462,85,1.4 品牌欄相符（品牌庫有重複，取業績最高）,2026-09-21 14:59:39,DRX 達特世,品牌欄,drx達特世,drx,達特世,4556462,drx,,Beauty,,3,True
momo,Health,14471030,LAC 利維喜,【LAC 利維喜】甘胺酸鎂膠囊x2入組(共120顆/鎂/礦物質/幫助入睡/甘氨酸鎂),LAC,1288127,98,1.3 品牌欄完全相符,2026-09-21 14:59:39,LAC 利維喜,品牌欄,lac利維喜,lac,利維喜,1288127,lac,,Health,auto,3,True
momo,Health,14487379,GNC 健安喜,【GNC 健安喜】大豆異黃酮膠囊食品90粒/瓶x2入組(大豆萃取物/輕熟齡女性必備/呵護女性健康的元素),GNC,3495165,98,1.3 品牌欄完全相符,2026-09-21 14:59:39,GNC 健安喜,品牌欄,gnc健安喜,gnc,健安喜,3495165,gnc,,Health,auto,3,True
momo,Health,14526347,NOW 娜奧,【NOW 娜奧】鈣鎂+D3+鋅四合一膠囊,NOW,2387626,93,1.4 品牌欄相符（品牌庫有重複，取業績最高）,2026-09-21 14:59:39,NOW 娜奧,品牌欄,now娜奧,now,娜奧,2387626,now,,Health,auto,3,True
momo,Health,14526348,NOW 娜奧,【NOW 娜奧】洋車前子殼粉 340g(膳食纖維),NOW,2387626,93,1.4 品牌欄相符（品牌庫有重複，取業績最高）,2026-09-21 14:59:39,NOW 娜奧,品牌欄,now娜奧,now,娜奧,2387626,now,,Health,auto,3,True
momo,Health,14561381,LAC 利維喜,【LAC 利維喜】升級版優鎂鈣粉Plus-檸檬口味x2盒組(共60包/D3/檸檬酸鈣/完美鈣鎂比例2:1.送禮),LAC,1288127,98,1.3 品牌欄完全相符,2026-09-21 14:59:39,LAC 利維喜,品牌欄,lac利維喜,lac,利維喜,1288127,lac,,Health,auto,3,True
momo,Health,14669025,GNC 健安喜,【GNC 健安喜】維生素B群50食品錠 60錠/瓶x2入組(完整10種綜合B群/牛磺酸/長效釋放持續充電),GNC,3495165,98,1.3 品牌欄完全相符,2026-09-21 14:59:39,GNC 健安喜,品牌欄,gnc健安喜,gnc,健安喜,3495165,gnc,,Health,auto,3,True
momo,Health,14669028,GNC 健安喜,【GNC 健安喜】男性綜合維生素食品錠 60錠/盒x3入組(高單位B群/增強體力/鋅/精胺酸/南瓜籽取物/上班族),GNC,3495165,98,1.3 品牌欄完全相符,2026-09-21 14:59:39,GNC 健安喜,品牌欄,gnc健安喜,gnc,健安喜,3495165,gnc,,Health,auto,3,True
momo,Health,14669029,GNC 健安喜,【GNC 健安喜】女性綜合維生素食品錠 60錠/盒x3入組(高單位B群/玻尿酸前驅物/蔓越莓/鐵/上班族),GNC,3495165,98,1.3 品牌欄完全相符,2026-09-21 14:59:39,GNC 健安喜,品牌欄,gnc健安喜,gnc,健安喜,3495165,gnc,,Health,auto,3,True
momo,Health,14669033,GNC 健安喜,【GNC 健安喜】葉酸400食品錠 100錠x3瓶(活性葉酸/備孕/孕婦孕養調理/B9/養顏美容/胎兒正常發育生長),GNC,3495165,98,1.3 品牌欄完全相符,2026-09-21 14:59:39,GNC 健安喜,品牌欄,gnc健安喜,gnc,健安喜,3495165,gnc,,Health,auto,3,True
momo,Health,14669034,GNC 健安喜,【GNC 健安喜】葉黃素複方膠囊食品 30粒/盒x3入組(游離型葉黃素玉米黃素/蝦紅素/山桑子萃取物/銀髮族),GNC,3495165,98,1.3 品牌欄完全相符,2026-09-21 14:59:39,GNC 健安喜,品牌欄,gnc健安喜,gnc,健安喜,3495165,gnc,,Health,auto,3,True
momo,Health,14669035,GNC 健安喜,【GNC 健安喜】葉黃素複方膠囊食品 30粒/盒x4入組(游離型葉黃素玉米黃素/蝦紅素/山桑子萃取物/銀髮族),GNC,3495165,98,1.3 品牌欄完全相符,2026-09-21 14:59:39,GNC 健安喜,品牌欄,gnc健安喜,gnc,健安喜,3495165,gnc,,Health,auto,3,True
momo,Health,14669630,GNC 健安喜,即期品【GNC 健安喜】經典纖窈奶昔 7包/盒x2入組(奶茶風味/高膳食纖維/濃縮乳清蛋白/分離乳清蛋白),GNC,3495165,98,1.3 品牌欄完全相符,2026-09-21 14:59:39,GNC 健安喜,品牌欄,gnc健安喜,gnc,健安喜,3495165,gnc,,Health,auto,3,True
momo,Health,14669631,GNC 健安喜,【GNC 健安喜】孕婦綜合維生素食品錠x2入組(專為孕媽咪設計配方/足量最新專利第五代葉酸/22種完整營養素),GNC,3495165,98,1.3 品牌欄完全相符,2026-09-21 14:59:39,GNC 健安喜,品牌欄,gnc健安喜,gnc,健安喜,3495165,gnc,,Health,auto,3,True
momo,Health,14669632,GNC 健安喜,【GNC 健安喜】孕婦綜合維生素食品錠x3入組(專為孕媽咪設計配方/足量最新專利第五代葉酸/22種完整營養素),GNC,3495165,98,1.3 品牌欄完全相符,2026-09-21 14:59:39,GNC 健安喜,品牌欄,gnc健安喜,gnc,健安喜,3495165,gnc,,Health,auto,3,True
momo,Health,14674245,GNC 健安喜,【GNC 健安喜】孕養平衡配方組(孕婦綜合維生素食品錠+葉酸400食品錠),GNC,3495165,98,1.3 品牌欄完全相符,2026-09-21 14:59:39,GNC 健安喜,品牌欄,gnc健安喜,gnc,健安喜,3495165,gnc,,Health,auto,3,True
momo,Health,14792047,LAC 利維喜,【LAC 利維喜】回原膠原蛋白飲50ml-香橙口味x5盒組(共40瓶/胎盤素/Q10/膠原飲/小棕瓶.水光QQ),LAC,1288127,98,1.3 品牌欄完全相符,2026-09-21 14:59:39,LAC 利維喜,品牌欄,lac利維喜,lac,利維喜,1288127,lac,,Health,auto,3,True
momo,Health,14909251,LAC 利維喜,【LAC 利維喜】女性複方蔓越莓粉x2盒組(共40包/私密呵護/蔓越莓益生菌/素食可/花青素),LAC,1288127,98,1.3 品牌欄完全相符,2026-09-21 14:59:39,LAC 利維喜,品牌欄,lac利維喜,lac,利維喜,1288127,lac,,Health,auto,3,True
momo,Health,14910196,LAC 利維喜,【LAC 利維喜】超纖奶昔粉-巧克力口味x2罐組(672g/高纖維/代餐/乳清蛋白/大豆蛋白),LAC,1288127,98,1.3 品牌欄完全相符,2026-09-21 14:59:39,LAC 利維喜,品牌欄,lac利維喜,lac,利維喜,1288127,lac,,Health,auto,3,True
momo,Health,14910199,LAC 利維喜,【LAC 利維喜】超纖奶昔粉x2罐組(巧克力+奶油香草/672g/高纖維/代餐/乳清蛋白/大豆蛋白),LAC,1288127,98,1.3 品牌欄完全相符,2026-09-21 14:59:39,LAC 利維喜,品牌欄,lac利維喜,lac,利維喜,1288127,lac,,Health,auto,3,True
momo,Health,14910205,LAC 利維喜,【LAC 利維喜】超纖奶昔粉-奶油香草口味x2罐組(672g/高纖維/代餐/乳清蛋白/大豆蛋白),LAC,1288127,98,1.3 品牌欄完全相符,2026-09-21 14:59:39,LAC 利維喜,品牌欄,lac利維喜,lac,利維喜,1288127,lac,,Health,auto,3,True
momo,Health,14910211,LAC 利維喜,【LAC 利維喜】甘胺酸鎂膠囊x4入組(共240顆/鎂/礦物質/幫助入睡/甘氨酸鎂),LAC,1288127,98,1.3 品牌欄完全相符,2026-09-21 14:59:39,LAC 利維喜,品牌欄,lac利維喜,lac,利維喜,1288127,lac,,Health,auto,3,True
momo,Health,15032752,HH 草本新淨界,【HH 草本新淨界】蔓越莓益菌青春膠囊60粒/瓶 X3(私密蔓越莓 蔓越莓膠囊 蔓越莓錠),H&H,1120001,85,1.4 品牌欄相符（品牌庫有重複，取業績最高）,2026-09-21 14:59:39,HH 草本新淨界,品牌欄,hh草本新淨界,hh,草本新淨界,1120001,hh,,Home & Living,auto,2,True
momo,Health,15043788,HH 草本新淨界,【HH 草本新淨界】益生菌高纖粉 30包 X3(200億益生菌 足量高纖 腸胃益生菌 蔬果雙酵素),H&H,1120001,85,1.4 品牌欄相符（品牌庫有重複，取業績最高）,2026-09-21 14:59:39,HH 草本新淨界,品牌欄,hh草本新淨界,hh,草本新淨界,1120001,hh,,Home & Living,auto,2,True
momo,Health,15067000,GNC 健安喜,【GNC 健安喜】葉黃素複方膠囊食品 30粒/盒x2入組(游離型葉黃素/游離型玉米黃素/專利蝦紅素/山桑子萃取物),GNC,3495165,98,1.3 品牌欄完全相符,2026-09-21 14:59:39,GNC 健安喜,品牌欄,gnc健安喜,gnc,健安喜,3495165,gnc,,Health,auto,3,True
momo,Health,15163789,GNC 健安喜,【GNC 健安喜】輔酵素Q10膠囊食品 60顆/盒 (高單位30毫克/日本KANEKA原料/抗老化/養顏美容/促進代謝),GNC,3495165,98,1.3 品牌欄完全相符,2026-09-21 14:59:39,GNC 健安喜,品牌欄,gnc健安喜,gnc,健安喜,3495165,gnc,,Health,auto,3,True
momo,Health,15210483,JUN 郡昱,【JUN 郡昱】3D立體 成人醫療口罩 X1盒(30枚入/盒 美型精準服貼 透氣舒適親膚),jun,3510279,90,1.3 品牌欄完全相符,2026-09-21 14:59:39,JUN 郡昱,品牌欄,jun郡昱,jun,郡昱,3510279,jun,,Home & Living,auto,3,True
momo,Health,15212373,GNC 健安喜,即期品【GNC 健安喜】葡萄糖胺軟骨素食品錠 120錠/瓶(滋潤環節/穩固行動順暢),GNC,3495165,98,1.3 品牌欄完全相符,2026-09-21 14:59:39,GNC 健安喜,品牌欄,gnc健安喜,gnc,健安喜,3495165,gnc,,Health,auto,3,True
momo,Health,15305244,LAC 利維喜,【LAC 利維喜】蔬果酵素5包-百香果口味(家居有價贈品),LAC,1288127,98,1.3 品牌欄完全相符,2026-09-21 14:59:39,LAC 利維喜,品牌欄,lac利維喜,lac,利維喜,1288127,lac,,Health,auto,3,True
momo,Health,15305245,LAC 利維喜,【LAC 利維喜】升級版優鎂鈣粉Plus5包-檸檬口味(家居有價贈品),LAC,1288127,98,1.3 品牌欄完全相符,2026-09-21 14:59:39,LAC 利維喜,品牌欄,lac利維喜,lac,利維喜,1288127,lac,,Health,auto,3,True
momo,Health,15305573,BAC 倍爾康,【BAC 倍爾康】護理隨身盒-攜帶方便(保健箱),bac,1096788,85,1.4 品牌欄相符（品牌庫有重複，取業績最高）,2026-09-21 14:59:39,BAC 倍爾康,品牌欄,bac倍爾康,bac,倍爾康,1096788,bac,,Shoes,,3,True
momo,Health,15306230,BAC 倍爾康,【BAC 倍爾康】矽膠膠帶-脆弱皮膚專用-防水易撕型1入-2.5cmx150cm(溫和剝離 低過敏 醫療矽膠帶),bac,1096788,85,1.4 品牌欄相符（品牌庫有重複，取業績最高）,2026-09-21 14:59:39,BAC 倍爾康,品牌欄,bac倍爾康,bac,倍爾康,1096788,bac,,Shoes,,3,True
momo,Health,15306231,BAC 倍爾康,【BAC 倍爾康】矽膠膠帶-脆弱皮膚專用-防水剪裁型1入-2.5cmx150cm(溫和剝離 低過敏 醫療矽膠帶)),bac,1096788,85,1.4 品牌欄相符（品牌庫有重複，取業績最高）,2026-09-21 14:59:39,BAC 倍爾康,品牌欄,bac倍爾康,bac,倍爾康,1096788,bac,,Shoes,,3,True
momo,Health,15306232,BAC 倍爾康,【BAC 倍爾康】矽膠膠帶-脆弱皮膚專用-透氣易撕型2.5x150cm(溫和剝離 低過敏 醫療矽膠帶),bac,1096788,85,1.4 品牌欄相符（品牌庫有重複，取業績最高）,2026-09-21 14:59:39,BAC 倍爾康,品牌欄,bac倍爾康,bac,倍爾康,1096788,bac,,Shoes,,3,True
momo,Health,15312425,BAC 倍爾康,【BAC 倍爾康】腳後跟超薄防護膜1入-5cmx5cm(4枚/1入 後腫護貼 腳跟保護貼 後跟隱形貼 超薄舒適),bac,1096788,85,1.4 品牌欄相符（品牌庫有重複，取業績最高）,2026-09-21 14:59:39,BAC 倍爾康,品牌欄,bac倍爾康,bac,倍爾康,1096788,bac,,Shoes,,3,True
momo,Health,15312426,BAC 倍爾康,【BAC 倍爾康】濕潤療法親水性敷料L手/較大面積專用4枚入-6x8cm(醫療用敷料傷口貼 幫助傷口癒合)),bac,1096788,85,1.4 品牌欄相符（品牌庫有重複，取業績最高）,2026-09-21 14:59:39,BAC 倍爾康,品牌欄,bac倍爾康,bac,倍爾康,1096788,bac,,Shoes,,3,True
momo,Health,15312427,BAC 倍爾康,【BAC 倍爾康】濕潤療法親水性敷料M手/屈伸關節專用1入-4x6cm(6枚/1入 醫療用敷料傷口貼 幫助傷口癒合),bac,1096788,85,1.4 品牌欄相符（品牌庫有重複，取業績最高）,2026-09-21 14:59:39,BAC 倍爾康,品牌欄,bac倍爾康,bac,倍爾康,1096788,bac,,Shoes,,3,True
momo,Health,15312428,BAC 倍爾康,【BAC 倍爾康】濕潤療法親水性敷料S手/腳指專用1入-2.5cmx6cm(10枚/1入 醫療用敷料傷口貼 幫助傷口癒合),bac,1096788,85,1.4 品牌欄相符（品牌庫有重複，取業績最高）,2026-09-21 14:59:39,BAC 倍爾康,品牌欄,bac倍爾康,bac,倍爾康,1096788,bac,,Shoes,,3,True
momo,Health,15312429,BAC 倍爾康,【BAC 倍爾康】濕潤療法親水性敷料XL手/較大面積專用1枚入-10x10cm(醫療用敷料傷口貼 幫助傷口癒合),bac,1096788,85,1.4 品牌欄相符（品牌庫有重複，取業績最高）,2026-09-21 14:59:39,BAC 倍爾康,品牌欄,bac倍爾康,bac,倍爾康,1096788,bac,,Shoes,,3,True
momo,Health,15347554,NOW 娜奧,【NOW 娜奧】濃縮大蒜油軟膠囊 100顆*2入 (500倍大蒜精華濃縮/營養補充/增強體力),NOW,2387626,93,1.4 品牌欄相符（品牌庫有重複，取業績最高）,2026-09-21 14:59:39,NOW 娜奧,品牌欄,now娜奧,now,娜奧,2387626,now,,Health,auto,3,True
momo,Health,15388545,NOW 娜奧,【NOW 娜奧】濃縮大蒜油軟膠囊 100顆 (500倍大蒜精華濃縮/營養補充/增強體力),NOW,2387626,93,1.4 品牌欄相符（品牌庫有重複，取業績最高）,2026-09-21 14:59:39,NOW 娜奧,品牌欄,now娜奧,now,娜奧,2387626,now,,Health,auto,3,True
momo,Health,15414257,LAC 利維喜,【LAC 利維喜】NMN滋森法膠原飲-烏梅口味x2盒組,LAC,1288127,98,1.3 品牌欄完全相符,2026-09-21 14:59:39,LAC 利維喜,品牌欄,lac利維喜,lac,利維喜,1288127,lac,,Health,auto,3,True
momo,Health,15431295,JUN 郡昱,【JUN 郡昱】成人L立體3D口罩(顏色任選) 3盒組(30入/盒),jun,3510279,90,1.3 品牌欄完全相符,2026-09-21 14:59:39,JUN 郡昱,品牌欄,jun郡昱,jun,郡昱,3510279,jun,,Home & Living,auto,3,True
momo,Health,15487736,GNC 健安喜,【GNC 健安喜】女性綜合維生素食品錠 60錠/盒x2入組(高單位B群/玻尿酸前驅物/蔓越莓/鐵/上班族),GNC,3495165,98,1.3 品牌欄完全相符,2026-09-21 14:59:39,GNC 健安喜,品牌欄,gnc健安喜,gnc,健安喜,3495165,gnc,,Health,auto,3,True
momo,Health,15503503,GNC 健安喜,即期品【GNC 健安喜】葉酸400食品錠 100錠/瓶x2入組(活性葉酸/備孕/孕婦孕養調理/B9/養顏美容/胎兒正常發育,GNC,3495165,98,1.3 品牌欄完全相符,2026-09-21 14:59:39,GNC 健安喜,品牌欄,gnc健安喜,gnc,健安喜,3495165,gnc,,Health,auto,3,True
momo,Health,15525587,NOW 娜奧,【NOW 娜奧】L-酪胺酸 500mg 膠囊 120顆*2入( 左旋酪胺酸/胺基酸營養補充),NOW,2387626,93,1.4 品牌欄相符（品牌庫有重複，取業績最高）,2026-09-21 14:59:39,NOW 娜奧,品牌欄,now娜奧,now,娜奧,2387626,now,,Health,auto,3,True
momo,Health,15525588,NOW 娜奧,【NOW 娜奧】L-酪胺酸 500mg 膠囊 120顆( 左旋酪胺酸/胺基酸營養補充),NOW,2387626,93,1.4 品牌欄相符（品牌庫有重複，取業績最高）,2026-09-21 14:59:39,NOW 娜奧,品牌欄,now娜奧,now,娜奧,2387626,now,,Health,auto,3,True
momo,Health,15537884,NOW 娜奧,【NOW 娜奧】肌醇 500mg 膠囊 100顆*2入 (日常營養補給/調節生理機能),NOW,2387626,93,1.4 品牌欄相符（品牌庫有重複，取業績最高）,2026-09-21 14:59:39,NOW 娜奧,品牌欄,now娜奧,now,娜奧,2387626,now,,Health,auto,3,True
momo,Health,15537885,NOW 娜奧,【NOW 娜奧】大豆卵磷脂軟膠囊 1200mg 100顆(日常營養補給/健康維持/補充磷脂醯膽鹼),NOW,2387626,93,1.4 品牌欄相符（品牌庫有重複，取業績最高）,2026-09-21 14:59:39,NOW 娜奧,品牌欄,now娜奧,now,娜奧,2387626,now,,Health,auto,3,True
momo,Health,15537886,NOW 娜奧,【NOW 娜奧】大豆卵磷脂軟膠囊 1200mg 100顆 *2入 (日常營養補給/健康維持/補充磷脂醯膽鹼),NOW,2387626,93,1.4 品牌欄相符（品牌庫有重複，取業績最高）,2026-09-21 14:59:39,NOW 娜奧,品牌欄,now娜奧,now,娜奧,2387626,now,,Health,auto,3,True
momo,Health,15537887,NOW 娜奧,【NOW 娜奧】MACA 瑪卡 500mg 膠囊 100顆(日常營養補給/調節生理機能),NOW,2387626,93,1.4 品牌欄相符（品牌庫有重複，取業績最高）,2026-09-21 14:59:39,NOW 娜奧,品牌欄,now娜奧,now,娜奧,2387626,now,,Health,auto,3,True
momo,Health,15537888,NOW 娜奧,【NOW 娜奧】MACA 瑪卡 500mg 膠囊 100顆 *2入 (日常營養補給/調節生理機能),NOW,2387626,93,1.4 品牌欄相符（品牌庫有重複，取業績最高）,2026-09-21 14:59:39,NOW 娜奧,品牌欄,now娜奧,now,娜奧,2387626,now,,Health,auto,3,True
momo,Health,15537889,NOW 娜奧,【NOW 娜奧】肌醇 500mg 膠囊 100顆(日常營養補給/調節生理機能),NOW,2387626,93,1.4 品牌欄相符（品牌庫有重複，取業績最高）,2026-09-21 14:59:39,NOW 娜奧,品牌欄,now娜奧,now,娜奧,2387626,now,,Health,auto,3,True
momo,Health,15576739,JUN 郡昱,【JUN 郡昱】成人呼吸透氣平面泡泡紋醫療口罩50入/盒 三盒組(台灣製造 ),jun,3510279,90,1.3 品牌欄完全相符,2026-09-21 14:59:39,JUN 郡昱,品牌欄,jun郡昱,jun,郡昱,3510279,jun,,Home & Living,auto,3,True
momo,Health,15576743,JUN 郡昱,【JUN 郡昱】成人呼吸透氣平面泡泡紋醫療口罩50入/盒 五盒組(台灣製造 ),jun,3510279,90,1.3 品牌欄完全相符,2026-09-21 14:59:39,JUN 郡昱,品牌欄,jun郡昱,jun,郡昱,3510279,jun,,Home & Living,auto,3,True
momo,Health,15669239,NOW 健而婷,【NOW 健而婷】維他命C-500+玫瑰果(100顆/瓶),NOW,2387626,93,1.4 品牌欄相符（品牌庫有重複，取業績最高）,2026-09-21 14:59:39,NOW 健而婷,品牌欄,now健而婷,now,健而婷,2387626,now,,Health,auto,3,True
momo,Health,15669240,NOW 健而婷,【NOW 健而婷】MACA瑪卡(100顆/瓶),NOW,2387626,93,1.4 品牌欄相符（品牌庫有重複，取業績最高）,2026-09-21 14:59:39,NOW 健而婷,品牌欄,now健而婷,now,健而婷,2387626,now,,Health,auto,3,True
momo,Health,15669241,NOW 健而婷,【NOW 健而婷】螯合鋅植物膠囊高效能鋅一瓶組(100顆/瓶),NOW,2387626,93,1.4 品牌欄相符（品牌庫有重複，取業績最高）,2026-09-21 14:59:39,NOW 健而婷,品牌欄,now健而婷,now,健而婷,2387626,now,,Health,auto,3,True
momo,Health,15669242,NOW 健而婷,【NOW 健而婷】硒200mcg膠囊食品(90顆/瓶),NOW,2387626,93,1.4 品牌欄相符（品牌庫有重複，取業績最高）,2026-09-21 14:59:39,NOW 健而婷,品牌欄,now健而婷,now,健而婷,2387626,now,,Health,auto,3,True
momo,Health,15669243,NOW 健而婷,【NOW 健而婷】MSM 1000(120顆/瓶),NOW,2387626,93,1.4 品牌欄相符（品牌庫有重複，取業績最高）,2026-09-21 14:59:39,NOW 健而婷,品牌欄,now健而婷,now,健而婷,2387626,now,,Health,auto,3,True
momo,Health,15669744,NOW 健而婷,【NOW 健而婷】UC-II 二型膠原蛋白(60顆/瓶),NOW,2387626,93,1.4 品牌欄相符（品牌庫有重複，取業績最高）,2026-09-21 14:59:39,NOW 健而婷,品牌欄,now健而婷,now,健而婷,2387626,now,,Health,auto,3,True
momo,Health,15669745,NOW 健而婷,【NOW 健而婷】維他命C1000緩釋錠(100顆/瓶),NOW,2387626,93,1.4 品牌欄相符（品牌庫有重複，取業績最高）,2026-09-21 14:59:39,NOW 健而婷,品牌欄,now健而婷,now,健而婷,2387626,now,,Health,auto,3,True
momo,Health,4371529,TS6 護一生,【TS6】美莓優菌C PLUS+ 1盒 蔓越莓 D-甘露糖 私密保健(60顆/盒 口嚼錠),TS6,1136012,90,1.3 品牌欄完全相符,2026-09-21 14:59:39,TS6 護一生,品牌欄,ts6護一生,ts6,護一生,1136012,ts6,,Beauty,auto,3,True
momo,Health,4495289,TS6 護一生,【TS6】國家認證 健康有益菌 益生菌1盒(30包/盒),TS6,1136012,90,1.3 品牌欄完全相符,2026-09-21 14:59:39,TS6 護一生,品牌欄,ts6護一生,ts6,護一生,1136012,ts6,,Beauty,auto,3,True
momo,Health,4508296,TS6 護一生,【TS6】國家認證-健康有益菌 益生菌3盒(30包/盒),TS6,1136012,90,1.3 品牌欄完全相符,2026-09-21 14:59:39,TS6 護一生,品牌欄,ts6護一生,ts6,護一生,1136012,ts6,,Beauty,auto,3,True
momo,Health,4771297,CMS 宇祥,【AME】24杯專業型手動真空拔罐組(原裝進口韓國拔罐 耐高溫材質拔罐杯),CM'S,1110649,90,1.3 品牌欄完全相符,2026-09-21 14:59:39,CMS 宇祥,品牌欄,cms宇祥,cms,宇祥,1110649,cms,,Life & Entertainment,auto,3,True
momo,Health,5405825,TS6 護一生,【TS6】優植益菌-素食益生菌1盒(30包/盒),TS6,1136012,90,1.3 品牌欄完全相符,2026-09-21 14:59:39,TS6 護一生,品牌欄,ts6護一生,ts6,護一生,1136012,ts6,,Beauty,auto,3,True
momo,Health,5951044,TS6 護一生,【TS6】美莓亮妍粉 3盒 私密益生菌(2gx30包/盒),TS6,1136012,90,1.3 品牌欄完全相符,2026-09-21 14:59:39,TS6 護一生,品牌欄,ts6護一生,ts6,護一生,1136012,ts6,,Beauty,auto,3,True
momo,Health,5951672,TS6 護一生,【TS6】美莓亮妍粉(2gx30包),TS6,1136012,90,1.3 品牌欄完全相符,2026-09-21 14:59:39,TS6 護一生,品牌欄,ts6護一生,ts6,護一生,1136012,ts6,,Beauty,auto,3,True
momo,Health,6135229,HH 草本新淨界,【HH 草本新淨界】寶貝抗菌防蚊液100ml(防蚊液 無DEET配方 防蚊必備),H&H,1120001,85,1.4 品牌欄相符（品牌庫有重複，取業績最高）,2026-09-21 14:59:39,HH 草本新淨界,品牌欄,hh草本新淨界,hh,草本新淨界,1120001,hh,,Home & Living,auto,2,True
momo,Health,6243795,LAC 利維喜,【LAC 利維喜】葉酸800食品錠x1入組(共100錠/葉酸800mcg/孕養調理/維持好氣色/素食錠劑),LAC,1288127,98,1.3 品牌欄完全相符,2026-09-21 14:59:39,LAC 利維喜,品牌欄,lac利維喜,lac,利維喜,1288127,lac,,Health,auto,3,True
momo,Health,6243797,LAC 利維喜,【LAC 利維喜】生物素900食品錠x1入組(共120錠/自信飄逸/男女適用/迷人法絲/素食可),LAC,1288127,98,1.3 品牌欄完全相符,2026-09-21 14:59:39,LAC 利維喜,品牌欄,lac利維喜,lac,利維喜,1288127,lac,,Health,auto,3,True
momo,Health,6243800,LAC 利維喜,【LAC 利維喜】活力女用綜合維他命x1入組(共90錠/B群/鈣/維他命D/鐵/葉黃素/蔓越莓),LAC,1288127,98,1.3 品牌欄完全相符,2026-09-21 14:59:39,LAC 利維喜,品牌欄,lac利維喜,lac,利維喜,1288127,lac,,Health,auto,3,True
momo,Health,6243801,LAC 利維喜,【LAC 利維喜】活力男用綜合維他命x1入組(共90錠/B群/鋅/BCAA/馬卡/茄紅素),LAC,1288127,98,1.3 品牌欄完全相符,2026-09-21 14:59:39,LAC 利維喜,品牌欄,lac利維喜,lac,利維喜,1288127,lac,,Health,auto,3,True
momo,Health,6243804,LAC 利維喜,【LAC 利維喜】鎂250食品錠x1入組(共90錠/鎂夢成真/幫助入睡/素食可),LAC,1288127,98,1.3 品牌欄完全相符,2026-09-21 14:59:39,LAC 利維喜,品牌欄,lac利維喜,lac,利維喜,1288127,lac,,Health,auto,3,True
momo,Health,6243805,LAC 利維喜,【LAC 利維喜】紅茄膠囊x1入組(共60顆/全新升級/蕃茄紅素/私密呵護/男性必備),LAC,1288127,98,1.3 品牌欄完全相符,2026-09-21 14:59:39,LAC 利維喜,品牌欄,lac利維喜,lac,利維喜,1288127,lac,,Health,auto,3,True
momo,Health,6243858,LAC 利維喜,【LAC 利維喜】鐵18膠囊x1入組(共90顆/舒補帖/鐵質/素食可),LAC,1288127,98,1.3 品牌欄完全相符,2026-09-21 14:59:39,LAC 利維喜,品牌欄,lac利維喜,lac,利維喜,1288127,lac,,Health,auto,3,True
momo,Health,6243861,LAC 利維喜,【LAC 利維喜】藻油DHA膠囊x1入組(共60顆/DHA 200mg/植物性DHA/全孕期適用),LAC,1288127,98,1.3 品牌欄完全相符,2026-09-21 14:59:39,LAC 利維喜,品牌欄,lac利維喜,lac,利維喜,1288127,lac,,Health,auto,3,True
momo,Health,6243862,LAC 利維喜,【LAC 利維喜】優鎂鈣800食品錠x1入組(共240錠/維他命D/鎂/鉀/檸檬蘋果酸鈣),LAC,1288127,98,1.3 品牌欄完全相符,2026-09-21 14:59:39,LAC 利維喜,品牌欄,lac利維喜,lac,利維喜,1288127,lac,,Health,auto,3,True
momo,Health,6243866,LAC 利維喜,【LAC 利維喜】精胺酸500膠囊x1入組(共90顆/全新升級/500mg/L-精胺酸/男性保健/素食膠囊),LAC,1288127,98,1.3 品牌欄完全相符,2026-09-21 14:59:39,LAC 利維喜,品牌欄,lac利維喜,lac,利維喜,1288127,lac,,Health,auto,3,True
momo,Health,6243867,LAC 利維喜,【LAC 利維喜】優鎂鈣800食品錠x1入組(共120錠/維他命D/鎂/鉀/檸檬蘋果酸鈣),LAC,1288127,98,1.3 品牌欄完全相符,2026-09-21 14:59:39,LAC 利維喜,品牌欄,lac利維喜,lac,利維喜,1288127,lac,,Health,auto,3,True
momo,Health,6245291,LAC 利維喜,【LAC 利維喜】回原膠原蛋白飲50ml-香橙口味x1盒組(共8瓶/胎盤素/Q10/膠原飲/玻尿酸/小棕瓶/膠原),LAC,1288127,98,1.3 品牌欄完全相符,2026-09-21 14:59:39,LAC 利維喜,品牌欄,lac利維喜,lac,利維喜,1288127,lac,,Health,auto,3,True
momo,Health,6245964,LAC 利維喜,【LAC 利維喜】采顏膠原蛋白錠x1盒組(共120錠/膠原蛋白/葡萄籽/穀胱甘太),LAC,1288127,98,1.3 品牌欄完全相符,2026-09-21 14:59:39,LAC 利維喜,品牌欄,lac利維喜,lac,利維喜,1288127,lac,,Health,auto,3,True
momo,Health,6263207,LAC 利維喜,【LAC 利維喜】蔬果酵素精華-百香果口味x1盒組(共60包/3大酵素專利/彩虹蔬果/外食吃貨必備),LAC,1288127,98,1.3 品牌欄完全相符,2026-09-21 14:59:39,LAC 利維喜,品牌欄,lac利維喜,lac,利維喜,1288127,lac,,Health,auto,3,True
momo,Health,6264167,LAC 利維喜,【LAC 利維喜】婦寶樂孕婦綜合維他命x1入組(共120錠/葉酸/鐵質/鈣質/維他命D/孕婦綜合維生素),LAC,1288127,98,1.3 品牌欄完全相符,2026-09-21 14:59:39,LAC 利維喜,品牌欄,lac利維喜,lac,利維喜,1288127,lac,,Health,auto,3,True
momo,Health,6265494,LAC 利維喜,【LAC 利維喜】燃速美膠囊120顆x1盒組(瓜拿那/藤黃果/辣木葉/薑黃/素食可),LAC,1288127,98,1.3 品牌欄完全相符,2026-09-21 14:59:39,LAC 利維喜,品牌欄,lac利維喜,lac,利維喜,1288127,lac,,Health,auto,3,True
momo,Health,6265517,LAC 利維喜,【LAC 利維喜】法國松樹皮小資體驗組(共50錠/葡萄籽/OPCs/高單位松樹皮/青春/醫生推薦/花青素),LAC,1288127,98,1.3 品牌欄完全相符,2026-09-21 14:59:39,LAC 利維喜,品牌欄,lac利維喜,lac,利維喜,1288127,lac,,Health,auto,3,True
momo,Health,6265524,LAC 利維喜,【LAC 利維喜】法國松樹皮明星指定組(共175錠/葡萄籽/OPCs/高單位松樹皮/青春/醫生推薦/花青素),LAC,1288127,98,1.3 品牌欄完全相符,2026-09-21 14:59:39,LAC 利維喜,品牌欄,lac利維喜,lac,利維喜,1288127,lac,,Health,auto,3,True
momo,Health,6288532,LAC 利維喜,【LAC 利維喜】回原皙亮膠囊x1盒組(共60顆/穀胱甘太/葡萄籽/維生素C/朝鮮薊),LAC,1288127,98,1.3 品牌欄完全相符,2026-09-21 14:59:39,LAC 利維喜,品牌欄,lac利維喜,lac,利維喜,1288127,lac,,Health,auto,3,True
momo,Health,6288537,LAC 利維喜,【LAC 利維喜】肌醇食品錠x1入組(共100錠/500mg/孕養調理),LAC,1288127,98,1.3 品牌欄完全相符,2026-09-21 14:59:39,LAC 利維喜,品牌欄,lac利維喜,lac,利維喜,1288127,lac,,Health,auto,3,True
momo,Health,6288548,LAC 利維喜,【LAC 利維喜】鋅30食品錠x1入組(共100錠/鋅/提升精質/男性好孕/素食可),LAC,1288127,98,1.3 品牌欄完全相符,2026-09-21 14:59:39,LAC 利維喜,品牌欄,lac利維喜,lac,利維喜,1288127,lac,,Health,auto,3,True
momo,Health,6288550,LAC 利維喜,【LAC 利維喜】美佳男用綜合維他命x1入組(共90錠/鋅/魚油/精胺酸/南非醉茄/男性必備),LAC,1288127,98,1.3 品牌欄完全相符,2026-09-21 14:59:39,LAC 利維喜,品牌欄,lac利維喜,lac,利維喜,1288127,lac,,Health,auto,3,True
momo,Health,6288603,LAC 利維喜,【LAC 利維喜】利普能膠囊x1盒組(共80顆/薑黃/山楂/荷葉/熬夜救星/素食可),LAC,1288127,98,1.3 品牌欄完全相符,2026-09-21 14:59:39,LAC 利維喜,品牌欄,lac利維喜,lac,利維喜,1288127,lac,,Health,auto,3,True
momo,Health,6288612,LAC 利維喜,【LAC 利維喜】益淨暢乳酸菌顆粒-蘋果口味x1盒組(共50包/6大益生菌/奇異果萃取/蘋果纖維/菊糖/孕媽咪適用),LAC,1288127,98,1.3 品牌欄完全相符,2026-09-21 14:59:39,LAC 利維喜,品牌欄,lac利維喜,lac,利維喜,1288127,lac,,Health,auto,3,True
momo,Health,6288625,LAC 利維喜,【LAC 利維喜】南瓜籽油膠囊x1入組(共100顆/1000mg/南瓜子/私密保健/男性必備),LAC,1288127,98,1.3 品牌欄完全相符,2026-09-21 14:59:39,LAC 利維喜,品牌欄,lac利維喜,lac,利維喜,1288127,lac,,Health,auto,3,True
momo,Health,6288627,LAC 利維喜,【LAC 利維喜】威伍士膠囊x1盒組(共60顆/瑪卡/燕麥麩/蕁麻葉/人參/沙棘/男性好孕),LAC,1288127,98,1.3 品牌欄完全相符,2026-09-21 14:59:39,LAC 利維喜,品牌欄,lac利維喜,lac,利維喜,1288127,lac,,Health,auto,3,True
momo,Health,6288629,LAC 利維喜,【LAC 利維喜】回原皙粉末x1入組(共30包/新裝上市/穀胱甘太/葡萄籽/維生素C/朝鮮薊),LAC,1288127,98,1.3 品牌欄完全相符,2026-09-21 14:59:39,LAC 利維喜,品牌欄,lac利維喜,lac,利維喜,1288127,lac,,Health,auto,3,True
momo,Health,6288631,LAC 利維喜,【LAC 利維喜】美佳女用綜合維他命x1入組(共90錠/全新升級/鐵/鈣/維他命D/玻尿酸/女性必備),LAC,1288127,98,1.3 品牌欄完全相符,2026-09-21 14:59:39,LAC 利維喜,品牌欄,lac利維喜,lac,利維喜,1288127,lac,,Health,auto,3,True
momo,Health,6609069,NOW 娜奧,【NOW娜奧】液態鎂噴霧237ml-Now Foods(舒緩肌膚壓力),NOW,2387626,93,1.4 品牌欄相符（品牌庫有重複，取業績最高）,2026-09-21 14:59:39,NOW 娜奧,品牌欄,now娜奧,now,娜奧,2387626,now,,Health,auto,3,True
momo,Health,6630241,LAC 利維喜,【LAC 利維喜】法國松樹皮鐵粉組(共300錠/葡萄籽/OPCs/高單位松樹皮/青春/醫生推薦/花青素),LAC,1288127,98,1.3 品牌欄完全相符,2026-09-21 14:59:39,LAC 利維喜,品牌欄,lac利維喜,lac,利維喜,1288127,lac,,Health,auto,3,True
momo,Health,6632896,LAC 利維喜,【LAC 利維喜】蔬果酵素精華-百香果口味x3盒組(共180包/3大酵素專利/彩虹蔬果/外食吃貨必備),LAC,1288127,98,1.3 品牌欄完全相符,2026-09-21 14:59:39,LAC 利維喜,品牌欄,lac利維喜,lac,利維喜,1288127,lac,,Health,auto,3,True
momo,Health,6729822,LAC 利維喜,【LAC 利維喜】三效C500食品錠x1入組(共90錠/三效維生素C/穀胱甘太/葡萄籽/保護力/素食可),LAC,1288127,98,1.3 品牌欄完全相符,2026-09-21 14:59:39,LAC 利維喜,品牌欄,lac利維喜,lac,利維喜,1288127,lac,,Health,auto,3,True
momo,Health,6729823,LAC 利維喜,【LAC 利維喜】三效C1000食品錠x1入組(共90錠/穀胱甘太/葡萄籽/保護力/素食可/交換禮物/換季必備),LAC,1288127,98,1.3 品牌欄完全相符,2026-09-21 14:59:39,LAC 利維喜,品牌欄,lac利維喜,lac,利維喜,1288127,lac,,Health,auto,3,True
momo,Health,6729824,LAC 利維喜,【LAC 利維喜】緩釋C500食品錠x1入組(共90錠/保護力/維他命C/天然玫瑰果/素食可),LAC,1288127,98,1.3 品牌欄完全相符,2026-09-21 14:59:39,LAC 利維喜,品牌欄,lac利維喜,lac,利維喜,1288127,lac,,Health,auto,3,True
momo,Health,6741380,CMS 宇祥,C.M.S. 採血器 未滅菌(衛部醫器輸壹字第020327號),CM'S,1110649,90,1.3 品牌欄完全相符,2026-09-21 14:59:39,CMS 宇祥,品牌欄,cms宇祥,cms,宇祥,1110649,cms,,Life & Entertainment,auto,3,True
momo,Health,6741381,CMS 宇祥,C.M.S. 採血器 未滅菌(衛部醫器輸壹字第020327號),CM'S,1110649,90,1.3 品牌欄完全相符,2026-09-21 14:59:39,CMS 宇祥,品牌欄,cms宇祥,cms,宇祥,1110649,cms,,Life & Entertainment,auto,3,True
momo,Health,7095858,LAC 利維喜,【LAC 利維喜】蔬果酵素精華嚐鮮組-百香果口味(共5包/3大酵素專利/外食吃貨必備/醫生推薦),LAC,1288127,98,1.3 品牌欄完全相符,2026-09-21 14:59:39,LAC 利維喜,品牌欄,lac利維喜,lac,利維喜,1288127,lac,,Health,auto,3,True
momo,Health,7303827,LAC 利維喜,【LAC 利維喜】法國松樹皮x2盒組(共350錠/葡萄籽/OPCs/高單位松樹皮/青春/醫生推薦/花青素),LAC,1288127,98,1.3 品牌欄完全相符,2026-09-21 14:59:39,LAC 利維喜,品牌欄,lac利維喜,lac,利維喜,1288127,lac,,Health,auto,3,True
momo,Health,7464236,LAC 利維喜,【LAC 利維喜】活力瑪卡飲x3盒組(共30包/精胺酸/瑪卡/刺五加/馬卡),LAC,1288127,98,1.3 品牌欄完全相符,2026-09-21 14:59:39,LAC 利維喜,品牌欄,lac利維喜,lac,利維喜,1288127,lac,,Health,auto,3,True
momo,Health,7464239,LAC 利維喜,【LAC 利維喜】L.Pro利普能膠囊x3盒組(共240顆/薑黃/山楂/荷葉/素食可),LAC,1288127,98,1.3 品牌欄完全相符,2026-09-21 14:59:39,LAC 利維喜,品牌欄,lac利維喜,lac,利維喜,1288127,lac,,Health,auto,3,True
momo,Health,7476642,TS6 護一生,【TS6】健康有益菌30入x4盒 益生菌 健字號(贈10入x3盒),TS6,1136012,90,1.3 品牌欄完全相符,2026-09-21 14:59:39,TS6 護一生,品牌欄,ts6護一生,ts6,護一生,1136012,ts6,,Beauty,auto,3,True
momo,Health,7534252,LAC 利維喜,【LAC 利維喜】蔬果酵素精華-百香果口味x2盒組(共120包/3大酵素專利/彩虹蔬果/外食吃貨必備),LAC,1288127,98,1.3 品牌欄完全相符,2026-09-21 14:59:39,LAC 利維喜,品牌欄,lac利維喜,lac,利維喜,1288127,lac,,Health,auto,3,True
momo,Health,7539255,LAC 利維喜,【LAC 利維喜】L.Pro利普能膠囊x2盒組(共160顆/薑黃/山楂/荷葉/素食),LAC,1288127,98,1.3 品牌欄完全相符,2026-09-21 14:59:39,LAC 利維喜,品牌欄,lac利維喜,lac,利維喜,1288127,lac,,Health,auto,3,True
momo,Health,7539256,LAC 利維喜,【LAC 利維喜】回原皙亮膠囊x2盒組(共120顆/穀胱甘太/葡萄籽/維生素C/朝鮮薊),LAC,1288127,98,1.3 品牌欄完全相符,2026-09-21 14:59:39,LAC 利維喜,品牌欄,lac利維喜,lac,利維喜,1288127,lac,,Health,auto,3,True
momo,Health,7547290,LAC 利維喜,【LAC 利維喜】采顏膠原蛋白錠x2盒組(共240錠/膠原蛋白/葡萄籽/穀胱甘太),LAC,1288127,98,1.3 品牌欄完全相符,2026-09-21 14:59:39,LAC 利維喜,品牌欄,lac利維喜,lac,利維喜,1288127,lac,,Health,auto,3,True
momo,Health,7903176,LAC 利維喜,【LAC 利維喜】銀寶美佳男用綜合維他命x1入組(共60錠/50+適用/精胺酸/B群/鋅/茄紅素/南瓜籽),LAC,1288127,98,1.3 品牌欄完全相符,2026-09-21 14:59:39,LAC 利維喜,品牌欄,lac利維喜,lac,利維喜,1288127,lac,,Health,auto,3,True
momo,Health,7903177,LAC 利維喜,【LAC 利維喜】銀寶美佳女用綜合維他命x1入組(共60錠/50+適用/玻尿酸/金盞花/魚油/蔓越莓/送禮),LAC,1288127,98,1.3 品牌欄完全相符,2026-09-21 14:59:39,LAC 利維喜,品牌欄,lac利維喜,lac,利維喜,1288127,lac,,Health,auto,3,True
momo,Health,7903197,LAC 利維喜,【LAC 利維喜】敏力捷果凍-梅子口味x1盒組(共30包/葡萄糖胺/軟骨素/uc2),LAC,1288127,98,1.3 品牌欄完全相符,2026-09-21 14:59:39,LAC 利維喜,品牌欄,lac利維喜,lac,利維喜,1288127,lac,,Health,auto,3,True
momo,Health,7913313,LAC 利維喜,【LAC 利維喜】綠蔬粉x1盒組(共30包/青汁/羽衣甘藍/蘿蔔硫素/綠拿鐵/藍藻/槲皮素/素食可/苯駢芘out),LAC,1288127,98,1.3 品牌欄完全相符,2026-09-21 14:59:39,LAC 利維喜,品牌欄,lac利維喜,lac,利維喜,1288127,lac,,Health,auto,3,True
momo,Health,7913455,LAC 利維喜,【LAC 利維喜】兒童亮晶晶果凍-百香果口味x1盒組(共30包/金盞花/山桑果/胡蘿蔔素/B群/葉黃素),LAC,1288127,98,1.3 品牌欄完全相符,2026-09-21 14:59:39,LAC 利維喜,品牌欄,lac利維喜,lac,利維喜,1288127,lac,,Health,auto,3,True
momo,Health,8078411,NOW 娜奧,【NOW 娜奧】液態維生素D3-Now Foods(一入59mL),NOW,2387626,93,1.4 品牌欄相符（品牌庫有重複，取業績最高）,2026-09-21 14:59:39,NOW 娜奧,品牌欄,now娜奧,now,娜奧,2387626,now,,Health,auto,3,True
momo,Health,8111767,LAC 利維喜,【LAC 利維喜】法國松樹皮300錠+50錠(共350錠/葡萄籽/OPCs/高單位松樹皮/青春/醫生推薦/花青素),LAC,1288127,98,1.3 品牌欄完全相符,2026-09-21 14:59:39,LAC 利維喜,品牌欄,lac利維喜,lac,利維喜,1288127,lac,,Health,auto,3,True
momo,Health,8162699,LAC 利維喜,【LAC 利維喜】蔬果酵素精華x8盒組(共160包/3大酵素專利/外食吃貨必備/醫生推薦),LAC,1288127,98,1.3 品牌欄完全相符,2026-09-21 14:59:39,LAC 利維喜,品牌欄,lac利維喜,lac,利維喜,1288127,lac,,Health,auto,3,True
momo,Health,8289948,LAC 利維喜,【LAC 利維喜】維生素B12食品錠x1入組(共90錠/1000mcg/素食可/長效型錠劑/銀寶必備),LAC,1288127,98,1.3 品牌欄完全相符,2026-09-21 14:59:39,LAC 利維喜,品牌欄,lac利維喜,lac,利維喜,1288127,lac,,Health,auto,3,True
momo,Health,8426547,HH 草本新淨界,【HH 草本新淨界】HH益生菌高纖粉 30包(200億益生菌 足量高纖 腸胃益生菌 蔬果雙酵素),H&H,1120001,85,1.4 品牌欄相符（品牌庫有重複，取業績最高）,2026-09-21 14:59:39,HH 草本新淨界,品牌欄,hh草本新淨界,hh,草本新淨界,1120001,hh,,Home & Living,auto,2,True
momo,Health,8435709,HH 草本新淨界,【HH草本新淨界】蔓越莓益菌青春膠囊60粒/瓶(私密蔓越莓 蔓越莓膠囊 蔓越莓錠),H&H,1120001,85,1.4 品牌欄相符（品牌庫有重複，取業績最高）,2026-09-21 14:59:39,HH 草本新淨界,品牌欄,hh草本新淨界,hh,草本新淨界,1120001,hh,,Home & Living,auto,2,True
momo,Health,8512788,,【AP 磁王】AP 磁王磁力貼 2000MAX-1盒組 (12粒/盒),AP,6417245,74,2.2 由商品名稱【】比對到品牌,2026-09-21 14:59:39,AP 磁王,標題【】,ap磁王,ap,磁王,6417245,ap,,Motors,,2,True
momo,Health,8735225,LAC 利維喜,【LAC 利維喜】敏力捷果凍-梅子口味x3盒組(共90包/葡萄糖胺/軟骨素/uc2),LAC,1288127,98,1.3 品牌欄完全相符,2026-09-21 14:59:39,LAC 利維喜,品牌欄,lac利維喜,lac,利維喜,1288127,lac,,Health,auto,3,True
momo,Health,8782984,,【AP 磁王】AP 磁王磁力貼 2000MAX-3盒組 (12粒/盒),AP,6417245,74,2.2 由商品名稱【】比對到品牌,2026-09-21 14:59:39,AP 磁王,標題【】,ap磁王,ap,磁王,6417245,ap,,Motors,,2,True
momo,Health,8791652,LAC 利維喜,【LAC 利維喜】益淨暢乳酸菌顆粒50包-蘋果口味x2盒組(共100包/益生菌/奇異果/木寡糖/菊糖/醫生推薦),LAC,1288127,98,1.3 品牌欄完全相符,2026-09-21 14:59:39,LAC 利維喜,品牌欄,lac利維喜,lac,利維喜,1288127,lac,,Health,auto,3,True
momo,Health,8791654,LAC 利維喜,【LAC 利維喜】益淨暢乳酸菌顆粒-蘋果口味x3盒組(共150包/益生菌/奇異果/木寡糖/菊糖/醫生推薦),LAC,1288127,98,1.3 品牌欄完全相符,2026-09-21 14:59:39,LAC 利維喜,品牌欄,lac利維喜,lac,利維喜,1288127,lac,,Health,auto,3,True
momo,Health,8799214,LAC 利維喜,【LAC 利維喜】順暢果凍-蜜桃口味x1盒組(共30包/540天醱酵/5色植化素/高酵代謝專利/醫生推薦),LAC,1288127,98,1.3 品牌欄完全相符,2026-09-21 14:59:39,LAC 利維喜,品牌欄,lac利維喜,lac,利維喜,1288127,lac,,Health,auto,3,True
momo,Health,8809892,LAC 利維喜,【LAC 利維喜】順暢果凍-蜜桃口味x3盒組(共90包/540天醱酵/5色植化素/高酵代謝專利/醫生推薦),LAC,1288127,98,1.3 品牌欄完全相符,2026-09-21 14:59:39,LAC 利維喜,品牌欄,lac利維喜,lac,利維喜,1288127,lac,,Health,auto,3,True
momo,Health,9160607,DRX 達特世,【DRX 達特世】TN95醫用4D口罩-冰晶白-成人20入/盒,DRX,4556462,85,1.4 品牌欄相符（品牌庫有重複，取業績最高）,2026-09-21 14:59:39,DRX 達特世,品牌欄,drx達特世,drx,達特世,4556462,drx,,Beauty,,3,True
momo,Health,9187338,LAC 利維喜,【LAC 利維喜】活性納豆紅麴Q10膠囊x1盒組(共60顆/納麴/降膽固醇/調節血脂/醫生推薦/大紅麴),LAC,1288127,98,1.3 品牌欄完全相符,2026-09-21 14:59:39,LAC 利維喜,品牌欄,lac利維喜,lac,利維喜,1288127,lac,,Health,auto,3,True
momo,Health,9248770,LAC 利維喜,【LAC 利維喜】順暢果凍-蜜桃口味x2盒組(共60包/540天醱酵/5色植化素/高酵代謝專利/醫生推薦),LAC,1288127,98,1.3 品牌欄完全相符,2026-09-21 14:59:39,LAC 利維喜,品牌欄,lac利維喜,lac,利維喜,1288127,lac,,Health,auto,3,True
momo,Health,9335482,NOW 娜奧,【NOW 娜奧】純薑黃精油30ml-Now Foods,NOW,2387626,93,1.4 品牌欄相符（品牌庫有重複，取業績最高）,2026-09-21 14:59:39,NOW 娜奧,品牌欄,now娜奧,now,娜奧,2387626,now,,Health,auto,3,True
momo,Health,9347717,DRX 達特世,【DRX 達特世】TN95醫用4D口罩-莫蘭迪四色-成人20入/盒,DRX,4556462,85,1.4 品牌欄相符（品牌庫有重複，取業績最高）,2026-09-21 14:59:39,DRX 達特世,品牌欄,drx達特世,drx,達特世,4556462,drx,,Beauty,,3,True
momo,Health,9583862,DRX 達特世,【DRX 達特世】TN95醫用4D口罩-兒童20入(顏色任選),DRX,4556462,85,1.4 品牌欄相符（品牌庫有重複，取業績最高）,2026-09-21 14:59:39,DRX 達特世,品牌欄,drx達特世,drx,達特世,4556462,drx,,Beauty,,3,True
momo,Health,9624825,LAC 利維喜,【LAC 利維喜】三效卵磷脂粉x1入組(共120g/哺乳媽咪首選/孕養調理/磷脂醯絲胺酸/PS/益生菌/牛初乳),LAC,1288127,98,1.3 品牌欄完全相符,2026-09-21 14:59:39,LAC 利維喜,品牌欄,lac利維喜,lac,利維喜,1288127,lac,,Health,auto,3,True
momo,Health,9685503,LAC 利維喜,【LAC 利維喜】活性納豆紅麴Q10膠囊x2盒組(共120顆/納麴/降膽固醇/調節血脂/醫生推薦/大紅麴,LAC,1288127,98,1.3 品牌欄完全相符,2026-09-21 14:59:39,LAC 利維喜,品牌欄,lac利維喜,lac,利維喜,1288127,lac,,Health,auto,3,True
momo,Health,9693936,LAC 利維喜,【LAC 利維喜】優纖伶果凍-蘋果醋口味x3盒組(共90包/白腎豆/桑樹葉/苦瓜),LAC,1288127,98,1.3 品牌欄完全相符,2026-09-21 14:59:39,LAC 利維喜,品牌欄,lac利維喜,lac,利維喜,1288127,lac,,Health,auto,3,True
momo,Health,9757503,DRX 達特世,【DRX 達特世】TN95醫用4D口罩-D2歡樂四色-兒童20入/盒,DRX,4556462,85,1.4 品牌欄相符（品牌庫有重複，取業績最高）,2026-09-21 14:59:39,DRX 達特世,品牌欄,drx達特世,drx,達特世,4556462,drx,,Beauty,,3,True
momo,Health,9778655,LAC 利維喜,【LAC 利維喜】兒童亮晶晶果凍-百香果口味x3盒組(共90包/金盞花/山桑果/兒童葉黃素),LAC,1288127,98,1.3 品牌欄完全相符,2026-09-21 14:59:39,LAC 利維喜,品牌欄,lac利維喜,lac,利維喜,1288127,lac,,Health,auto,3,True
momo,Health,9846303,LAC 利維喜,【LAC 利維喜】回原膠原蛋白飲50ml-香橙口味x3盒組(共24瓶/胎盤素/Q10/膠原飲/小棕瓶.水光QQ.送禮),LAC,1288127,98,1.3 品牌欄完全相符,2026-09-21 14:59:39,LAC 利維喜,品牌欄,lac利維喜,lac,利維喜,1288127,lac,,Health,auto,3,True
momo,Health,9854974,LAC 利維喜,【LAC 利維喜】專利葉黃素枸杞膠囊x1入組(共60顆/8倍枸杞/專利FloraGLO/護明/醫生推薦/複方葉黃素),LAC,1288127,98,1.3 品牌欄完全相符,2026-09-21 14:59:39,LAC 利維喜,品牌欄,lac利維喜,lac,利維喜,1288127,lac,,Health,auto,3,True
momo,Health,9865949,LAC 利維喜,【LAC 利維喜】精胺酸粉末-柑橘口味x1罐組(270克/左旋精胺酸/胺基酸/保護力/體力),LAC,1288127,98,1.3 品牌欄完全相符,2026-09-21 14:59:39,LAC 利維喜,品牌欄,lac利維喜,lac,利維喜,1288127,lac,,Health,auto,3,True
momo,Health,9949791,LAC 利維喜,【LAC 利維喜】蔓越莓+D甘露糖膠囊x1入組(共60顆/私密呵護/保護秘密基地/甘露糖/維生素C/素食可),LAC,1288127,98,1.3 品牌欄完全相符,2026-09-21 14:59:39,LAC 利維喜,品牌欄,lac利維喜,lac,利維喜,1288127,lac,,Health,auto,3,True
momo,Health,9949792,LAC 利維喜,【LAC 利維喜】蔓越莓膠囊x1入組(共100顆/私密呵護/保護秘密基地/素食可),LAC,1288127,98,1.3 品牌欄完全相符,2026-09-21 14:59:39,LAC 利維喜,品牌欄,lac利維喜,lac,利維喜,1288127,lac,,Health,auto,3,True
momo,Health,9951424,LAC 利維喜,【LAC 利維喜】專利葉黃素枸杞膠囊60顆x2入組(共120顆/8倍枸杞/優視/專利FloraGLO/護明),LAC,1288127,98,1.3 品牌欄完全相符,2026-09-21 14:59:39,LAC 利維喜,品牌欄,lac利維喜,lac,利維喜,1288127,lac,,Health,auto,3,True
momo,Health,9954232,LAC 利維喜,【LAC 利維喜】蔓越莓+D甘露糖膠囊60顆x2入組(共120顆/私密呵護/保護秘密基地/甘露糖/維生素C/素食可),LAC,1288127,98,1.3 品牌欄完全相符,2026-09-21 14:59:39,LAC 利維喜,品牌欄,lac利維喜,lac,利維喜,1288127,lac,,Health,auto,3,True
momo,Health,9985725,LAC 利維喜,【LAC 利維喜】蔓越莓膠囊100顆x2入組(共200顆/私密呵護/素食可),LAC,1288127,98,1.3 品牌欄完全相符,2026-09-21 14:59:39,LAC 利維喜,品牌欄,lac利維喜,lac,利維喜,1288127,lac,,Health,auto,3,True
momo,Home & Living,10129697,OTO 歐迪奧,【OTO 歐迪奧】事務強力迴紋針 28mm 霧銀款 900入裝,OTO,1802171,90,1.3 品牌欄完全相符,2026-09-21 14:57:20,OTO 歐迪奧,品牌欄,oto歐迪奧,oto,歐迪奧,1802171,oto,,Sports & Outdoors,auto,3,True
momo,Home & Living,10150677,ONE 生活,【ONE 生活】增高架/層架/書櫃層板/長28CM(收納架/分層隔板/多色),ONE,1091134,85,1.4 品牌欄相符（品牌庫有重複，取業績最高）,2026-09-21 14:57:20,ONE 生活,品牌欄,one生活,one,生活,1091134,one,,Beauty,,3,True
momo,Home & Living,10179760,spa 斐孟,【斐孟spa】法國薰衣草精油5ml.單瓶裝(紓壓安眠首選精油、五大認證),SPA,3876234,90,1.3 品牌欄完全相符,2026-09-21 14:57:20,spa 斐孟,品牌欄,spa斐孟,spa,斐孟,3876234,spa,,Beauty,auto,3,True
momo,Home & Living,10179761,spa 斐孟,【斐孟spa】茶樹精油5ml.單瓶裝(防疫首選精油、五大認證),SPA,3876234,90,1.3 品牌欄完全相符,2026-09-21 14:57:20,spa 斐孟,品牌欄,spa斐孟,spa,斐孟,3876234,spa,,Beauty,auto,3,True
momo,Home & Living,10223308,spa 斐孟,【斐孟spa】有機迷迭香精油5ml.單瓶裝(舒緩首選精油、五大認證),SPA,3876234,90,1.3 品牌欄完全相符,2026-09-21 14:57:20,spa 斐孟,品牌欄,spa斐孟,spa,斐孟,3876234,spa,,Beauty,auto,3,True
momo,Home & Living,10223309,spa 斐孟,【斐孟spa】有機檸檬草精油5ml.單瓶裝(毀菌首選精油、五大認證),SPA,3876234,90,1.3 品牌欄完全相符,2026-09-21 14:57:20,spa 斐孟,品牌欄,spa斐孟,spa,斐孟,3876234,spa,,Beauty,auto,3,True
momo,Home & Living,10223310,spa 斐孟,【斐孟spa】絲柏精油5ml.單瓶裝(循環首選精油、五大認證),SPA,3876234,90,1.3 品牌欄完全相符,2026-09-21 14:57:20,spa 斐孟,品牌欄,spa斐孟,spa,斐孟,3876234,spa,,Beauty,auto,3,True
momo,Home & Living,10223311,spa 斐孟,【斐孟spa】玫瑰天竺葵精油5ml.單瓶裝(問題肌膚首選精油、五大認證),SPA,3876234,90,1.3 品牌欄完全相符,2026-09-21 14:57:20,spa 斐孟,品牌欄,spa斐孟,spa,斐孟,3876234,spa,,Beauty,auto,3,True
momo,Home & Living,10223312,spa 斐孟,【spa 斐孟】有機精油頭皮控油精華液30ml.(頭皮理療首選精油、五大認證),SPA,3876234,90,1.3 品牌欄完全相符,2026-09-21 14:57:20,spa 斐孟,品牌欄,spa斐孟,spa,斐孟,3876234,spa,,Beauty,auto,3,True
momo,Home & Living,10223313,spa 斐孟,【斐孟spa】有機精油頭皮抗痘精華液(頭皮理療首選精油、五大認證),SPA,3876234,90,1.3 品牌欄完全相符,2026-09-21 14:57:20,spa 斐孟,品牌欄,spa斐孟,spa,斐孟,3876234,spa,,Beauty,auto,3,True
momo,Home & Living,10223315,spa 斐孟,【斐孟spa】有機羅勒精油5ml.單瓶裝(振奮首選精油、五大認證),SPA,3876234,90,1.3 品牌欄完全相符,2026-09-21 14:57:20,spa 斐孟,品牌欄,spa斐孟,spa,斐孟,3876234,spa,,Beauty,auto,3,True
momo,Home & Living,10225127,ONE 生活,【ONE 生活】增高架/層架/書櫃層板/增加書櫃容量(長38CM/收納架/分層隔板/多色),ONE,1091134,85,1.4 品牌欄相符（品牌庫有重複，取業績最高）,2026-09-21 14:57:20,ONE 生活,品牌欄,one生活,one,生活,1091134,one,,Beauty,,3,True
momo,Home & Living,10254552,DRX 達特世,【DRX 達特世】TN95醫用4D口罩-莫蘭迪四色-成人20入_3盒組,DRX,4556462,85,1.4 品牌欄相符（品牌庫有重複，取業績最高）,2026-09-21 14:57:20,DRX 達特世,品牌欄,drx達特世,drx,達特世,4556462,drx,,Beauty,,3,True
momo,Home & Living,10270283,spa 斐孟,【斐孟spa】有機純植物精油驅蚊噴霧(塵螨、蚊蟲止步、全身可使用),SPA,3876234,90,1.3 品牌欄完全相符,2026-09-21 14:57:20,spa 斐孟,品牌欄,spa斐孟,spa,斐孟,3876234,spa,,Beauty,auto,3,True
momo,Home & Living,10270284,spa 斐孟,【spa 斐孟】精油頭皮抗敏精華液(30ml/瓶;頭皮;精油;紅;癢;脫皮;痘痘;抽菸;熬夜;敏感),SPA,3876234,90,1.3 品牌欄完全相符,2026-09-21 14:57:20,spa 斐孟,品牌欄,spa斐孟,spa,斐孟,3876234,spa,,Beauty,auto,3,True
momo,Home & Living,10270285,spa 斐孟,【斐孟spa】法國薰衣草頭皮精華隔離油(敏感頭皮、有機法國薰衣草精油、染髮前用),SPA,3876234,90,1.3 品牌欄完全相符,2026-09-21 14:57:20,spa 斐孟,品牌欄,spa斐孟,spa,斐孟,3876234,spa,,Beauty,auto,3,True
momo,Home & Living,10304626,JUN 郡昱,【JUN 郡昱】成人 兒童 小童3D立體醫療口罩一盒/30入(適合1-8歲-兒童口罩、成人口罩 立體口罩),jun,3510279,98,1.3 品牌欄完全相符,2026-09-21 14:57:20,JUN 郡昱,品牌欄,jun郡昱,jun,郡昱,3510279,jun,,Home & Living,auto,3,True
momo,Home & Living,10313516,NOW 娜奧,【NOW 娜奧】美國 深型打蛋盆3件 胭脂紅 / 不鏽鋼攪拌盆 料理盆 洗滌盆 備料盆,NOW,2387626,85,1.4 品牌欄相符（品牌庫有重複，取業績最高）,2026-09-21 14:57:20,NOW 娜奧,品牌欄,now娜奧,now,娜奧,2387626,now,,Health,auto,3,True
momo,Home & Living,10313522,NOW 娜奧,【NOW 娜奧】美國 麵糰發酵布罩 烘焙27cm / 麵包布,NOW,2387626,85,1.4 品牌欄相符（品牌庫有重複，取業績最高）,2026-09-21 14:57:20,NOW 娜奧,品牌欄,now娜奧,now,娜奧,2387626,now,,Health,auto,3,True
momo,Home & Living,10314646,NOW 娜奧,【NOW 娜奧】美國 方形隔熱墊 鳥語 / 桌墊 鍋墊 餐墊 耐熱墊 杯墊,NOW,2387626,85,1.4 品牌欄相符（品牌庫有重複，取業績最高）,2026-09-21 14:57:20,NOW 娜奧,品牌欄,now娜奧,now,娜奧,2387626,now,,Health,auto,3,True
momo,Home & Living,10314650,NOW 娜奧,【NOW 娜奧】美國 長方餐墊 晨光庭園48cm / 桌墊 杯墊,NOW,2387626,85,1.4 品牌欄相符（品牌庫有重複，取業績最高）,2026-09-21 14:57:20,NOW 娜奧,品牌欄,now娜奧,now,娜奧,2387626,now,,Health,auto,3,True
momo,Home & Living,10314652,NOW 娜奧,【NOW 娜奧】美國 純棉桌旗 晨光庭園 / 餐桌布 桌墊 桌巾,NOW,2387626,85,1.4 品牌欄相符（品牌庫有重複，取業績最高）,2026-09-21 14:57:20,NOW 娜奧,品牌欄,now娜奧,now,娜奧,2387626,now,,Health,auto,3,True
momo,Home & Living,10314696,NOW 娜奧,【NOW 娜奧】美國 束口收納袋 條紋 / 環保密封袋 保鮮收納袋,NOW,2387626,85,1.4 品牌欄相符（品牌庫有重複，取業績最高）,2026-09-21 14:57:20,NOW 娜奧,品牌欄,now娜奧,now,娜奧,2387626,now,,Health,auto,3,True
momo,Home & Living,10314700,NOW 娜奧,【NOW 娜奧】美國 長方碗盤布罩 茱麗葉 / 收納 環保 外帶 防潮 發酵,NOW,2387626,85,1.4 品牌欄相符（品牌庫有重複，取業績最高）,2026-09-21 14:57:20,NOW 娜奧,品牌欄,now娜奧,now,娜奧,2387626,now,,Health,auto,3,True
momo,Home & Living,10315063,NOW 娜奧,【NOW 娜奧】美國 石陶馬克杯340ml / 水杯 茶杯 咖啡杯,NOW,2387626,85,1.4 品牌欄相符（品牌庫有重複，取業績最高）,2026-09-21 14:57:20,NOW 娜奧,品牌欄,now娜奧,now,娜奧,2387626,now,,Health,auto,3,True
momo,Home & Living,10452049,NOW 娜奧,【NOW 娜奧】美國 雙柄瀝水籃 霧銀17cm / 瀝水盆,NOW,2387626,85,1.4 品牌欄相符（品牌庫有重複，取業績最高）,2026-09-21 14:57:20,NOW 娜奧,品牌欄,now娜奧,now,娜奧,2387626,now,,Health,auto,3,True
momo,Home & Living,10452050,NOW 娜奧,【NOW 娜奧】美國 雙柄瀝水籃 玫瑰金22cm / 瀝水盆,NOW,2387626,85,1.4 品牌欄相符（品牌庫有重複，取業績最高）,2026-09-21 14:57:20,NOW 娜奧,品牌欄,now娜奧,now,娜奧,2387626,now,,Health,auto,3,True
momo,Home & Living,10470508,W.I.P 台灣聯合,【W.I.P 台灣聯合】特大圖筒-附背帶(圖筒 收納筒 畫筒),W.I.P,1334993,98,1.3 品牌欄完全相符,2026-09-21 14:57:20,W.I.P 台灣聯合,品牌欄,wip臺灣聯合,wip,臺灣聯合,1334993,wip,,Home & Living,auto,3,True
momo,Home & Living,10731898,SKB 文明,【SKB 文明】造型削鉛筆器(3款1包),SKB,1135929,98,1.3 品牌欄完全相符,2026-09-21 14:57:20,SKB 文明,品牌欄,skb文明,skb,文明,1135929,skb,,Home & Living,auto,3,True
momo,Home & Living,10789371,BS 荷蘭,【荷蘭BS】愛吹牛的大象(團康遊戲 益智桌遊 骰子吹牛 家庭聚會),BS,6353151,85,1.4 品牌欄相符（品牌庫有重複，取業績最高）,2026-09-21 14:57:20,BS 荷蘭,品牌欄,bs荷蘭,bs,荷蘭,6353151,bs,,Mother & Baby,auto,2,True
momo,Home & Living,10789375,BS 荷蘭,【荷蘭BS】滾珠夾夾夾(益智桌遊 室內遊戲 手眼協調 色彩辨識 競賽),BS,6353151,85,1.4 品牌欄相符（品牌庫有重複，取業績最高）,2026-09-21 14:57:20,BS 荷蘭,品牌欄,bs荷蘭,bs,荷蘭,6353151,bs,,Mother & Baby,auto,2,True
momo,Home & Living,10837930,JUN 郡昱,【JUN 郡昱】3D新生兒立體醫療口罩(適合0-2歲-超幼 幼幼口罩),jun,3510279,98,1.3 品牌欄完全相符,2026-09-21 14:57:20,JUN 郡昱,品牌欄,jun郡昱,jun,郡昱,3510279,jun,,Home & Living,auto,3,True
momo,Home & Living,10844763,spa 斐孟,【斐孟SPA】甜橙精油5ml.單瓶裝(嫩白紓壓首選精油、生活多功能使用),SPA,3876234,90,1.3 品牌欄完全相符,2026-09-21 14:57:20,spa 斐孟,品牌欄,spa斐孟,spa,斐孟,3876234,spa,,Beauty,auto,3,True
momo,Home & Living,10844764,spa 斐孟,【斐孟SPA】檸檬精油5ml.單瓶裝(嫩白紓壓首選精油、生活多功能使用),SPA,3876234,90,1.3 品牌欄完全相符,2026-09-21 14:57:20,spa 斐孟,品牌欄,spa斐孟,spa,斐孟,3876234,spa,,Beauty,auto,3,True
momo,Home & Living,10844765,spa 斐孟,【斐孟SPA】原木精油收藏盒12格(多款精油收藏、生活多功能使用),SPA,3876234,90,1.3 品牌欄完全相符,2026-09-21 14:57:20,spa 斐孟,品牌欄,spa斐孟,spa,斐孟,3876234,spa,,Beauty,auto,3,True
momo,Home & Living,10924318,BWT 德國倍世,【BWT 德國倍世】矽鎂離子濾芯 3入組(歐洲原裝進口),BWT,1127990,90,1.3 品牌欄完全相符,2026-09-21 14:57:20,BWT 德國倍世,品牌欄,bwt德國倍世,bwt,德國倍世,1127990,bwt,,Home Electronic,auto,3,True
momo,Home & Living,11013641,spa 斐孟,【斐孟spa】檸檬頭皮精華隔離油30ml.(敏感頭皮、檸檬精油、染髮、隔離、頭皮、敏弱),SPA,3876234,90,1.3 品牌欄完全相符,2026-09-21 14:57:20,spa 斐孟,品牌欄,spa斐孟,spa,斐孟,3876234,spa,,Beauty,auto,3,True
momo,Home & Living,11013642,spa 斐孟,【斐孟spa】檸檬頭皮精華隔離油 30ml.x3入(敏感頭皮、添加檸檬精油、染髮前用),SPA,3876234,90,1.3 品牌欄完全相符,2026-09-21 14:57:20,spa 斐孟,品牌欄,spa斐孟,spa,斐孟,3876234,spa,,Beauty,auto,3,True
momo,Home & Living,11096481,Ran 冉,【Ran 冉】家庭洗衣精組合,Ran,1594021,93,1.4 品牌欄相符（品牌庫有重複，取業績最高）,2026-09-21 14:57:20,Ran 冉,品牌欄,ran冉,ran,冉,1594021,ran,,Home & Living,,3,True
momo,Home & Living,11107818,spa 斐孟,【斐孟spa】法國薰衣草頭皮精華隔離油x3入(敏感頭皮、有機法國薰衣草精油、染髮前用),SPA,3876234,90,1.3 品牌欄完全相符,2026-09-21 14:57:20,spa 斐孟,品牌欄,spa斐孟,spa,斐孟,3876234,spa,,Beauty,auto,3,True
momo,Home & Living,11141784,,【東京 Ito】四格冰箱分類保鮮收納盒(蔥花 環保 備菜 凍肉 肉絲 肉片 配菜 上班族),ITO,1216067,85,2.2 由商品名稱【】比對到品牌,2026-09-21 14:57:20,東京 Ito,標題【】,東京ito,ito,東京,1216067,ito,,Beauty,,3,True
momo,Home & Living,11144394,H&R 安室家,【H&R 安室家】USB電動磨刀神器(自動磨刀器 磨刀石 家用磨刀器),H&R,5131488,79,1.4 品牌欄相符（品牌庫有重複，取業績最高）,2026-09-21 14:57:20,H&R 安室家,品牌欄,hr安室家,hr,安室家,5131488,hr,,Motors,,2,True
momo,Home & Living,11258829,,【東京 Ito】10片裝加厚抽油煙機通用吸油棉條(廚房 家用 防油貼 面紙 接油槽 過濾網 側吸盒),ITO,1216067,85,2.2 由商品名稱【】比對到品牌,2026-09-21 14:57:20,東京 Ito,標題【】,東京ito,ito,東京,1216067,ito,,Beauty,,3,True
momo,Home & Living,11264135,,【東京 Ito】免打孔自動伸縮電動牙刷架(壁掛牙具 置物架 衛生間 廁所 浴室 牙刷底座 自動收緊 通用),ITO,1216067,85,2.2 由商品名稱【】比對到品牌,2026-09-21 14:57:20,東京 Ito,標題【】,東京ito,ito,東京,1216067,ito,,Beauty,,3,True
momo,Home & Living,11267390,,【東京 Ito】多功能360度旋轉雙層置物架(廚房 調料瓶 水果 化妝品 收納架 PET 可拆卸組裝 浴室),ITO,1216067,85,2.2 由商品名稱【】比對到品牌,2026-09-21 14:57:20,東京 Ito,標題【】,東京ito,ito,東京,1216067,ito,,Beauty,,3,True
momo,Home & Living,11271485,,【東京 Ito】兒童卡通牙刷小恐龍U型牙刷 適合3-8歲(矽膠 軟毛 刷牙 蛀牙 洗牙 牙醫 安全環保 toothbrush),ITO,1216067,85,2.2 由商品名稱【】比對到品牌,2026-09-21 14:57:20,東京 Ito,標題【】,東京ito,ito,東京,1216067,ito,,Beauty,,3,True
momo,Home & Living,11281061,,【東京 Ito】7格內衣褲收納神器抽屜收納盒(內衣 內褲 分格 家用 衣櫃 分類盒 宿舍),ITO,1216067,85,2.2 由商品名稱【】比對到品牌,2026-09-21 14:57:20,東京 Ito,標題【】,東京ito,ito,東京,1216067,ito,,Beauty,,3,True
momo,Home & Living,11281062,,【東京 Ito】20格襪子收納神器抽屜收納盒(內衣 內褲 分格 家用 衣櫃 分類盒 宿舍),ITO,1216067,85,2.2 由商品名稱【】比對到品牌,2026-09-21 14:57:20,東京 Ito,標題【】,東京ito,ito,東京,1216067,ito,,Beauty,,3,True
momo,Home & Living,11295159,,【東京 Ito】壁掛式隱形二折曬衣架(免打孔 小戶型 陽台 晾衣桿 承重力強 節省空間 鋁材 不生鏽腐蝕 浴室),ITO,1216067,85,2.2 由商品名稱【】比對到品牌,2026-09-21 14:57:20,東京 Ito,標題【】,東京ito,ito,東京,1216067,ito,,Beauty,,3,True
momo,Home & Living,11299642,,【東京 Ito】廚房必備電子秤量勺(迷你勺子 調料秤 稱克重 咖啡 藥材 烘培 蛋糕 湯匙),ITO,1216067,85,2.2 由商品名稱【】比對到品牌,2026-09-21 14:57:20,東京 Ito,標題【】,東京ito,ito,東京,1216067,ito,,Beauty,,3,True
momo,Home & Living,11328674,,【東京 Ito】太陽能冰磚地埋燈(景觀 陽台 花園 地磚 庭院 裝飾 IP67防水 免布線 戶外 吧台),ITO,1216067,85,2.2 由商品名稱【】比對到品牌,2026-09-21 14:57:20,東京 Ito,標題【】,東京ito,ito,東京,1216067,ito,,Beauty,,3,True
momo,Home & Living,11332876,,【東京 Ito】便攜式牙刷盒(旅行 外出 牙刷 餐具盒 鉛筆盒 牙膏收納盒 出差 密封 露營),ITO,1216067,85,2.2 由商品名稱【】比對到品牌,2026-09-21 14:57:20,東京 Ito,標題【】,東京ito,ito,東京,1216067,ito,,Beauty,,3,True
momo,Home & Living,11332965,,【東京 Ito】一次性無紡布加厚雙層馬桶墊(家居 旅行 戶外 衛生 獨立包裝 坐便套 便攜 通用款 出差 廁所),ITO,1216067,85,2.2 由商品名稱【】比對到品牌,2026-09-21 14:57:20,東京 Ito,標題【】,東京ito,ito,東京,1216067,ito,,Beauty,,3,True
momo,Home & Living,11334482,Ran 冉,【Ran 冉】母嬰限定組合(玫瑰鼠尾草洗衣精+雪松白茶手洗精),Ran,1594021,93,1.4 品牌欄相符（品牌庫有重複，取業績最高）,2026-09-21 14:57:20,Ran 冉,品牌欄,ran冉,ran,冉,1594021,ran,,Home & Living,,3,True
momo,Home & Living,11407160,,【東京 Ito】廚房可伸縮置物架(調料瓶雙層 不銹鋼 檯面 鍋碗碟收納架 分層 櫥櫃 浴室),ITO,1216067,85,2.2 由商品名稱【】比對到品牌,2026-09-21 14:57:20,東京 Ito,標題【】,東京ito,ito,東京,1216067,ito,,Beauty,,3,True
momo,Home & Living,11416392,,【東京 Ito】一次性加厚泡澡袋 10入(木桶洗澡袋 酒店 浴缸袋 沐浴袋 旅行 耐高溫 獨立包裝 度假),ITO,1216067,85,2.2 由商品名稱【】比對到品牌,2026-09-21 14:57:20,東京 Ito,標題【】,東京ito,ito,東京,1216067,ito,,Beauty,,3,True
momo,Home & Living,11510099,spa 斐孟,【斐孟SPA】典藏精油組12入、送原木精油收藏盒(居家必備、生活多功能使用),SPA,3876234,90,1.3 品牌欄完全相符,2026-09-21 14:57:20,spa 斐孟,品牌欄,spa斐孟,spa,斐孟,3876234,spa,,Beauty,auto,3,True
momo,Home & Living,11579407,,【東京 Ito】簡約大螢幕電子鬧鐘(日系 Alarm Clock LED 溫度計 數字鐘 光控聰明鐘 電子鐘 座枱鬧鐘),ITO,1216067,85,2.2 由商品名稱【】比對到品牌,2026-09-21 14:57:20,東京 Ito,標題【】,東京ito,ito,東京,1216067,ito,,Beauty,,3,True
momo,Home & Living,11580259,,【東京 Ito】全不銹鋼可掛鍋邊 304 不銹鋼片油隔油湯杓(不銹鋼 火鍋隔油 大湯勺 湯匙 火鍋去油 撇油),ITO,1216067,85,2.2 由商品名稱【】比對到品牌,2026-09-21 14:57:20,東京 Ito,標題【】,東京ito,ito,東京,1216067,ito,,Beauty,,3,True
momo,Home & Living,11580260,,【東京 Ito】二合一湯杓(小麥秸稈湯漏 耐高溫 家用火鍋漏勺 粥勺 廚房湯漏 兩用杓 湯盆菜 火鍋),ITO,1216067,85,2.2 由商品名稱【】比對到品牌,2026-09-21 14:57:20,東京 Ito,標題【】,東京ito,ito,東京,1216067,ito,,Beauty,,3,True
momo,Home & Living,11585825,,【東京 Ito】50片獨立包裝加長加厚一次性座廁墊紙(便攜裝紙製一次性馬桶坐墊 馬桶墊 公廁神器),ITO,1216067,85,2.2 由商品名稱【】比對到品牌,2026-09-21 14:57:20,東京 Ito,標題【】,東京ito,ito,東京,1216067,ito,,Beauty,,3,True
momo,Home & Living,11607757,,【東京 Ito】粉紅色旅行衣物收納袋 六件裝(旅行袋 行李袋 行李 分類 旅行包 收納包內衣文胸整理袋 鞋袋),ITO,1216067,85,2.2 由商品名稱【】比對到品牌,2026-09-21 14:57:20,東京 Ito,標題【】,東京ito,ito,東京,1216067,ito,,Beauty,,3,True
momo,Home & Living,11608061,,【東京 Ito】珊瑚絨乾髮帽(乾髮毛巾 頭巾 浴帽干發帽 吸水力強 快乾 超強吸水速乾可愛加厚浴帽乾髮帽),ITO,1216067,85,2.2 由商品名稱【】比對到品牌,2026-09-21 14:57:20,東京 Ito,標題【】,東京ito,ito,東京,1216067,ito,,Beauty,,3,True
momo,Home & Living,11612720,SKB 文明,【SKB 文明】IP-2401 專業級自動素描鉛筆 鐵盒裝 12入,SKB,1135929,98,1.3 品牌欄完全相符,2026-09-21 14:57:20,SKB 文明,品牌欄,skb文明,skb,文明,1135929,skb,,Home & Living,auto,3,True
momo,Home & Living,11615406,,【東京 Ito】4入 竹纖維洗碗不沾油抹布(廚房不掉毛洗碗 吸水 百潔布 竹炭 廚房 地板 擦拭布 吸水巾),ITO,1216067,85,2.2 由商品名稱【】比對到品牌,2026-09-21 14:57:20,東京 Ito,標題【】,東京ito,ito,東京,1216067,ito,,Beauty,,3,True
momo,Home & Living,11633841,,【東京 Ito】不鏽鋼牙刷架(浴室收納架 浴室置物架 置物架 不鏽鋼置物架 分隔牙刷 牙刷置物 收納用品),ITO,1216067,85,2.2 由商品名稱【】比對到品牌,2026-09-21 14:57:20,東京 Ito,標題【】,東京ito,ito,東京,1216067,ito,,Beauty,,3,True
momo,Home & Living,11633842,,【東京 Ito】藍色日系多功能清潔工具瀝水架(廚房清潔工具海綿瀝水架 無印風 窄身 幼 毛巾架 廚房架),ITO,1216067,85,2.2 由商品名稱【】比對到品牌,2026-09-21 14:57:20,東京 Ito,標題【】,東京ito,ito,東京,1216067,ito,,Beauty,,3,True
momo,Home & Living,11675633,,【東京 Ito】壁掛式磁吸刷牙杯(牙刷 免打孔 無痕 漱口杯套裝 家用 浴室收納 置物架),ITO,1216067,85,2.2 由商品名稱【】比對到品牌,2026-09-21 14:57:20,東京 Ito,標題【】,東京ito,ito,東京,1216067,ito,,Beauty,,3,True
momo,Home & Living,11676305,ACE 英士牌,【ACE 英士牌】極致 英士墨筆 黑(3入1包),ACE,1120063,85,1.4 品牌欄相符（品牌庫有重複，取業績最高）,2026-09-21 14:57:20,ACE 英士牌,品牌欄,ace英士牌,ace,英士牌,1120063,ace,,Food & Beverages,,3,True
momo,Home & Living,11683027,,【東京 Ito】簡約波浪吊帶無痕防滑衣架(多功能 衣服 掛絲巾 吊帶 領帶 圍巾 絲巾可疊加),ITO,1216067,85,2.2 由商品名稱【】比對到品牌,2026-09-21 14:57:20,東京 Ito,標題【】,東京ito,ito,東京,1216067,ito,,Beauty,,3,True
momo,Home & Living,11683903,,【東京 Ito】內褲內衣襪子文胸收納盒三件套(家用分格 抽屜式 可折疊 大容量 可水洗 家居收納),ITO,1216067,85,2.2 由商品名稱【】比對到品牌,2026-09-21 14:57:20,東京 Ito,標題【】,東京ito,ito,東京,1216067,ito,,Beauty,,3,True
momo,Home & Living,11684024,,【東京 Ito】防塵收納帶蓋7格理線透明盒(集線器 整理盒 桌面數據線收納盒 手機充電線 電源線 防塵) 限,ITO,1216067,85,2.2 由商品名稱【】比對到品牌,2026-09-21 14:57:20,東京 Ito,標題【】,東京ito,ito,東京,1216067,ito,,Beauty,,3,True
momo,Home & Living,11684032,,【東京 Ito】無痕貼壁掛式抽紙盒(廚房牆上紙巾架 多功能廁所紙巾盒 櫥櫃底部 衛生紙盒 衛生紙架 掛勾 雙1),ITO,1216067,85,2.2 由商品名稱【】比對到品牌,2026-09-21 14:57:20,東京 Ito,標題【】,東京ito,ito,東京,1216067,ito,,Beauty,,3,True
momo,Home & Living,11690838,,【東京 Ito】免打孔垃圾袋收納盒 藍色(廚房壁掛裝垃圾袋盒子 抽取塑料袋置物盒),ITO,1216067,85,2.2 由商品名稱【】比對到品牌,2026-09-21 14:57:20,東京 Ito,標題【】,東京ito,ito,東京,1216067,ito,,Beauty,,3,True
momo,Home & Living,11694710,,【東京 Ito】剝玉米神器家用玉米刨脫粒機(撥玉米粒剝離器 分離器 廚房 刨刀 食物級 去玉米粒 綠巨人),ITO,1216067,85,2.2 由商品名稱【】比對到品牌,2026-09-21 14:57:20,東京 Ito,標題【】,東京ito,ito,東京,1216067,ito,,Beauty,,3,True
momo,Home & Living,11697897,,【東京 Ito】粘貼式創意車載垃圾袋 15入(一次性塑料袋 車用垃圾收納袋 防水 遠行 外遊),ITO,1216067,85,2.2 由商品名稱【】比對到品牌,2026-09-21 14:57:20,東京 Ito,標題【】,東京ito,ito,東京,1216067,ito,,Beauty,,3,True
momo,Home & Living,11698516,,【東京 Ito】早餐帶蓋連叉子沙拉杯 白色(梅森杯 酸奶杯 便攜牛奶 減肥瘦身),ITO,1216067,85,2.2 由商品名稱【】比對到品牌,2026-09-21 14:57:20,東京 Ito,標題【】,東京ito,ito,東京,1216067,ito,,Beauty,,3,True
momo,Home & Living,11698518,,【東京 Ito】食品零食袋封口夾連收納盒冰箱貼 5入(胡蘿蔔密封夾 袋子 磁鐵 密封防潮 保鮮袋),ITO,1216067,85,2.2 由商品名稱【】比對到品牌,2026-09-21 14:57:20,東京 Ito,標題【】,東京ito,ito,東京,1216067,ito,,Beauty,,3,True
momo,Home & Living,11711342,,【東京 Ito】牛津布手提衣物收納袋(換季 防潮棉被袋 大容量居家衣服收納袋 被子整理搬家袋),ITO,1216067,85,2.2 由商品名稱【】比對到品牌,2026-09-21 14:57:20,東京 Ito,標題【】,東京ito,ito,東京,1216067,ito,,Beauty,,3,True
momo,Home & Living,11724402,,【東京 Ito】旅行家用便攜式針線包 24卷顏色97件套裝(縫紉配件 連收納包 針線套裝 家居針線組合),ITO,1216067,85,2.2 由商品名稱【】比對到品牌,2026-09-21 14:57:20,東京 Ito,標題【】,東京ito,ito,東京,1216067,ito,,Beauty,,3,True
momo,Home & Living,11777389,,【東京 Ito】3kg/0.1g 家用廚房電子磅電子秤(不銹鋼精度電子天平台秤 g/oz/ml/fl:oz),ITO,1216067,85,2.2 由商品名稱【】比對到品牌,2026-09-21 14:57:20,東京 Ito,標題【】,東京ito,ito,東京,1216067,ito,,Beauty,,3,True
momo,Home & Living,11828355,,【東京 Ito】5入可疊加衣架(褲夾 曬衣架 褲子衣架 夾子衣架 裙子衣架 疊加收納省空間 hanger),ITO,1216067,85,2.2 由商品名稱【】比對到品牌,2026-09-21 14:57:20,東京 Ito,標題【】,東京ito,ito,東京,1216067,ito,,Beauty,,3,True
momo,Home & Living,11828699,,【東京 Ito】迷你烈酒燒酒啤酒杯(派對杯 玻璃小酒杯 shot杯 43把杯 shot glass),ITO,1216067,85,2.2 由商品名稱【】比對到品牌,2026-09-21 14:57:20,東京 Ito,標題【】,東京ito,ito,東京,1216067,ito,,Beauty,,3,True
momo,Home & Living,11831450,,【東京 Ito】50片裝 雙面黃板沾蟲板(粘蟲板 誘蟲板 蒼蠅板 昆蟲陷阱 滅蚊露營 果園溫室園藝黏蟲防蟲),ITO,1216067,85,2.2 由商品名稱【】比對到品牌,2026-09-21 14:57:20,東京 Ito,標題【】,東京ito,ito,東京,1216067,ito,,Beauty,,3,True
momo,Home & Living,11859741,,【東京 Ito】家用迷你溫濕度計(指針式 室內高精度濕度計 溫濕度表 免電池溫度計 雪茄 紅酒 水族箱),ITO,1216067,85,2.2 由商品名稱【】比對到品牌,2026-09-21 14:57:20,東京 Ito,標題【】,東京ito,ito,東京,1216067,ito,,Beauty,,3,True
momo,Home & Living,11862136,,【東京 Ito】防爆防裂開1.5米蓮蓬頭軟管(不鏽鋼軟管 蓮蓬頭管 水龍頭管 防爆水管 洗澡 淋浴 熱水器 花灑),ITO,1216067,85,2.2 由商品名稱【】比對到品牌,2026-09-21 14:57:20,東京 Ito,標題【】,東京ito,ito,東京,1216067,ito,,Beauty,,3,True
momo,Home & Living,11877128,,【東京 Ito】旅行智能門阻門擋(門壓式防盜報警器 超高分貝響 防狼防小偷 家居安全 別墅 租房 alarm door),ITO,1216067,85,2.2 由商品名稱【】比對到品牌,2026-09-21 14:57:20,東京 Ito,標題【】,東京ito,ito,東京,1216067,ito,,Beauty,,3,True
momo,Home & Living,11937378,,【東京 Ito】手提折疊小鞋袋(旅行收納包 鞋子收納袋 多功能防水沙灘旅遊鞋包 鞋架 鞋盒 shoe bag),ITO,1216067,85,2.2 由商品名稱【】比對到品牌,2026-09-21 14:57:20,東京 Ito,標題【】,東京ito,ito,東京,1216067,ito,,Beauty,,3,True
momo,Home & Living,11945676,GB 綠鐘,【GB 綠鐘】GREEN BELL日本綠鐘Kitchen多功能廚房料理剪刀(G-2005),gb,4405709,85,1.4 品牌欄相符（品牌庫有重複，取業績最高）,2026-09-21 14:57:20,GB 綠鐘,品牌欄,gb綠鐘,gb,綠鐘,4405709,gb,,Mother & Baby,auto,2,True
momo,Home & Living,11945677,GB 綠鐘,【GB 綠鐘】GREEN BELL日本綠鐘Kitchen多功能廚房料理剪刀(G-2006),gb,4405709,85,1.4 品牌欄相符（品牌庫有重複，取業績最高）,2026-09-21 14:57:20,GB 綠鐘,品牌欄,gb綠鐘,gb,綠鐘,4405709,gb,,Mother & Baby,auto,2,True
momo,Home & Living,11945678,GB 綠鐘,【GB 綠鐘】GREEN BELL日本綠鐘Kitchen多用途附壁掛盒料理剪刀(G-2007),gb,4405709,85,1.4 品牌欄相符（品牌庫有重複，取業績最高）,2026-09-21 14:57:20,GB 綠鐘,品牌欄,gb綠鐘,gb,綠鐘,4405709,gb,,Mother & Baby,auto,2,True
momo,Home & Living,11945679,GB 綠鐘,【GB 綠鐘】GREEN BELL日本綠鐘Kitchen多用途附壁掛盒料理剪刀(G-2008),gb,4405709,85,1.4 品牌欄相符（品牌庫有重複，取業績最高）,2026-09-21 14:57:20,GB 綠鐘,品牌欄,gb綠鐘,gb,綠鐘,4405709,gb,,Mother & Baby,auto,2,True
momo,Home & Living,11945681,GB 綠鐘,【GB 綠鐘】GREEN BELL日本綠鐘Kitchen不鏽鋼附掛磁吸多用途小剪刀(G-2030),gb,4405709,85,1.4 品牌欄相符（品牌庫有重複，取業績最高）,2026-09-21 14:57:20,GB 綠鐘,品牌欄,gb綠鐘,gb,綠鐘,4405709,gb,,Mother & Baby,auto,2,True
momo,Home & Living,11945682,GB 綠鐘,【GB 綠鐘】GREEN BELL日本綠鐘Kitchen多功能不鏽鋼廚房料理彎式剪刀(SJ-K110),gb,4405709,85,1.4 品牌欄相符（品牌庫有重複，取業績最高）,2026-09-21 14:57:20,GB 綠鐘,品牌欄,gb綠鐘,gb,綠鐘,4405709,gb,,Mother & Baby,auto,2,True
momo,Home & Living,11945683,GB 綠鐘,【GB 綠鐘】GREEN BELL日本綠鐘Kitchen多功能不鏽鋼廚房料理直式剪刀(SJ-K105),gb,4405709,85,1.4 品牌欄相符（品牌庫有重複，取業績最高）,2026-09-21 14:57:20,GB 綠鐘,品牌欄,gb綠鐘,gb,綠鐘,4405709,gb,,Mother & Baby,auto,2,True
momo,Home & Living,11945685,GB 綠鐘,【GB 綠鐘】GREEN BELL日本綠鐘匠之技鍛造不鏽鋼廚房小三德包丁料理刀(SJ-K300),gb,4405709,85,1.4 品牌欄相符（品牌庫有重複，取業績最高）,2026-09-21 14:57:20,GB 綠鐘,品牌欄,gb綠鐘,gb,綠鐘,4405709,gb,,Mother & Baby,auto,2,True
momo,Home & Living,11945686,GB 綠鐘,【GB 綠鐘】GREEN BELL日本綠鐘匠之技鍛造不鏽鋼廚房小三德包丁料理刀(SJ-K310),gb,4405709,85,1.4 品牌欄相符（品牌庫有重複，取業績最高）,2026-09-21 14:57:20,GB 綠鐘,品牌欄,gb綠鐘,gb,綠鐘,4405709,gb,,Mother & Baby,auto,2,True
momo,Home & Living,11958450,SKB 文明,【SKB 文明】金屬色鉛筆24色 NP-1401,SKB,1135929,98,1.3 品牌欄完全相符,2026-09-21 14:57:20,SKB 文明,品牌欄,skb文明,skb,文明,1135929,skb,,Home & Living,auto,3,True
momo,Home & Living,11988230,,【ITO 日本伊藤】旅行3件組(3入組/一次性免洗毛巾6條+浴巾3條),ITO,1216067,85,2.2 由商品名稱【】比對到品牌,2026-09-21 14:57:20,ITO 日本伊藤,標題【】,ito日本伊藤,ito,日本伊藤,1216067,ito,,Beauty,,3,True
momo,Home & Living,11999749,NOW 娜奧,【NOW】美國 扣式密封收納罐 知更蛋藍946ml / 保鮮罐 咖啡罐 收納罐 零食罐 儲物罐,NOW,2387626,85,1.4 品牌欄相符（品牌庫有重複，取業績最高）,2026-09-21 14:57:20,NOW 娜奧,品牌欄,now娜奧,now,娜奧,2387626,now,,Health,auto,3,True
momo,Home & Living,12000015,GB 綠鐘,【GB 綠鐘】GREEN BELL日本綠鐘匠之技鍛造不銹鋼魚骨&蔬菜料理專用夾(G-2004),gb,4405709,85,1.4 品牌欄相符（品牌庫有重複，取業績最高）,2026-09-21 14:57:20,GB 綠鐘,品牌欄,gb綠鐘,gb,綠鐘,4405709,gb,,Mother & Baby,auto,2,True
momo,Home & Living,12000065,NOW 娜奧,【NOW】美國 瓷製馬克杯 鳥語400ml / 水杯 茶杯 咖啡杯,NOW,2387626,85,1.4 品牌欄相符（品牌庫有重複，取業績最高）,2026-09-21 14:57:20,NOW 娜奧,品牌欄,now娜奧,now,娜奧,2387626,now,,Health,auto,3,True
momo,Home & Living,12000067,NOW 娜奧,【NOW 娜奧】美國 石陶馬克杯 藍格紋375ml / 水杯 茶杯 咖啡杯,NOW,2387626,85,1.4 品牌欄相符（品牌庫有重複，取業績最高）,2026-09-21 14:57:20,NOW 娜奧,品牌欄,now娜奧,now,娜奧,2387626,now,,Health,auto,3,True
momo,Home & Living,12001761,NOW 娜奧,【NOW 娜奧】美國 烘焙隔熱手套單支 蜻蜓 / 防燙手套 烘焙耐熱手套,NOW,2387626,85,1.4 品牌欄相符（品牌庫有重複，取業績最高）,2026-09-21 14:57:20,NOW 娜奧,品牌欄,now娜奧,now,娜奧,2387626,now,,Health,auto,3,True
momo,Home & Living,12001763,NOW 娜奧,【NOW】美國 烘焙隔熱手套單支 抹茶綠 / 防燙 烘焙 耐熱套,NOW,2387626,85,1.4 品牌欄相符（品牌庫有重複，取業績最高）,2026-09-21 14:57:20,NOW 娜奧,品牌欄,now娜奧,now,娜奧,2387626,now,,Health,auto,3,True
momo,Home & Living,12051091,,【HTT 新幹線】LH-323 A3護貝機(可使用 80☆-125☆ 厚度護背膠膜),H.T.T,1215937,85,2.2 由商品名稱【】比對到品牌,2026-09-21 14:57:20,HTT 新幹線,標題【】,htt新幹線,htt,新幹線,1215937,htt,,Home Electronic,,3,True
momo,Home & Living,12126746,DRX 達特世,【DRX 達特世】TN95醫用4D口罩-馬卡龍四色-兒童20入_3盒組,DRX,4556462,85,1.4 品牌欄相符（品牌庫有重複，取業績最高）,2026-09-21 14:57:20,DRX 達特世,品牌欄,drx達特世,drx,達特世,4556462,drx,,Beauty,,3,True
momo,Home & Living,12205974,W.I.P 台灣聯合,【W.I.P 台灣聯合】硬質名牌套-50入,W.I.P,1334993,98,1.3 品牌欄完全相符,2026-09-21 14:57:20,W.I.P 台灣聯合,品牌欄,wip臺灣聯合,wip,臺灣聯合,1334993,wip,,Home & Living,auto,3,True
momo,Home & Living,12210550,W.I.P 台灣聯合,【W.I.P 台灣聯合】加大識別套-直式 100入(識別套),W.I.P,1334993,98,1.3 品牌欄完全相符,2026-09-21 14:57:20,W.I.P 台灣聯合,品牌欄,wip臺灣聯合,wip,臺灣聯合,1334993,wip,,Home & Living,auto,3,True
momo,Home & Living,12298313,GB 綠鐘,【GB 綠鐘】GREEN BELL日本綠鐘不銹鋼極薄齒面潔牙棒(QQ-D81),gb,4405709,85,1.4 品牌欄相符（品牌庫有重複，取業績最高）,2026-09-21 14:57:20,GB 綠鐘,品牌欄,gb綠鐘,gb,綠鐘,4405709,gb,,Mother & Baby,auto,2,True
momo,Home & Living,12298314,GB 綠鐘,【GB 綠鐘】GREEN BELL日本綠鐘不銹鋼安全刮舌苔棒(QQ-D82),gb,4405709,85,1.4 品牌欄相符（品牌庫有重複，取業績最高）,2026-09-21 14:57:20,GB 綠鐘,品牌欄,gb綠鐘,gb,綠鐘,4405709,gb,,Mother & Baby,auto,2,True
momo,Home & Living,12414080,GB 綠鐘,【GB 綠鐘】GREEN BELL日本綠鐘Kitchen廚房用可拆式二合一料理剪刀(SJ-K220),gb,4405709,85,1.4 品牌欄相符（品牌庫有重複，取業績最高）,2026-09-21 14:57:20,GB 綠鐘,品牌欄,gb綠鐘,gb,綠鐘,4405709,gb,,Mother & Baby,auto,2,True
momo,Home & Living,12506045,Ran 冉,【Ran 冉】年節居家清潔組合500mlx1(地板清潔劑+玻璃清潔劑),Ran,1594021,93,1.4 品牌欄相符（品牌庫有重複，取業績最高）,2026-09-21 14:57:20,Ran 冉,品牌欄,ran冉,ran,冉,1594021,ran,,Home & Living,,3,True
momo,Home & Living,12542211,TS 東勝,【TS 東勝】免濾紙手沖咖啡濾壺(304不鏽鋼濾網),TS,1829976,98,1.3 品牌欄完全相符,2026-09-21 14:57:20,TS 東勝,品牌欄,ts東勝,ts,東勝,1829976,ts,,Home & Living,auto,2,True
momo,Home & Living,12638526,ACE 英士牌,【ACE 英士牌】攜帶型墨筆 黑 CT-1050(2支1包),ACE,1120063,85,1.4 品牌欄相符（品牌庫有重複，取業績最高）,2026-09-21 14:57:20,ACE 英士牌,品牌欄,ace英士牌,ace,英士牌,1120063,ace,,Food & Beverages,,3,True
momo,Home & Living,12774564,,【TPT 友善萃取】洗碗機清潔超值組合(光潔劑500MLx1入+洗碗粉500gx1入送軟化鹽1KGx2入),TPT,1218239,93,2.2 由商品名稱【】比對到品牌,2026-09-21 14:57:20,TPT 友善萃取,標題【】,tpt友善萃取,tpt,友善萃取,1218239,tpt,,Home & Living,,3,True
momo,Home & Living,12774565,,【TPT 友善萃取】洗碗機清潔超值組合(光潔劑500MLx2入送軟化鹽1KGx2入),TPT,1218239,93,2.2 由商品名稱【】比對到品牌,2026-09-21 14:57:20,TPT 友善萃取,標題【】,tpt友善萃取,tpt,友善萃取,1218239,tpt,,Home & Living,,3,True
momo,Home & Living,12774568,,【TPT 友善萃取】洗碗機清潔超值組合(洗碗粉500gx2入送洗碗粉500gx1入),TPT,1218239,93,2.2 由商品名稱【】比對到品牌,2026-09-21 14:57:20,TPT 友善萃取,標題【】,tpt友善萃取,tpt,友善萃取,1218239,tpt,,Home & Living,,3,True
momo,Home & Living,12792053,,【TPT 友善萃取】洗碗機清潔超值組合(洗碗粉500gx2入送軟化鹽1KGx2入),TPT,1218239,93,2.2 由商品名稱【】比對到品牌,2026-09-21 14:57:20,TPT 友善萃取,標題【】,tpt友善萃取,tpt,友善萃取,1218239,tpt,,Home & Living,,3,True
momo,Home & Living,12792054,,【TPT 友善萃取】洗碗機清潔超值組合(洗碗粉500gx3入送洗碗粉500gx2入),TPT,1218239,93,2.2 由商品名稱【】比對到品牌,2026-09-21 14:57:20,TPT 友善萃取,標題【】,tpt友善萃取,tpt,友善萃取,1218239,tpt,,Home & Living,,3,True
momo,Home & Living,12798048,DRX 達特世,【DRX 達特世】TN95醫用4D口罩-D2莫蘭迪四色-成人20入_5盒組,DRX,4556462,85,1.4 品牌欄相符（品牌庫有重複，取業績最高）,2026-09-21 14:57:20,DRX 達特世,品牌欄,drx達特世,drx,達特世,4556462,drx,,Beauty,,3,True
momo,Home & Living,12800355,BS 荷蘭,【BS 荷蘭】視覺大考驗|兒童桌遊 視覺遊戲 專注力桌遊 益智 記憶遊戲 樂齡桌遊,BS,6353151,85,1.4 品牌欄相符（品牌庫有重複，取業績最高）,2026-09-21 14:57:20,BS 荷蘭,品牌欄,bs荷蘭,bs,荷蘭,6353151,bs,,Mother & Baby,auto,2,True
momo,Home & Living,12800481,,【東京 Ito】即貼即用 裝修傢俬保護膜(施工油漆遮蔽膜家具防塵罩),ITO,1216067,85,2.2 由商品名稱【】比對到品牌,2026-09-21 14:57:20,東京 Ito,標題【】,東京ito,ito,東京,1216067,ito,,Beauty,,3,True
momo,Home & Living,12819113,,【HTT 新幹線】LH-412 A4護貝機(可使用 80☆-125☆ 厚度護背膠膜),H.T.T,1215937,85,2.2 由商品名稱【】比對到品牌,2026-09-21 14:57:20,HTT 新幹線,標題【】,htt新幹線,htt,新幹線,1215937,htt,,Home Electronic,,3,True
momo,Home & Living,12865614,NOW 娜奧,【NOW 娜奧】純咖啡精油30mL-Now Foods(阿拉比卡),NOW,2387626,85,1.4 品牌欄相符（品牌庫有重複，取業績最高）,2026-09-21 14:57:20,NOW 娜奧,品牌欄,now娜奧,now,娜奧,2387626,now,,Health,auto,3,True
momo,Home & Living,12883499,ONE 生活,【ONE 生活】桌上角落收納櫃/三層架/化妝品收納(超取/寬15CM桌上轉角架),ONE,1091134,85,1.4 品牌欄相符（品牌庫有重複，取業績最高）,2026-09-21 14:57:20,ONE 生活,品牌欄,one生活,one,生活,1091134,one,,Beauty,,3,True
momo,Home & Living,12917749,OTO 歐迪奧,【OTO 歐迪奧】多功能強力長尾夾 15mm 黑色 120入裝,OTO,1802171,90,1.3 品牌欄完全相符,2026-09-21 14:57:20,OTO 歐迪奧,品牌欄,oto歐迪奧,oto,歐迪奧,1802171,oto,,Sports & Outdoors,auto,3,True
momo,Home & Living,12935557,,【東京 Ito】冷氣內機請洗罩 空調清洗接水罩(自己動手DIY係冷氣空調 AC),ITO,1216067,85,2.2 由商品名稱【】比對到品牌,2026-09-21 14:57:20,東京 Ito,標題【】,東京ito,ito,東京,1216067,ito,,Beauty,,3,True
momo,Home & Living,12960814,spa 斐孟,【spa 斐孟】精油頭皮抗敏精華液(30ml/瓶x3瓶;頭皮;精油;紅;癢;脫皮;痘痘;抽菸;熬夜;敏感),SPA,3876234,90,1.3 品牌欄完全相符,2026-09-21 14:57:20,spa 斐孟,品牌欄,spa斐孟,spa,斐孟,3876234,spa,,Beauty,auto,3,True
momo,Home & Living,12967807,,【東京 Ito】瑰花冰塊模具(凍冰格威士忌矽膠制冰神器玫瑰花造型制冰盒 蜜桃粉4格 ice cube),ITO,1216067,85,2.2 由商品名稱【】比對到品牌,2026-09-21 14:57:20,東京 Ito,標題【】,東京ito,ito,東京,1216067,ito,,Beauty,,3,True
momo,Home & Living,13188898,LUX 麗仕,【LUX 麗仕】香氛皂80gX144入/箱(水嫩柔膚/煥活冰爽/媚惑幽香),LUX,2562960,85,1.4 品牌欄相符（品牌庫有重複，取業績最高）,2026-09-21 14:57:20,LUX 麗仕,品牌欄,lux麗仕,lux,麗仕,2562960,lux,,Beauty,auto,3,True
momo,Home & Living,13203149,,【Cam 買一送一】透明帶蓋衣物折疊收納箱 手提抽屜式收納盒 衣櫃整理箱 搬家收納筐儲物籃(50*44*32cm),cam,1133309,80,2.2 由商品名稱【】比對到品牌,2026-09-21 14:57:20,Cam 買一送一,標題【】,cam買一送一,cam,買一送一,1133309,cam,,Mother & Baby,,3,True
momo,Home & Living,13228982,,【東京 Ito】海苔壓花器(多種臉部表情紫菜模具 寶寶餐壽司便當印花工具 帶飯上學),ITO,1216067,85,2.2 由商品名稱【】比對到品牌,2026-09-21 14:57:20,東京 Ito,標題【】,東京ito,ito,東京,1216067,ito,,Beauty,,3,True
momo,Home & Living,13229270,,【東京 Ito】洗衣機防黴防臭通風夾(通風支撐桿磁吸式洗衣機門扣 washing machine),ITO,1216067,85,2.2 由商品名稱【】比對到品牌,2026-09-21 14:57:20,東京 Ito,標題【】,東京ito,ito,東京,1216067,ito,,Beauty,,3,True
momo,Home & Living,13252778,NOW 娜奧,【NOW 娜奧】溫暖律動複方純精油30ml-Now Foods(薄荷、尤加利、薑、藍艾菊、丁香、黑胡椒、冬青),NOW,2387626,85,1.4 品牌欄相符（品牌庫有重複，取業績最高）,2026-09-21 14:57:20,NOW 娜奧,品牌欄,now娜奧,now,娜奧,2387626,now,,Health,auto,3,True
momo,Home & Living,13345521,SKB 文明,【SKB 文明】G-4501萬聖節派對鋼珠筆(4款1包),SKB,1135929,98,1.3 品牌欄完全相符,2026-09-21 14:57:20,SKB 文明,品牌欄,skb文明,skb,文明,1135929,skb,,Home & Living,auto,3,True
momo,Home & Living,13345522,SKB 文明,【SKB 文明】PS-4501 萬聖節削鉛筆器,SKB,1135929,98,1.3 品牌欄完全相符,2026-09-21 14:57:20,SKB 文明,品牌欄,skb文明,skb,文明,1135929,skb,,Home & Living,auto,3,True
momo,Home & Living,13468028,,【東京 Ito】搗蒜器連蓋(蒜泥搗辣椒花椒香料磨粉 搗擂缽臼搗碎 搗藥 擂缽 garlic),ITO,1216067,85,2.2 由商品名稱【】比對到品牌,2026-09-21 14:57:20,東京 Ito,標題【】,東京ito,ito,東京,1216067,ito,,Beauty,,3,True
momo,Home & Living,13485273,,【東京 Ito】12色磁性水性油墨白板筆(兒童畫板筆培訓塗鴉筆教書開會筆記),ITO,1216067,85,2.2 由商品名稱【】比對到品牌,2026-09-21 14:57:20,東京 Ito,標題【】,東京ito,ito,東京,1216067,ito,,Beauty,,3,True
momo,Home & Living,13487737,,【東京 Ito】11cm貝殼勺子(冰淇淋廚房魚子醬勺湯匙 咖啡湯匙 調味勺 spoon cavier dessert ice cream),ITO,1216067,85,2.2 由商品名稱【】比對到品牌,2026-09-21 14:57:20,東京 Ito,標題【】,東京ito,ito,東京,1216067,ito,,Beauty,,3,True
momo,Home & Living,13501494,TS6 護一生,【TS6 護一生】私舒衣物手洗精組-300gx2(絲絨玫瑰 陽光橙花 私密衣物 洗衣),TS6,1136012,90,1.3 品牌欄完全相符,2026-09-21 14:57:20,TS6 護一生,品牌欄,ts6護一生,ts6,護一生,1136012,ts6,,Beauty,auto,3,True
momo,Home & Living,13646631,JUN 郡昱,【JUN 郡昱】成人滿版平面醫療口罩50入/盒-大地色系(台灣製造 三層防護 滿版口罩),jun,3510279,98,1.3 品牌欄完全相符,2026-09-21 14:57:20,JUN 郡昱,品牌欄,jun郡昱,jun,郡昱,3510279,jun,,Home & Living,auto,3,True
momo,Home & Living,13646633,JUN 郡昱,【JUN 郡昱】成人滿版平面醫療口罩50入/盒-繽紛色系(台灣製造 三層防護 滿版口罩),jun,3510279,98,1.3 品牌欄完全相符,2026-09-21 14:57:20,JUN 郡昱,品牌欄,jun郡昱,jun,郡昱,3510279,jun,,Home & Living,auto,3,True
momo,Home & Living,13693473,JUN 郡昱,【JUN 郡昱】成人S/青少年3D立體醫療口罩10入/盒；2盒組(台灣製造 立體口罩 3D口罩),jun,3510279,98,1.3 品牌欄完全相符,2026-09-21 14:57:20,JUN 郡昱,品牌欄,jun郡昱,jun,郡昱,3510279,jun,,Home & Living,auto,3,True
momo,Home & Living,13693477,JUN 郡昱,【JUN 郡昱】成人S/青少年3D立體醫療口罩10入/盒；3盒組(台灣製造 立體口罩 3D口罩),jun,3510279,98,1.3 品牌欄完全相符,2026-09-21 14:57:20,JUN 郡昱,品牌欄,jun郡昱,jun,郡昱,3510279,jun,,Home & Living,auto,3,True
momo,Home & Living,13693480,JUN 郡昱,【JUN 郡昱】成人S/青少年3D立體醫療口罩10入/盒；5盒組(台灣製造 立體口罩 3D口罩 小臉口罩),jun,3510279,98,1.3 品牌欄完全相符,2026-09-21 14:57:20,JUN 郡昱,品牌欄,jun郡昱,jun,郡昱,3510279,jun,,Home & Living,auto,3,True
momo,Home & Living,13696937,JUN 郡昱,【JUN 郡昱】成人3D立體醫療口罩L-30入/盒-百搭色系(台灣製造 3D口罩 立體口罩),jun,3510279,98,1.3 品牌欄完全相符,2026-09-21 14:57:20,JUN 郡昱,品牌欄,jun郡昱,jun,郡昱,3510279,jun,,Home & Living,auto,3,True
momo,Home & Living,13696938,JUN 郡昱,【JUN 郡昱】成人3D立體醫療口罩L-30入/盒-繽紛色系(台灣製造 3D口罩 立體口罩),jun,3510279,98,1.3 品牌欄完全相符,2026-09-21 14:57:20,JUN 郡昱,品牌欄,jun郡昱,jun,郡昱,3510279,jun,,Home & Living,auto,3,True
momo,Home & Living,13701035,JUN 郡昱,【JUN 郡昱】成人L立體3D醫療口罩30入/盒-繽紛色系；3盒組(台灣製造 立體口罩 3D口罩 成人口罩),jun,3510279,98,1.3 品牌欄完全相符,2026-09-21 14:57:20,JUN 郡昱,品牌欄,jun郡昱,jun,郡昱,3510279,jun,,Home & Living,auto,3,True
momo,Home & Living,13729989,JUN 郡昱,【JUN 郡昱】成人3D立體醫療口罩L-30入/盒-質感色系(台灣製造 3D口罩 立體口罩),jun,3510279,98,1.3 品牌欄完全相符,2026-09-21 14:57:20,JUN 郡昱,品牌欄,jun郡昱,jun,郡昱,3510279,jun,,Home & Living,auto,3,True
momo,Home & Living,13742335,JUN 郡昱,【JUN 郡昱】成人3D立體醫療口罩M-20入/盒-繽紛色系(台灣製造 3D口罩 立體口罩 成人口罩),jun,3510279,98,1.3 品牌欄完全相符,2026-09-21 14:57:20,JUN 郡昱,品牌欄,jun郡昱,jun,郡昱,3510279,jun,,Home & Living,auto,3,True
momo,Home & Living,13742336,JUN 郡昱,【JUN 郡昱】成人3D立體醫療口罩M-20入/盒-百搭色系(台灣製造 3D口罩 立體口罩 成人口罩),jun,3510279,98,1.3 品牌欄完全相符,2026-09-21 14:57:20,JUN 郡昱,品牌欄,jun郡昱,jun,郡昱,3510279,jun,,Home & Living,auto,3,True
momo,Home & Living,13745986,JUN 郡昱,【JUN 郡昱】4-8歲兒童3D立體醫療口罩-30入/盒-百搭純色系列(台灣製造 3D口罩 立體口罩 兒童口罩 台灣口罩),jun,3510279,98,1.3 品牌欄完全相符,2026-09-21 14:57:20,JUN 郡昱,品牌欄,jun郡昱,jun,郡昱,3510279,jun,,Home & Living,auto,3,True
momo,Home & Living,13745987,JUN 郡昱,【JUN 郡昱】4-8歲兒童3D立體醫療口罩-30入/盒-質感純色系列(台灣製造 3D口罩 立體口罩 兒童口罩 台灣口罩),jun,3510279,98,1.3 品牌欄完全相符,2026-09-21 14:57:20,JUN 郡昱,品牌欄,jun郡昱,jun,郡昱,3510279,jun,,Home & Living,auto,3,True
momo,Home & Living,13755597,JUN 郡昱,【JUN 郡昱】4-8歲兒童3D立體醫療口罩-30入/盒-童趣花樣系列(台灣製造 3D口罩 立體口罩 兒童口罩 台灣口罩),jun,3510279,98,1.3 品牌欄完全相符,2026-09-21 14:57:20,JUN 郡昱,品牌欄,jun郡昱,jun,郡昱,3510279,jun,,Home & Living,auto,3,True
momo,Home & Living,13755598,JUN 郡昱,【JUN 郡昱】4-8歲兒童3D立體醫療口罩-30入/盒-可愛動物系列(台灣製造 3D口罩 立體口罩 兒童口罩 台灣口罩),jun,3510279,98,1.3 品牌欄完全相符,2026-09-21 14:57:20,JUN 郡昱,品牌欄,jun郡昱,jun,郡昱,3510279,jun,,Home & Living,auto,3,True
momo,Home & Living,13755599,JUN 郡昱,【JUN 郡昱】4-8歲兒童3D立體醫療口罩-30入/盒-夢幻星球系列(台灣製造 3D口罩 立體口罩 兒童口罩 台灣口罩),jun,3510279,98,1.3 品牌欄完全相符,2026-09-21 14:57:20,JUN 郡昱,品牌欄,jun郡昱,jun,郡昱,3510279,jun,,Home & Living,auto,3,True
momo,Home & Living,13755600,JUN 郡昱,【JUN 郡昱】4-8歲兒童3D立體醫療口罩-30入/盒-動物樂園系列(台灣製造 3D口罩 立體口罩 兒童口罩 台灣口罩),jun,3510279,98,1.3 品牌欄完全相符,2026-09-21 14:57:20,JUN 郡昱,品牌欄,jun郡昱,jun,郡昱,3510279,jun,,Home & Living,auto,3,True
momo,Home & Living,13755801,JUN 郡昱,【JUN 郡昱】4-8歲兒童3D立體醫療口罩30入/盒-質感純色系列；5盒組(台灣製造 立體口罩 3D口罩 兒童口罩),jun,3510279,98,1.3 品牌欄完全相符,2026-09-21 14:57:20,JUN 郡昱,品牌欄,jun郡昱,jun,郡昱,3510279,jun,,Home & Living,auto,3,True
momo,Home & Living,13755802,JUN 郡昱,【JUN 郡昱】4-8歲兒童3D立體醫療口罩30入/盒-質感純色系列；4盒組(台灣製造 立體口罩 3D口罩 兒童口罩),jun,3510279,98,1.3 品牌欄完全相符,2026-09-21 14:57:20,JUN 郡昱,品牌欄,jun郡昱,jun,郡昱,3510279,jun,,Home & Living,auto,3,True
momo,Home & Living,13755803,JUN 郡昱,【JUN 郡昱】4-8歲兒童3D立體醫療口罩30入/盒-質感純色系列；3盒組(台灣製造 立體口罩 3D口罩 兒童口罩),jun,3510279,98,1.3 品牌欄完全相符,2026-09-21 14:57:20,JUN 郡昱,品牌欄,jun郡昱,jun,郡昱,3510279,jun,,Home & Living,auto,3,True
momo,Home & Living,13755804,JUN 郡昱,【JUN 郡昱】4-8歲兒童3D立體醫療口罩30入/盒-質感純色系列；3盒組(台灣製造 立體口罩 3D口罩 兒童口罩),jun,3510279,98,1.3 品牌欄完全相符,2026-09-21 14:57:20,JUN 郡昱,品牌欄,jun郡昱,jun,郡昱,3510279,jun,,Home & Living,auto,3,True
momo,Home & Living,13780960,JUN 郡昱,【JUN 郡昱】1-4歲兒童3D立體醫療口罩-30入/盒-百搭純色系列(台灣製造 3D口罩 立體口罩 兒童口罩 台灣口罩),jun,3510279,98,1.3 品牌欄完全相符,2026-09-21 14:57:20,JUN 郡昱,品牌欄,jun郡昱,jun,郡昱,3510279,jun,,Home & Living,auto,3,True
momo,Home & Living,13781158,JUN 郡昱,【JUN 郡昱】1-4歲兒童3D立體醫療口罩-30入/盒-可愛動物系列(台灣製造 3D口罩 立體口罩 兒童口罩 台灣口罩),jun,3510279,98,1.3 品牌欄完全相符,2026-09-21 14:57:20,JUN 郡昱,品牌欄,jun郡昱,jun,郡昱,3510279,jun,,Home & Living,auto,3,True
momo,Home & Living,13781159,JUN 郡昱,【JUN 郡昱】1-4歲兒童3D立體醫療口罩-30入/盒-童趣花樣系列(台灣製造 3D口罩 立體口罩 兒童口罩 台灣口罩),jun,3510279,98,1.3 品牌欄完全相符,2026-09-21 14:57:20,JUN 郡昱,品牌欄,jun郡昱,jun,郡昱,3510279,jun,,Home & Living,auto,3,True
momo,Home & Living,13795108,JUN 郡昱,【JUN 郡昱】兒童滿版平面醫療口罩50入/盒-百搭色系(台灣製造 平面口罩 滿版口罩 兒童口罩 台灣口罩),jun,3510279,98,1.3 品牌欄完全相符,2026-09-21 14:57:20,JUN 郡昱,品牌欄,jun郡昱,jun,郡昱,3510279,jun,,Home & Living,auto,3,True
momo,Home & Living,13795111,JUN 郡昱,【JUN 郡昱】兒童滿版平面醫療口罩50入/盒-質感色系(台灣製造 平面口罩 滿版口罩 兒童口罩 台灣口罩),jun,3510279,98,1.3 品牌欄完全相符,2026-09-21 14:57:20,JUN 郡昱,品牌欄,jun郡昱,jun,郡昱,3510279,jun,,Home & Living,auto,3,True
momo,Home & Living,13818163,,【東京 Ito】兒童立體摺紙DIY手作本(男孩女生3-6歲禮物剪紙交通女裝衣服),ITO,1216067,85,2.2 由商品名稱【】比對到品牌,2026-09-21 14:57:20,東京 Ito,標題【】,東京ito,ito,東京,1216067,ito,,Beauty,,3,True
momo,Home & Living,13880798,NOW 娜奧,【NOW 娜奧】純薰衣草精油 59ml -Now Foods,NOW,2387626,85,1.4 品牌欄相符（品牌庫有重複，取業績最高）,2026-09-21 14:57:20,NOW 娜奧,品牌欄,now娜奧,now,娜奧,2387626,now,,Health,auto,3,True
momo,Home & Living,13880799,NOW 娜奧,【NOW 娜奧】純茶樹精油 59ml -Now Foods,NOW,2387626,85,1.4 品牌欄相符（品牌庫有重複，取業績最高）,2026-09-21 14:57:20,NOW 娜奧,品牌欄,now娜奧,now,娜奧,2387626,now,,Health,auto,3,True
momo,Home & Living,13880800,NOW 娜奧,【NOW 娜奧】純薄荷精油 59ml -Now Foods,NOW,2387626,85,1.4 品牌欄相符（品牌庫有重複，取業績最高）,2026-09-21 14:57:20,NOW 娜奧,品牌欄,now娜奧,now,娜奧,2387626,now,,Health,auto,3,True
momo,Home & Living,13909233,JUN 郡昱,【JUN 郡昱】成人呼吸透氣平面泡泡紋醫療口罩50入/盒(台灣製造 平面口罩 透氣口罩),jun,3510279,98,1.3 品牌欄完全相符,2026-09-21 14:57:20,JUN 郡昱,品牌欄,jun郡昱,jun,郡昱,3510279,jun,,Home & Living,auto,3,True
momo,Home & Living,13909234,JUN 郡昱,【JUN 郡昱】3D立體新升級不脫妝醫用防護口罩30入/盒(台灣製造 立體口罩 3D口罩),jun,3510279,98,1.3 品牌欄完全相符,2026-09-21 14:57:20,JUN 郡昱,品牌欄,jun郡昱,jun,郡昱,3510279,jun,,Home & Living,auto,3,True
momo,Home & Living,13909235,JUN 郡昱,【JUN 郡昱】成人L涼感立體醫療口罩4色各5片入/盒(台灣製造 3D口罩 立體口罩),jun,3510279,98,1.3 品牌欄完全相符,2026-09-21 14:57:20,JUN 郡昱,品牌欄,jun郡昱,jun,郡昱,3510279,jun,,Home & Living,auto,3,True
momo,Home & Living,13914585,JUN 郡昱,【JUN 郡昱】成人L涼感立體醫療口罩4色各5片入/盒；5盒組(台灣製造 3D口罩 立體口罩),jun,3510279,98,1.3 品牌欄完全相符,2026-09-21 14:57:20,JUN 郡昱,品牌欄,jun郡昱,jun,郡昱,3510279,jun,,Home & Living,auto,3,True
momo,Home & Living,13914589,JUN 郡昱,【JUN 郡昱】成人L涼感立體醫療口罩4色各5片入/盒；4盒組(台灣製造 3D口罩 立體口罩),jun,3510279,98,1.3 品牌欄完全相符,2026-09-21 14:57:20,JUN 郡昱,品牌欄,jun郡昱,jun,郡昱,3510279,jun,,Home & Living,auto,3,True
momo,Home & Living,13914594,JUN 郡昱,【JUN 郡昱】成人L涼感立體醫療口罩4色各5片入/盒；3盒組(台灣製造 3D口罩 立體口罩),jun,3510279,98,1.3 品牌欄完全相符,2026-09-21 14:57:20,JUN 郡昱,品牌欄,jun郡昱,jun,郡昱,3510279,jun,,Home & Living,auto,3,True
momo,Home & Living,13914601,JUN 郡昱,【JUN 郡昱】成人L涼感立體醫療口罩4色各5片入/盒；2盒組(台灣製造 3D口罩 立體口罩),jun,3510279,98,1.3 品牌欄完全相符,2026-09-21 14:57:20,JUN 郡昱,品牌欄,jun郡昱,jun,郡昱,3510279,jun,,Home & Living,auto,3,True
momo,Home & Living,13979052,,【東京 Ito】塑膠刮魚鱗神器(鱗刨 帶蓋家用廚房手動去魚鱗小工具 去魚鱗 賣魚 生魚片 fish),ITO,1216067,85,2.2 由商品名稱【】比對到品牌,2026-09-21 14:57:20,東京 Ito,標題【】,東京ito,ito,東京,1216067,ito,,Beauty,,3,True
momo,Home & Living,14002261,HH 草本新淨界,【HH草本新淨界】女性私密衣物抗菌手洗精700ml(大容量 私密衣物手洗 衣物手洗精),H&H,1120001,93,1.4 品牌欄相符（品牌庫有重複，取業績最高）,2026-09-21 14:57:20,HH 草本新淨界,品牌欄,hh草本新淨界,hh,草本新淨界,1120001,hh,,Home & Living,auto,2,True
momo,Home & Living,14058983,HH 草本新淨界,【HH草本新淨界】女性私密衣物抗菌手洗精(700ml+200ml),H&H,1120001,93,1.4 品牌欄相符（品牌庫有重複，取業績最高）,2026-09-21 14:57:20,HH 草本新淨界,品牌欄,hh草本新淨界,hh,草本新淨界,1120001,hh,,Home & Living,auto,2,True
momo,Home & Living,14271495,HH 草本新淨界,【HH 草本新淨界】女性私密衣物抗菌手洗精700mlx3入(大容量 補充瓶 私密衣物手洗 衣物手洗精),H&H,1120001,93,1.4 品牌欄相符（品牌庫有重複，取業績最高）,2026-09-21 14:57:20,HH 草本新淨界,品牌欄,hh草本新淨界,hh,草本新淨界,1120001,hh,,Home & Living,auto,2,True
momo,Home & Living,14311678,SKB 文明,【SKB 文明】W-8154 時空艙軟頭螢光筆(4色1包),SKB,1135929,98,1.3 品牌欄完全相符,2026-09-21 14:57:20,SKB 文明,品牌欄,skb文明,skb,文明,1135929,skb,,Home & Living,auto,3,True
momo,Home & Living,14339448,SKB 文明,【SKB 文明】IP-1502 大三角洞洞鉛筆 顏色隨機(10支1包),SKB,1135929,98,1.3 品牌欄完全相符,2026-09-21 14:57:20,SKB 文明,品牌欄,skb文明,skb,文明,1135929,skb,,Home & Living,auto,3,True
momo,Home & Living,14354597,NOW 娜奧,【NOW 娜奧】美國 鍋具保護墊3件 母雞 / 鍋具保護墊,NOW,2387626,85,1.4 品牌欄相符（品牌庫有重複，取業績最高）,2026-09-21 14:57:20,NOW 娜奧,品牌欄,now娜奧,now,娜奧,2387626,now,,Health,auto,3,True
momo,Home & Living,14355377,NOW 娜奧,【NOW】美國 雙耳長方石陶烤盤 聖誕紅29.5cm / 陶瓷烤盤,NOW,2387626,85,1.4 品牌欄相符（品牌庫有重複，取業績最高）,2026-09-21 14:57:20,NOW 娜奧,品牌欄,now娜奧,now,娜奧,2387626,now,,Health,auto,3,True
momo,Home & Living,14355381,NOW 娜奧,【NOW】美國 法國麵包束口收納袋 烘焙 / 法棍收納袋 法棍長袋,NOW,2387626,85,1.4 品牌欄相符（品牌庫有重複，取業績最高）,2026-09-21 14:57:20,NOW 娜奧,品牌欄,now娜奧,now,娜奧,2387626,now,,Health,auto,3,True
momo,Home & Living,14355428,NOW 娜奧,【NOW】美國 瓷製馬克杯 家有貓咪400ml / 水杯 咖啡杯 拿鐵杯,NOW,2387626,85,1.4 品牌欄相符（品牌庫有重複，取業績最高）,2026-09-21 14:57:20,NOW 娜奧,品牌欄,now娜奧,now,娜奧,2387626,now,,Health,auto,3,True
momo,Home & Living,14355429,NOW 娜奧,【NOW】美國 石陶馬克杯 自行車375ml / 水杯 咖啡杯 拿鐵杯,NOW,2387626,85,1.4 品牌欄相符（品牌庫有重複，取業績最高）,2026-09-21 14:57:20,NOW 娜奧,品牌欄,now娜奧,now,娜奧,2387626,now,,Health,auto,3,True
momo,Home & Living,14355430,NOW 娜奧,【NOW】美國 石陶馬克杯 貓貓剪影500ml / 水杯 咖啡杯 拿鐵杯,NOW,2387626,85,1.4 品牌欄相符（品牌庫有重複，取業績最高）,2026-09-21 14:57:20,NOW 娜奧,品牌欄,now娜奧,now,娜奧,2387626,now,,Health,auto,3,True
momo,Home & Living,14355432,NOW 娜奧,【NOW】美國 高腳瓷製馬克杯 青葉植栽300ml / 水杯 咖啡杯 拿鐵杯,NOW,2387626,85,1.4 品牌欄相符（品牌庫有重複，取業績最高）,2026-09-21 14:57:20,NOW 娜奧,品牌欄,now娜奧,now,娜奧,2387626,now,,Health,auto,3,True
momo,Home & Living,14355433,NOW 娜奧,【NOW】美國 高腳瓷製馬克杯 湛藍波點300ml / 水杯 咖啡杯 拿鐵杯,NOW,2387626,85,1.4 品牌欄相符（品牌庫有重複，取業績最高）,2026-09-21 14:57:20,NOW 娜奧,品牌欄,now娜奧,now,娜奧,2387626,now,,Health,auto,3,True
momo,Home & Living,14355434,NOW 娜奧,【NOW】美國 高腳瓷製馬克杯 沙色圖騰300ml / 水杯 咖啡杯 拿鐵杯,NOW,2387626,85,1.4 品牌欄相符（品牌庫有重複，取業績最高）,2026-09-21 14:57:20,NOW 娜奧,品牌欄,now娜奧,now,娜奧,2387626,now,,Health,auto,3,True
momo,Home & Living,14355435,NOW 娜奧,【NOW】美國 高腳瓷製馬克杯 純白雪花300ml / 水杯 咖啡杯 拿鐵杯,NOW,2387626,85,1.4 品牌欄相符（品牌庫有重複，取業績最高）,2026-09-21 14:57:20,NOW 娜奧,品牌欄,now娜奧,now,娜奧,2387626,now,,Health,auto,3,True
momo,Home & Living,14355436,NOW 娜奧,【NOW】美國 高腳瓷製馬克杯 芥黃窗花300ml / 水杯 咖啡杯 拿鐵杯,NOW,2387626,85,1.4 品牌欄相符（品牌庫有重複，取業績最高）,2026-09-21 14:57:20,NOW 娜奧,品牌欄,now娜奧,now,娜奧,2387626,now,,Health,auto,3,True
momo,Home & Living,14355455,NOW 娜奧,【NOW】美國 石陶吸水杯墊4入 日輪光輝 / 咖啡杯墊 飲料墊 水杯墊 茶墊,NOW,2387626,85,1.4 品牌欄相符（品牌庫有重複，取業績最高）,2026-09-21 14:57:20,NOW 娜奧,品牌欄,now娜奧,now,娜奧,2387626,now,,Health,auto,3,True
momo,Home & Living,14355462,NOW 娜奧,【NOW】美國 石陶透氣收納罐 翡翠綠 / 大蒜收納罐 辛香料收納瓶,NOW,2387626,85,1.4 品牌欄相符（品牌庫有重複，取業績最高）,2026-09-21 14:57:20,NOW 娜奧,品牌欄,now娜奧,now,娜奧,2387626,now,,Health,auto,3,True
momo,Home & Living,14355463,NOW 娜奧,【NOW】美國 石陶透氣收納罐 雲白 / 大蒜收納罐 辛香料收納瓶,NOW,2387626,85,1.4 品牌欄相符（品牌庫有重複，取業績最高）,2026-09-21 14:57:20,NOW 娜奧,品牌欄,now娜奧,now,娜奧,2387626,now,,Health,auto,3,True
momo,Home & Living,14355464,NOW 娜奧,【NOW 娜奧】美國 杯瓶清潔椰棕刷 32.5cm / 杯刷 杯瓶清潔刷 水壺刷,NOW,2387626,85,1.4 品牌欄相符（品牌庫有重複，取業績最高）,2026-09-21 14:57:20,NOW 娜奧,品牌欄,now娜奧,now,娜奧,2387626,now,,Health,auto,3,True
momo,Home & Living,14359793,NOW 娜奧,【NOW】美國 石陶磨泥皿 白10.5cm / 研磨 磨泥器 磨薑 磨蒜,NOW,2387626,85,1.4 品牌欄相符（品牌庫有重複，取業績最高）,2026-09-21 14:57:20,NOW 娜奧,品牌欄,now娜奧,now,娜奧,2387626,now,,Health,auto,3,True
momo,Home & Living,14360804,NOW 娜奧,【NOW】美國 石陶鏟匙盤 調味筆記 / 湯勺架 鍋鏟架,NOW,2387626,85,1.4 品牌欄相符（品牌庫有重複，取業績最高）,2026-09-21 14:57:20,NOW 娜奧,品牌欄,now娜奧,now,娜奧,2387626,now,,Health,auto,3,True
momo,Home & Living,14487890,AOK 飛速,【AOK 飛速】兒童3D醫用口罩S號 可愛圖案任選 25入/盒(可調節耳繩),AOK,1126232,93,1.4 品牌欄相符（品牌庫有重複，取業績最高）,2026-09-21 14:57:20,AOK 飛速,品牌欄,aok飛速,aok,飛速,1126232,aok,,Home & Living,,3,True
momo,Home & Living,14526336,NOW 娜奧,【NOW 娜奧】純尤加利精油59ml-Now Foods(藍膠尤加利),NOW,2387626,85,1.4 品牌欄相符（品牌庫有重複，取業績最高）,2026-09-21 14:57:20,NOW 娜奧,品牌欄,now娜奧,now,娜奧,2387626,now,,Health,auto,3,True
momo,Home & Living,14598842,NOW 娜奧,【NOW】美國 烘焙隔熱手套單支 紅黑格紋 / 防燙手套 耐熱手套,NOW,2387626,85,1.4 品牌欄相符（品牌庫有重複，取業績最高）,2026-09-21 14:57:20,NOW 娜奧,品牌欄,now娜奧,now,娜奧,2387626,now,,Health,auto,3,True
momo,Home & Living,14598944,NOW 娜奧,【NOW】美國 烘焙隔熱手套單支 烤肉派對 / 防燙手套 耐熱手套,NOW,2387626,85,1.4 品牌欄相符（品牌庫有重複，取業績最高）,2026-09-21 14:57:20,NOW 娜奧,品牌欄,now娜奧,now,娜奧,2387626,now,,Health,auto,3,True
momo,Home & Living,14598945,NOW 娜奧,【NOW】美國 烘焙隔熱手套單支 芥黃風格 / 防燙手套 耐熱手套,NOW,2387626,85,1.4 品牌欄相符（品牌庫有重複，取業績最高）,2026-09-21 14:57:20,NOW 娜奧,品牌欄,now娜奧,now,娜奧,2387626,now,,Health,auto,3,True
momo,Home & Living,14598951,NOW 娜奧,【NOW】美國 經典雙袋圍裙 午茶時光 / 廚房圍裙 料理圍裙 烘焙圍裙,NOW,2387626,85,1.4 品牌欄相符（品牌庫有重複，取業績最高）,2026-09-21 14:57:20,NOW 娜奧,品牌欄,now娜奧,now,娜奧,2387626,now,,Health,auto,3,True
momo,Home & Living,14598952,NOW 娜奧,【NOW】美國 平口單袋圍裙 紅黑格紋 / 廚房圍裙 料理圍裙 烘焙圍裙,NOW,2387626,85,1.4 品牌欄相符（品牌庫有重複，取業績最高）,2026-09-21 14:57:20,NOW 娜奧,品牌欄,now娜奧,now,娜奧,2387626,now,,Health,auto,3,True
momo,Home & Living,14598953,NOW 娜奧,【NOW】美國 平口單袋圍裙 灰條紋 / 廚房圍裙 料理圍裙 烘焙圍裙,NOW,2387626,85,1.4 品牌欄相符（品牌庫有重複，取業績最高）,2026-09-21 14:57:20,NOW 娜奧,品牌欄,now娜奧,now,娜奧,2387626,now,,Health,auto,3,True
momo,Home & Living,14598955,NOW 娜奧,【NOW】美國 好調節平口圍裙 紅黑格紋 / 廚房圍裙 料理圍裙 烘焙圍裙,NOW,2387626,85,1.4 品牌欄相符（品牌庫有重複，取業績最高）,2026-09-21 14:57:20,NOW 娜奧,品牌欄,now娜奧,now,娜奧,2387626,now,,Health,auto,3,True
momo,Home & Living,14598957,NOW 娜奧,【NOW】美國 平口圍裙 起司圖鑑 / 廚房圍裙 料理圍裙 烘焙圍裙,NOW,2387626,85,1.4 品牌欄相符（品牌庫有重複，取業績最高）,2026-09-21 14:57:20,NOW 娜奧,品牌欄,now娜奧,now,娜奧,2387626,now,,Health,auto,3,True
momo,Home & Living,14598959,NOW 娜奧,【NOW】美國 雙袋細腰帶圍裙 番石榴 / 廚房圍裙 料理圍裙 烘焙圍裙,NOW,2387626,85,1.4 品牌欄相符（品牌庫有重複，取業績最高）,2026-09-21 14:57:20,NOW 娜奧,品牌欄,now娜奧,now,娜奧,2387626,now,,Health,auto,3,True
momo,Home & Living,14598960,NOW 娜奧,【NOW】美國 雙袋細腰帶圍裙 林蔭之森 / 廚房圍裙 料理圍裙 烘焙圍裙,NOW,2387626,85,1.4 品牌欄相符（品牌庫有重複，取業績最高）,2026-09-21 14:57:20,NOW 娜奧,品牌欄,now娜奧,now,娜奧,2387626,now,,Health,auto,3,True
momo,Home & Living,14598961,NOW 娜奧,【NOW】美國 交叉肩帶圍裙 烤肉派對 / 廚房圍裙 料理圍裙 烘焙圍裙,NOW,2387626,85,1.4 品牌欄相符（品牌庫有重複，取業績最高）,2026-09-21 14:57:20,NOW 娜奧,品牌欄,now娜奧,now,娜奧,2387626,now,,Health,auto,3,True
momo,Home & Living,14598963,NOW 娜奧,【NOW】美國 雙袋細腰帶圍裙 公雞 / 廚房圍裙 料理圍裙 烘焙圍裙,NOW,2387626,85,1.4 品牌欄相符（品牌庫有重複，取業績最高）,2026-09-21 14:57:20,NOW 娜奧,品牌欄,now娜奧,now,娜奧,2387626,now,,Health,auto,3,True
momo,Home & Living,14598988,NOW 娜奧,【NOW】美國 烘焙隔熱手套單支 家有貓咪 / 防燙手套 耐熱手套,NOW,2387626,85,1.4 品牌欄相符（品牌庫有重複，取業績最高）,2026-09-21 14:57:20,NOW 娜奧,品牌欄,now娜奧,now,娜奧,2387626,now,,Health,auto,3,True
momo,Home & Living,14598989,NOW 娜奧,【NOW】美國 烘焙隔熱手套單支 灰色地帶 / 防燙手套 耐熱手套,NOW,2387626,85,1.4 品牌欄相符（品牌庫有重複，取業績最高）,2026-09-21 14:57:20,NOW 娜奧,品牌欄,now娜奧,now,娜奧,2387626,now,,Health,auto,3,True
momo,Home & Living,14598991,NOW 娜奧,【NOW】美國 烘焙隔熱手套單支 番石榴 / 防燙手套 耐熱手套,NOW,2387626,85,1.4 品牌欄相符（品牌庫有重複，取業績最高）,2026-09-21 14:57:20,NOW 娜奧,品牌欄,now娜奧,now,娜奧,2387626,now,,Health,auto,3,True
momo,Home & Living,14598992,NOW 娜奧,【NOW】美國 烘焙隔熱手套單支 微醺時光 / 防燙手套 耐熱手套,NOW,2387626,85,1.4 品牌欄相符（品牌庫有重複，取業績最高）,2026-09-21 14:57:20,NOW 娜奧,品牌欄,now娜奧,now,娜奧,2387626,now,,Health,auto,3,True
momo,Home & Living,14602969,NOW 娜奧,【NOW】美國 不沾鍋木柄矽膠刮刀 蜜語花開33cm / 攪拌刮刀,NOW,2387626,85,1.4 品牌欄相符（品牌庫有重複，取業績最高）,2026-09-21 14:57:20,NOW 娜奧,品牌欄,now娜奧,now,娜奧,2387626,now,,Health,auto,3,True
momo,Home & Living,14602970,NOW 娜奧,【NOW】美國 不沾鍋木柄矽膠刮刀 冬日貓語33cm / 攪拌刮刀,NOW,2387626,85,1.4 品牌欄相符（品牌庫有重複，取業績最高）,2026-09-21 14:57:20,NOW 娜奧,品牌欄,now娜奧,now,娜奧,2387626,now,,Health,auto,3,True
momo,Home & Living,14602971,NOW 娜奧,【NOW】美國 不沾鍋木柄矽膠刮刀 麋鹿之森33cm / 攪拌刮刀,NOW,2387626,85,1.4 品牌欄相符（品牌庫有重複，取業績最高）,2026-09-21 14:57:20,NOW 娜奧,品牌欄,now娜奧,now,娜奧,2387626,now,,Health,auto,3,True
momo,Home & Living,14602972,NOW 娜奧,【NOW】美國 不沾鍋迷你矽膠刮刀2入 黑貓物語17.5cm / 攪拌刮刀 迷你刮刀,NOW,2387626,85,1.4 品牌欄相符（品牌庫有重複，取業績最高）,2026-09-21 14:57:20,NOW 娜奧,品牌欄,now娜奧,now,娜奧,2387626,now,,Health,auto,3,True
momo,Home & Living,14602973,NOW 娜奧,【NOW】美國 不沾鍋木柄矽膠刮杓 慶祝蛋糕26cm / 攪拌刮刀,NOW,2387626,85,1.4 品牌欄相符（品牌庫有重複，取業績最高）,2026-09-21 14:57:20,NOW 娜奧,品牌欄,now娜奧,now,娜奧,2387626,now,,Health,auto,3,True
momo,Home & Living,14603904,DRX 達特世,【DRX 達特世】醫用3D Ultra口罩-Kuroro款(兒童/幼幼30入),DRX,4556462,85,1.4 品牌欄相符（品牌庫有重複，取業績最高）,2026-09-21 14:57:20,DRX 達特世,品牌欄,drx達特世,drx,達特世,4556462,drx,,Beauty,,3,True
momo,Home & Living,14662683,SKB 文明,【SKB 文明】SKB 雙色壓克力彩繪筆 12色,SKB,1135929,98,1.3 品牌欄完全相符,2026-09-21 14:57:20,SKB 文明,品牌欄,skb文明,skb,文明,1135929,skb,,Home & Living,auto,3,True
momo,Home & Living,14662684,SKB 文明,【SKB 文明】雙色壓克力彩繪筆 24色,SKB,1135929,98,1.3 品牌欄完全相符,2026-09-21 14:57:20,SKB 文明,品牌欄,skb文明,skb,文明,1135929,skb,,Home & Living,auto,3,True
momo,Home & Living,14662685,SKB 文明,【SKB 文明】雙色壓克力彩繪筆 36色,SKB,1135929,98,1.3 品牌欄完全相符,2026-09-21 14:57:20,SKB 文明,品牌欄,skb文明,skb,文明,1135929,skb,,Home & Living,auto,3,True
momo,Home & Living,14707794,SKB 文明,【SKB 文明】收納筆盒 237*118*78mm,SKB,1135929,98,1.3 品牌欄完全相符,2026-09-21 14:57:20,SKB 文明,品牌欄,skb文明,skb,文明,1135929,skb,,Home & Living,auto,3,True
momo,Home & Living,14707795,SKB 文明,【SKB 文明】舒壓筆記本 無尾熊,SKB,1135929,98,1.3 品牌欄完全相符,2026-09-21 14:57:20,SKB 文明,品牌欄,skb文明,skb,文明,1135929,skb,,Home & Living,auto,3,True
momo,Home & Living,14779532,DRX 達特世,【DRX 達特世】醫用3D Ultra口罩-小綠款(兒童/幼幼30入),DRX,4556462,85,1.4 品牌欄相符（品牌庫有重複，取業績最高）,2026-09-21 14:57:20,DRX 達特世,品牌欄,drx達特世,drx,達特世,4556462,drx,,Beauty,,3,True
momo,Home & Living,14872237,ACE 英士牌,【ACE 英士牌】金屬色按壓式毛筆,ACE,1120063,85,1.4 品牌欄相符（品牌庫有重複，取業績最高）,2026-09-21 14:57:20,ACE 英士牌,品牌欄,ace英士牌,ace,英士牌,1120063,ace,,Food & Beverages,,3,True
momo,Home & Living,14880032,ACE 英士牌,【ACE 英士牌】按壓式彩繪陶瓷毛筆 8色組,ACE,1120063,85,1.4 品牌欄相符（品牌庫有重複，取業績最高）,2026-09-21 14:57:20,ACE 英士牌,品牌欄,ace英士牌,ace,英士牌,1120063,ace,,Food & Beverages,,3,True
momo,Home & Living,14931643,JUN 郡昱,【JUN 郡昱】成人S/青少年3D立體醫療口罩30入/盒(台灣製造 3D口罩 立體口罩),jun,3510279,98,1.3 品牌欄完全相符,2026-09-21 14:57:20,JUN 郡昱,品牌欄,jun郡昱,jun,郡昱,3510279,jun,,Home & Living,auto,3,True
momo,Home & Living,15010636,SKB 文明,【SKB 文明】獨角獸造型尺+甩甩中性筆+鋼珠筆盲盒(三款各1),SKB,1135929,98,1.3 品牌欄完全相符,2026-09-21 14:57:20,SKB 文明,品牌欄,skb文明,skb,文明,1135929,skb,,Home & Living,auto,3,True
momo,Home & Living,15019018,JUN 郡昱,【JUN 郡昱】成人XL 3D立體醫療口罩30入/盒(台灣製造 3D口罩 立體口罩),jun,3510279,98,1.3 品牌欄完全相符,2026-09-21 14:57:20,JUN 郡昱,品牌欄,jun郡昱,jun,郡昱,3510279,jun,,Home & Living,auto,3,True
momo,Home & Living,15099283,KUM 庫姆,【KUM 庫姆】梨形握筆器(5色隨機出貨) 5650122,KUM,1094859,98,1.3 品牌欄完全相符,2026-09-21 14:57:20,KUM 庫姆,品牌欄,kum庫姆,kum,庫姆,1094859,kum,,Home & Living,auto,3,True
momo,Home & Living,15210481,JUN 郡昱,【JUN 郡昱】3D立體 兒童素色系列醫用口罩 X1盒(30枚入/盒 4-8歲適用 簡單素色),jun,3510279,98,1.3 品牌欄完全相符,2026-09-21 14:57:20,JUN 郡昱,品牌欄,jun郡昱,jun,郡昱,3510279,jun,,Home & Living,auto,3,True
momo,Home & Living,15210482,JUN 郡昱,【JUN 郡昱】3D立體 兒童圖案系列醫用口罩 X1盒(30枚入/盒 4-8歲適用 花色多元),jun,3510279,98,1.3 品牌欄完全相符,2026-09-21 14:57:20,JUN 郡昱,品牌欄,jun郡昱,jun,郡昱,3510279,jun,,Home & Living,auto,3,True
momo,Home & Living,15302701,SKB 文明,【SKB 文明】不用力2.0自動中油筆0.5,SKB,1135929,98,1.3 品牌欄完全相符,2026-09-21 14:57:20,SKB 文明,品牌欄,skb文明,skb,文明,1135929,skb,,Home & Living,auto,3,True
momo,Home & Living,15445645,DRX 達特世,【DRX 達特世】醫用3D Ultra口罩-Kuroro款(兒童/幼幼30入)_3盒組,DRX,4556462,85,1.4 品牌欄相符（品牌庫有重複，取業績最高）,2026-09-21 14:57:20,DRX 達特世,品牌欄,drx達特世,drx,達特世,4556462,drx,,Beauty,,3,True
momo,Home & Living,15528053,AOK 飛速,【AOK 飛速】兒童3D醫用口罩S號 可愛圖案任選 25入/盒(可調節耳繩),AOK,1126232,93,1.4 品牌欄相符（品牌庫有重複，取業績最高）,2026-09-21 14:57:20,AOK 飛速,品牌欄,aok飛速,aok,飛速,1126232,aok,,Home & Living,,3,True
momo,Home & Living,15539016,DRX 達特世,【DRX 達特世】玩美系列-平面醫用口罩-成人50入(多色任選),DRX,4556462,85,1.4 品牌欄相符（品牌庫有重複，取業績最高）,2026-09-21 14:57:20,DRX 達特世,品牌欄,drx達特世,drx,達特世,4556462,drx,,Beauty,,3,True
momo,Home & Living,15626756,NOW 娜奧,【NOW 娜奧】美國 石陶鏟匙盤 香草集 / 鏟匙碟 湯勺架 鍋鏟架 廚具收納,NOW,2387626,85,1.4 品牌欄相符（品牌庫有重複，取業績最高）,2026-09-21 14:57:20,NOW 娜奧,品牌欄,now娜奧,now,娜奧,2387626,now,,Health,auto,3,True
momo,Home & Living,15626764,NOW 娜奧,【NOW 娜奧】美國 玻璃洗手乳罐 薰衣草473ml / 按壓瓶 分裝瓶 乳液瓶 沐浴乳罐,NOW,2387626,85,1.4 品牌欄相符（品牌庫有重複，取業績最高）,2026-09-21 14:57:20,NOW 娜奧,品牌欄,now娜奧,now,娜奧,2387626,now,,Health,auto,3,True
momo,Home & Living,15626765,NOW 娜奧,【NOW 娜奧】美國 玻璃洗手乳罐 繁花蜂舞473ml / 按壓瓶 分裝瓶 乳液瓶 沐浴乳罐,NOW,2387626,85,1.4 品牌欄相符（品牌庫有重複，取業績最高）,2026-09-21 14:57:20,NOW 娜奧,品牌欄,now娜奧,now,娜奧,2387626,now,,Health,auto,3,True
momo,Home & Living,15626766,NOW 娜奧,【NOW 娜奧】美國 玻璃洗手乳罐 植蕨拓印473ml / 按壓瓶 分裝瓶 乳液瓶 沐浴乳罐,NOW,2387626,85,1.4 品牌欄相符（品牌庫有重複，取業績最高）,2026-09-21 14:57:20,NOW 娜奧,品牌欄,now娜奧,now,娜奧,2387626,now,,Health,auto,3,True
momo,Home & Living,15626767,NOW 娜奧,【NOW 娜奧】美國 玻璃洗手乳罐 冬青473ml / 按壓瓶 分裝瓶 乳液瓶 沐浴乳罐,NOW,2387626,85,1.4 品牌欄相符（品牌庫有重複，取業績最高）,2026-09-21 14:57:20,NOW 娜奧,品牌欄,now娜奧,now,娜奧,2387626,now,,Health,auto,3,True
momo,Home & Living,15626871,NOW 娜奧,【NOW 娜奧】美國 海草纖維餐墊 海灣藍 / 桌墊 餐墊 環保餐墊,NOW,2387626,85,1.4 品牌欄相符（品牌庫有重複，取業績最高）,2026-09-21 14:57:20,NOW 娜奧,品牌欄,now娜奧,now,娜奧,2387626,now,,Health,auto,3,True
momo,Home & Living,15626886,NOW 娜奧,【NOW 娜奧】美國 經典雙袋圍裙 蜜蜂花園 / 棉製圍裙 廚房圍裙 料理圍裙 烘焙圍裙,NOW,2387626,85,1.4 品牌欄相符（品牌庫有重複，取業績最高）,2026-09-21 14:57:20,NOW 娜奧,品牌欄,now娜奧,now,娜奧,2387626,now,,Health,auto,3,True
momo,Home & Living,15626887,NOW 娜奧,【NOW 娜奧】美國 純棉平口單袋圍裙 漿果花園 / 廚房圍裙 料理圍裙 烘焙圍裙,NOW,2387626,85,1.4 品牌欄相符（品牌庫有重複，取業績最高）,2026-09-21 14:57:20,NOW 娜奧,品牌欄,now娜奧,now,娜奧,2387626,now,,Health,auto,3,True
momo,Home & Living,15626888,NOW 娜奧,【NOW 娜奧】美國 純棉平口單袋圍裙 法式早餐 / 廚房圍裙 料理圍裙 烘焙圍裙,NOW,2387626,85,1.4 品牌欄相符（品牌庫有重複，取業績最高）,2026-09-21 14:57:20,NOW 娜奧,品牌欄,now娜奧,now,娜奧,2387626,now,,Health,auto,3,True
momo,Home & Living,15626889,NOW 娜奧,【NOW 娜奧】美國 純棉平口單袋圍裙 復古番茄 / 廚房圍裙 料理圍裙 烘焙圍裙,NOW,2387626,85,1.4 品牌欄相符（品牌庫有重複，取業績最高）,2026-09-21 14:57:20,NOW 娜奧,品牌欄,now娜奧,now,娜奧,2387626,now,,Health,auto,3,True
momo,Home & Living,15626890,NOW 娜奧,【NOW 娜奧】美國 純棉平口圍裙 蜜蜂圖鑑 / 廚房圍裙 料理圍裙 烘焙圍裙,NOW,2387626,85,1.4 品牌欄相符（品牌庫有重複，取業績最高）,2026-09-21 14:57:20,NOW 娜奧,品牌欄,now娜奧,now,娜奧,2387626,now,,Health,auto,3,True
momo,Home & Living,15626891,NOW 娜奧,【NOW 娜奧】美國 純棉平口圍裙 菇菇圖鑑 / 廚房圍裙 料理圍裙 烘焙圍裙,NOW,2387626,85,1.4 品牌欄相符（品牌庫有重複，取業績最高）,2026-09-21 14:57:20,NOW 娜奧,品牌欄,now娜奧,now,娜奧,2387626,now,,Health,auto,3,True
momo,Home & Living,15626893,NOW 娜奧,【NOW 娜奧】美國 純棉雙袋細腰帶圍裙 蕨葉仙境 / 廚房圍裙 料理圍裙 烘焙圍裙,NOW,2387626,85,1.4 品牌欄相符（品牌庫有重複，取業績最高）,2026-09-21 14:57:20,NOW 娜奧,品牌欄,now娜奧,now,娜奧,2387626,now,,Health,auto,3,True
momo,Home & Living,15626894,NOW 娜奧,【NOW 娜奧】美國 細腰帶緹花圍裙 聖誕杉樹 / 廚房圍裙 料理圍裙 烘焙圍裙,NOW,2387626,85,1.4 品牌欄相符（品牌庫有重複，取業績最高）,2026-09-21 14:57:20,NOW 娜奧,品牌欄,now娜奧,now,娜奧,2387626,now,,Health,auto,3,True
momo,Home & Living,15626906,NOW 娜奧,【NOW 娜奧】美國 烘焙隔熱手套單支 莓果花園 / 防燙手套 烘焙手套 耐熱手套 微波爐手套,NOW,2387626,85,1.4 品牌欄相符（品牌庫有重複，取業績最高）,2026-09-21 14:57:20,NOW 娜奧,品牌欄,now娜奧,now,娜奧,2387626,now,,Health,auto,3,True
momo,Home & Living,15626907,NOW 娜奧,【NOW 娜奧】美國 烘焙隔熱手套單支 植蕨拓印 / 防燙手套 烘焙手套 耐熱手套 微波爐手套,NOW,2387626,85,1.4 品牌欄相符（品牌庫有重複，取業績最高）,2026-09-21 14:57:20,NOW 娜奧,品牌欄,now娜奧,now,娜奧,2387626,now,,Health,auto,3,True
momo,Home & Living,15626908,NOW 娜奧,【NOW 娜奧】美國 烘焙隔熱手套單支 復古番茄 / 防燙手套 烘焙手套 耐熱手套 微波爐手套,NOW,2387626,85,1.4 品牌欄相符（品牌庫有重複，取業績最高）,2026-09-21 14:57:20,NOW 娜奧,品牌欄,now娜奧,now,娜奧,2387626,now,,Health,auto,3,True
momo,Home & Living,15627070,NOW 娜奧,【NOW 娜奧】美國 不沾鍋木柄矽膠刮刀 松枝山雀33cm / 攪拌刮刀 奶油刮刀 抹刀,NOW,2387626,85,1.4 品牌欄相符（品牌庫有重複，取業績最高）,2026-09-21 14:57:20,NOW 娜奧,品牌欄,now娜奧,now,娜奧,2387626,now,,Health,auto,3,True
momo,Home & Living,15627072,NOW 娜奧,【NOW 娜奧】美國 不沾鍋木柄矽膠刮刀 復古番茄33cm / 攪拌刮刀 奶油刮刀 抹刀,NOW,2387626,85,1.4 品牌欄相符（品牌庫有重複，取業績最高）,2026-09-21 14:57:20,NOW 娜奧,品牌欄,now娜奧,now,娜奧,2387626,now,,Health,auto,3,True
momo,Home & Living,15627075,NOW 娜奧,【NOW 娜奧】美國 不沾鍋迷你矽膠刮刀2入 松枝山雀17.5cm / 攪拌刮刀 奶油刮刀 抹刀,NOW,2387626,85,1.4 品牌欄相符（品牌庫有重複，取業績最高）,2026-09-21 14:57:20,NOW 娜奧,品牌欄,now娜奧,now,娜奧,2387626,now,,Health,auto,3,True
momo,Home & Living,15627876,NOW 娜奧,【NOW 娜奧】美國 石陶馬克杯 蜜蜂圖鑑300ml / 水杯 茶杯 咖啡杯 馬克杯 陶瓷杯,NOW,2387626,85,1.4 品牌欄相符（品牌庫有重複，取業績最高）,2026-09-21 14:57:20,NOW 娜奧,品牌欄,now娜奧,now,娜奧,2387626,now,,Health,auto,3,True
momo,Home & Living,15627877,NOW 娜奧,【NOW 娜奧】美國 石陶馬克杯 靜海揚帆300ml / 水杯 茶杯 咖啡杯 馬克杯 陶瓷杯,NOW,2387626,85,1.4 品牌欄相符（品牌庫有重複，取業績最高）,2026-09-21 14:57:20,NOW 娜奧,品牌欄,now娜奧,now,娜奧,2387626,now,,Health,auto,3,True
momo,Home & Living,15627879,NOW 娜奧,【NOW 娜奧】美國 石陶馬克杯 魚群漫遊415ml / 水杯 茶杯 咖啡杯 飲料杯 陶瓷杯 交換禮物 聖誕禮物,NOW,2387626,85,1.4 品牌欄相符（品牌庫有重複，取業績最高）,2026-09-21 14:57:20,NOW 娜奧,品牌欄,now娜奧,now,娜奧,2387626,now,,Health,auto,3,True
momo,Home & Living,15627885,NOW 娜奧,【NOW 娜奧】美國 海草纖維杯墊4入 麥田 / 咖啡杯墊 飲料墊 水杯墊 茶墊 圓形杯墊 編織杯墊,NOW,2387626,85,1.4 品牌欄相符（品牌庫有重複，取業績最高）,2026-09-21 14:57:20,NOW 娜奧,品牌欄,now娜奧,now,娜奧,2387626,now,,Health,auto,3,True
momo,Home & Living,15627886,NOW 娜奧,【NOW 娜奧】美國 海草纖維杯墊4入 海灣 / 咖啡杯墊 飲料墊 水杯墊 茶墊 圓形杯墊 編織杯墊,NOW,2387626,85,1.4 品牌欄相符（品牌庫有重複，取業績最高）,2026-09-21 14:57:20,NOW 娜奧,品牌欄,now娜奧,now,娜奧,2387626,now,,Health,auto,3,True
momo,Home & Living,15627887,NOW 娜奧,【NOW 娜奧】美國 海草纖維杯墊4入 原野 / 咖啡杯墊 飲料墊 水杯墊 茶墊 圓形杯墊 編織杯墊,NOW,2387626,85,1.4 品牌欄相符（品牌庫有重複，取業績最高）,2026-09-21 14:57:20,NOW 娜奧,品牌欄,now娜奧,now,娜奧,2387626,now,,Health,auto,3,True
momo,Home & Living,4018148,W.I.P 台灣聯合,【台灣聯合WIP】板夾/A3&B4橫式/EP-046/明墨,W.I.P,1334993,98,1.3 品牌欄完全相符,2026-09-21 14:57:20,W.I.P 台灣聯合,品牌欄,wip臺灣聯合,wip,臺灣聯合,1334993,wip,,Home & Living,auto,3,True
momo,Home & Living,4297952,,【ONE 生活】九格傘架(放雨傘的架子),ONE,1091134,80,2.2 由商品名稱【】比對到品牌,2026-09-21 14:57:20,ONE 生活,標題【】,one生活,one,生活,1091134,one,,Beauty,,3,True
momo,Home & Living,4318030,W.I.P 台灣聯合,【台灣聯合WIP】開放式圓孔雜誌箱/AMF6800-2/米白/2入/組,W.I.P,1334993,98,1.3 品牌欄完全相符,2026-09-21 14:57:20,W.I.P 台灣聯合,品牌欄,wip臺灣聯合,wip,臺灣聯合,1334993,wip,,Home & Living,auto,3,True
momo,Home & Living,4318278,W.I.P 台灣聯合,【台灣聯合WIP】三層鐵支公文架/BH553/黑,W.I.P,1334993,98,1.3 品牌欄完全相符,2026-09-21 14:57:20,W.I.P 台灣聯合,品牌欄,wip臺灣聯合,wip,臺灣聯合,1334993,wip,,Home & Living,auto,3,True
momo,Home & Living,4712713,TS6 護一生,【TS6護一生】私舒衣物手洗精(300g),TS6,1136012,90,1.3 品牌欄完全相符,2026-09-21 14:57:20,TS6 護一生,品牌欄,ts6護一生,ts6,護一生,1136012,ts6,,Beauty,auto,3,True
momo,Home & Living,5217912,SKB 文明,【SKB文明】NP-120 鐵盒六角色鉛筆(12色),SKB,1135929,98,1.3 品牌欄完全相符,2026-09-21 14:57:20,SKB 文明,品牌欄,skb文明,skb,文明,1135929,skb,,Home & Living,auto,3,True
momo,Home & Living,5218084,SKB 文明,【SKB文明】CL-140 彩色筆(24色),SKB,1135929,98,1.3 品牌欄完全相符,2026-09-21 14:57:20,SKB 文明,品牌欄,skb文明,skb,文明,1135929,skb,,Home & Living,auto,3,True
momo,Home & Living,5218085,SKB 文明,【SKB文明】CL-210 彩色筆(36色),SKB,1135929,98,1.3 品牌欄完全相符,2026-09-21 14:57:20,SKB 文明,品牌欄,skb文明,skb,文明,1135929,skb,,Home & Living,auto,3,True
momo,Home & Living,5377503,NOW 娜奧,【NOW】美國 甜心兒童圍裙 貓咪 / 親子圍裙 畫畫衣 烘焙圍裙,NOW,2387626,85,1.4 品牌欄相符（品牌庫有重複，取業績最高）,2026-09-21 14:57:20,NOW 娜奧,品牌欄,now娜奧,now,娜奧,2387626,now,,Health,auto,3,True
momo,Home & Living,5377504,NOW 娜奧,【NOW】美國 素面織紋圓餐墊 赭紅 / 桌墊 杯墊,NOW,2387626,85,1.4 品牌欄相符（品牌庫有重複，取業績最高）,2026-09-21 14:57:20,NOW 娜奧,品牌欄,now娜奧,now,娜奧,2387626,now,,Health,auto,3,True
momo,Home & Living,5403263,SKB 文明,【SKB文明】LF-A4 護貝膠膜(A4),SKB,1135929,98,1.3 品牌欄完全相符,2026-09-21 14:57:20,SKB 文明,品牌欄,skb文明,skb,文明,1135929,skb,,Home & Living,auto,3,True
momo,Home & Living,5464585,HH 草本新淨界,【HH 草本新淨界】女性私密衣物抗菌手洗精200ml(私密衣物手洗 衣物手洗精),H&H,1120001,93,1.4 品牌欄相符（品牌庫有重複，取業績最高）,2026-09-21 14:57:20,HH 草本新淨界,品牌欄,hh草本新淨界,hh,草本新淨界,1120001,hh,,Home & Living,auto,2,True
momo,Home & Living,5953108,,【W.I.P台灣聯合文具】NO.TA1119 特大防水夾鏈識別套-直式(10入裝),W.I.P,1334993,81,2.2 由商品名稱【】比對到品牌,2026-09-21 14:57:20,W.I.P台灣聯合文具,標題【】,wip臺灣聯合文具,wip,臺灣聯合文具,1334993,wip,,Home & Living,,3,True
momo,Home & Living,5957291,NOW 娜奧,【NOW】美國 圖騰餐碗 風箏藍S / 飯碗 湯碗,NOW,2387626,85,1.4 品牌欄相符（品牌庫有重複，取業績最高）,2026-09-21 14:57:20,NOW 娜奧,品牌欄,now娜奧,now,娜奧,2387626,now,,Health,auto,3,True
momo,Home & Living,5965876,NOW 娜奧,【NOW】美國 單柄馬克杯 貓咪 / 水杯 茶杯 咖啡杯,NOW,2387626,85,1.4 品牌欄相符（品牌庫有重複，取業績最高）,2026-09-21 14:57:20,NOW 娜奧,品牌欄,now娜奧,now,娜奧,2387626,now,,Health,auto,3,True
momo,Home & Living,6044053,SY 聲億科技,【SY 聲億科技】6W LED 高效能廣角燈泡- 白光 4入(CNS版),SY 聲億,1107828,93,1.4 品牌欄相符（品牌庫有重複，取業績最高）,2026-09-21 14:57:20,SY 聲億科技,品牌欄,sy聲億科技,sy,聲億科技,1107828,sy,聲億,Home & Living,auto,2,True
momo,Home & Living,6232414,NOW 健而婷,【NOW 健而婷】甜杏仁油Sweet Almond Oil(16 oz / 473 ml),NOW,2387626,85,1.4 品牌欄相符（品牌庫有重複，取業績最高）,2026-09-21 14:57:20,NOW 健而婷,品牌欄,now健而婷,now,健而婷,2387626,now,,Health,auto,3,True
momo,Home & Living,6590113,NOW 娜奧,【NOW 娜奧】美國有機認證純尤加利精油30ml-Now Foods(藍膠尤加利精油),NOW,2387626,85,1.4 品牌欄相符（品牌庫有重複，取業績最高）,2026-09-21 14:57:20,NOW 娜奧,品牌欄,now娜奧,now,娜奧,2387626,now,,Health,auto,3,True
momo,Home & Living,6590114,NOW 娜奧,【NOW 娜奧】美國有機認證純檸檬香茅精油30ml-Now Foods(檸檬草精油),NOW,2387626,85,1.4 品牌欄相符（品牌庫有重複，取業績最高）,2026-09-21 14:57:20,NOW 娜奧,品牌欄,now娜奧,now,娜奧,2387626,now,,Health,auto,3,True
momo,Home & Living,6590115,NOW 娜奧,【NOW 娜奧】美國有機認證純迷迭香精油30ml-Now Foods,NOW,2387626,85,1.4 品牌欄相符（品牌庫有重複，取業績最高）,2026-09-21 14:57:20,NOW 娜奧,品牌欄,now娜奧,now,娜奧,2387626,now,,Health,auto,3,True
momo,Home & Living,6590116,NOW 娜奧,【NOW 娜奧】美國有機認證純茶樹精油30ml-Now Foods,NOW,2387626,85,1.4 品牌欄相符（品牌庫有重複，取業績最高）,2026-09-21 14:57:20,NOW 娜奧,品牌欄,now娜奧,now,娜奧,2387626,now,,Health,auto,3,True
momo,Home & Living,6590117,NOW 娜奧,【NOW 娜奧】純八角茴香精油30ml-Now Foods,NOW,2387626,85,1.4 品牌欄相符（品牌庫有重複，取業績最高）,2026-09-21 14:57:20,NOW 娜奧,品牌欄,now娜奧,now,娜奧,2387626,now,,Health,auto,3,True
momo,Home & Living,6590119,NOW 娜奧,【NOW 娜奧】純阿特拉斯雪松精油30ml-Now Foods(大西洋雪松),NOW,2387626,85,1.4 品牌欄相符（品牌庫有重複，取業績最高）,2026-09-21 14:57:20,NOW 娜奧,品牌欄,now娜奧,now,娜奧,2387626,now,,Health,auto,3,True
momo,Home & Living,6590121,NOW 娜奧,【NOW 娜奧】純肉桂精油30ml-Now Foods,NOW,2387626,85,1.4 品牌欄相符（品牌庫有重複，取業績最高）,2026-09-21 14:57:20,NOW 娜奧,品牌欄,now娜奧,now,娜奧,2387626,now,,Health,auto,3,True
momo,Home & Living,6590122,NOW 娜奧,【NOW 娜奧】純乳香精油30ml-Now Foods,NOW,2387626,85,1.4 品牌欄相符（品牌庫有重複，取業績最高）,2026-09-21 14:57:20,NOW 娜奧,品牌欄,now娜奧,now,娜奧,2387626,now,,Health,auto,3,True
momo,Home & Living,6590125,NOW 娜奧,【NOW 娜奧】純薑精油30ml-Now Foods,NOW,2387626,85,1.4 品牌欄相符（品牌庫有重複，取業績最高）,2026-09-21 14:57:20,NOW 娜奧,品牌欄,now娜奧,now,娜奧,2387626,now,,Health,auto,3,True
momo,Home & Living,6590126,NOW 娜奧,【NOW 娜奧】純葡萄柚精油30ml-Now Foods,NOW,2387626,85,1.4 品牌欄相符（品牌庫有重複，取業績最高）,2026-09-21 14:57:20,NOW 娜奧,品牌欄,now娜奧,now,娜奧,2387626,now,,Health,auto,3,True
momo,Home & Living,6590127,NOW 娜奧,【NOW 娜奧】茉莉花香香精油30ml-Now Foods,NOW,2387626,85,1.4 品牌欄相符（品牌庫有重複，取業績最高）,2026-09-21 14:57:20,NOW 娜奧,品牌欄,now娜奧,now,娜奧,2387626,now,,Health,auto,3,True
momo,Home & Living,6590128,NOW 娜奧,【NOW 娜奧】純牛膝草精油30ml-Now Foods,NOW,2387626,85,1.4 品牌欄相符（品牌庫有重複，取業績最高）,2026-09-21 14:57:20,NOW 娜奧,品牌欄,now娜奧,now,娜奧,2387626,now,,Health,auto,3,True
momo,Home & Living,6590129,NOW 娜奧,【NOW 娜奧】純薰衣草精油30ml-Now Foods(真正薰衣草),NOW,2387626,85,1.4 品牌欄相符（品牌庫有重複，取業績最高）,2026-09-21 14:57:20,NOW 娜奧,品牌欄,now娜奧,now,娜奧,2387626,now,,Health,auto,3,True
momo,Home & Living,6590178,NOW 娜奧,【NOW 娜奧】美國有機認證純佛手柑精油30ml-Now Foods(Bergamot),NOW,2387626,85,1.4 品牌欄相符（品牌庫有重複，取業績最高）,2026-09-21 14:57:20,NOW 娜奧,品牌欄,now娜奧,now,娜奧,2387626,now,,Health,auto,3,True
momo,Home & Living,6590179,NOW 娜奧,【NOW 娜奧】美國有機認證純檸檬精油30ml-Now Foods,NOW,2387626,85,1.4 品牌欄相符（品牌庫有重複，取業績最高）,2026-09-21 14:57:20,NOW 娜奧,品牌欄,now娜奧,now,娜奧,2387626,now,,Health,auto,3,True
momo,Home & Living,6590180,NOW 娜奧,【NOW 娜奧】美國有機認證純薰衣草精油30ml-Now Foods,NOW,2387626,85,1.4 品牌欄相符（品牌庫有重複，取業績最高）,2026-09-21 14:57:20,NOW 娜奧,品牌欄,now娜奧,now,娜奧,2387626,now,,Health,auto,3,True
momo,Home & Living,6590181,NOW 娜奧,【NOW 娜奧】美國有機認證純甜橙精油30ml-Now Foods,NOW,2387626,85,1.4 品牌欄相符（品牌庫有重複，取業績最高）,2026-09-21 14:57:20,NOW 娜奧,品牌欄,now娜奧,now,娜奧,2387626,now,,Health,auto,3,True
momo,Home & Living,6590182,NOW 娜奧,【NOW 娜奧】美國有機認證純薄荷精油30ml-Now Foods,NOW,2387626,85,1.4 品牌欄相符（品牌庫有重複，取業績最高）,2026-09-21 14:57:20,NOW 娜奧,品牌欄,now娜奧,now,娜奧,2387626,now,,Health,auto,3,True
momo,Home & Living,6590183,NOW 娜奧,【NOW 娜奧】美國有機認證純綠薄荷精油30ml-Now Foods,NOW,2387626,85,1.4 品牌欄相符（品牌庫有重複，取業績最高）,2026-09-21 14:57:20,NOW 娜奧,品牌欄,now娜奧,now,娜奧,2387626,now,,Health,auto,3,True
momo,Home & Living,6590184,NOW 娜奧,【NOW 娜奧】純膠冷衫精油30ml-Now Foods,NOW,2387626,85,1.4 品牌欄相符（品牌庫有重複，取業績最高）,2026-09-21 14:57:20,NOW 娜奧,品牌欄,now娜奧,now,娜奧,2387626,now,,Health,auto,3,True
momo,Home & Living,6590185,NOW 娜奧,【NOW 娜奧】純羅勒精油30ml-Now Foods,NOW,2387626,85,1.4 品牌欄相符（品牌庫有重複，取業績最高）,2026-09-21 14:57:20,NOW 娜奧,品牌欄,now娜奧,now,娜奧,2387626,now,,Health,auto,3,True
momo,Home & Living,6590186,NOW 娜奧,【NOW 娜奧】純佛手柑精油30ml-Now Foods,NOW,2387626,85,1.4 品牌欄相符（品牌庫有重複，取業績最高）,2026-09-21 14:57:20,NOW 娜奧,品牌欄,now娜奧,now,娜奧,2387626,now,,Health,auto,3,True
momo,Home & Living,6590187,NOW 娜奧,【NOW 娜奧】純雪松精油30ml-Now Foods,NOW,2387626,85,1.4 品牌欄相符（品牌庫有重複，取業績最高）,2026-09-21 14:57:20,NOW 娜奧,品牌欄,now娜奧,now,娜奧,2387626,now,,Health,auto,3,True
momo,Home & Living,6590188,NOW 娜奧,【NOW 娜奧】純丁香精油30ml-Now Foods,NOW,2387626,85,1.4 品牌欄相符（品牌庫有重複，取業績最高）,2026-09-21 14:57:20,NOW 娜奧,品牌欄,now娜奧,now,娜奧,2387626,now,,Health,auto,3,True
momo,Home & Living,6590189,NOW 娜奧,【NOW 娜奧】乳香複方精油30ml-Now Foods,NOW,2387626,85,1.4 品牌欄相符（品牌庫有重複，取業績最高）,2026-09-21 14:57:20,NOW 娜奧,品牌欄,now娜奧,now,娜奧,2387626,now,,Health,auto,3,True
momo,Home & Living,6590190,NOW 娜奧,【NOW 娜奧】純杜松精油30ml-Now Foods,NOW,2387626,85,1.4 品牌欄相符（品牌庫有重複，取業績最高）,2026-09-21 14:57:20,NOW 娜奧,品牌欄,now娜奧,now,娜奧,2387626,now,,Health,auto,3,True
momo,Home & Living,6590191,NOW 娜奧,【NOW 娜奧】純馬鬱蘭精油30ml-Now Foods,NOW,2387626,85,1.4 品牌欄相符（品牌庫有重複，取業績最高）,2026-09-21 14:57:20,NOW 娜奧,品牌欄,now娜奧,now,娜奧,2387626,now,,Health,auto,3,True
momo,Home & Living,6594007,NOW 娜奧,【NOW 娜奧】純薄荷精油30ml-Now Foods,NOW,2387626,85,1.4 品牌欄相符（品牌庫有重複，取業績最高）,2026-09-21 14:57:20,NOW 娜奧,品牌欄,now娜奧,now,娜奧,2387626,now,,Health,auto,3,True
momo,Home & Living,6594008,NOW 娜奧,【NOW 娜奧】純松針精油30ml-Now Foods,NOW,2387626,85,1.4 品牌欄相符（品牌庫有重複，取業績最高）,2026-09-21 14:57:20,NOW 娜奧,品牌欄,now娜奧,now,娜奧,2387626,now,,Health,auto,3,True
momo,Home & Living,6594010,NOW 娜奧,【NOW 娜奧】純迷迭香精油30ml-Now Foods,NOW,2387626,85,1.4 品牌欄相符（品牌庫有重複，取業績最高）,2026-09-21 14:57:20,NOW 娜奧,品牌欄,now娜奧,now,娜奧,2387626,now,,Health,auto,3,True
momo,Home & Living,6594042,NOW 娜奧,【NOW 娜奧】純甜橙精油30ml-Now Foods,NOW,2387626,85,1.4 品牌欄相符（品牌庫有重複，取業績最高）,2026-09-21 14:57:20,NOW 娜奧,品牌欄,now娜奧,now,娜奧,2387626,now,,Health,auto,3,True
momo,Home & Living,6594046,NOW 娜奧,【NOW 娜奧】牛至複方精油30ml-Now Foods(野馬郁蘭複方精油),NOW,2387626,85,1.4 品牌欄相符（品牌庫有重複，取業績最高）,2026-09-21 14:57:20,NOW 娜奧,品牌欄,now娜奧,now,娜奧,2387626,now,,Health,auto,3,True
momo,Home & Living,6594047,NOW 娜奧,【NOW 娜奧】純檸檬香茅精油30ml-Now Foods,NOW,2387626,85,1.4 品牌欄相符（品牌庫有重複，取業績最高）,2026-09-21 14:57:20,NOW 娜奧,品牌欄,now娜奧,now,娜奧,2387626,now,,Health,auto,3,True
momo,Home & Living,6594048,NOW 娜奧,【NOW 娜奧】玫瑰花瓣複方精油30ml-Now Foods,NOW,2387626,85,1.4 品牌欄相符（品牌庫有重複，取業績最高）,2026-09-21 14:57:20,NOW 娜奧,品牌欄,now娜奧,now,娜奧,2387626,now,,Health,auto,3,True
momo,Home & Living,6594049,NOW 娜奧,【NOW 娜奧】空氣清新複方純精油30ml-Now Foods(薄荷、尤加利、牛膝草、迷迭香),NOW,2387626,85,1.4 品牌欄相符（品牌庫有重複，取業績最高）,2026-09-21 14:57:20,NOW 娜奧,品牌欄,now娜奧,now,娜奧,2387626,now,,Health,auto,3,True
momo,Home & Living,6594050,NOW 娜奧,【NOW 娜奧】靈光乍現複方純精油30ml-Now Foods(檸檬、薄荷、冬青、羅勒、迷迭香、葡萄柚),NOW,2387626,85,1.4 品牌欄相符（品牌庫有重複，取業績最高）,2026-09-21 14:57:20,NOW 娜奧,品牌欄,now娜奧,now,娜奧,2387626,now,,Health,auto,3,True
momo,Home & Living,6594051,NOW 娜奧,【NOW 娜奧】平靜舒緩複方純精油30ml-Now Foods(薄荷、廣藿香、甜橙、薰衣草、羅勒),NOW,2387626,85,1.4 品牌欄相符（品牌庫有重複，取業績最高）,2026-09-21 14:57:20,NOW 娜奧,品牌欄,now娜奧,now,娜奧,2387626,now,,Health,auto,3,True
momo,Home & Living,6594052,NOW 娜奧,【NOW 娜奧】純鼠尾草精油30ml-Now Foods,NOW,2387626,85,1.4 品牌欄相符（品牌庫有重複，取業績最高）,2026-09-21 14:57:20,NOW 娜奧,品牌欄,now娜奧,now,娜奧,2387626,now,,Health,auto,3,True
momo,Home & Living,6594053,NOW 娜奧,【NOW 娜奧】純綠薄荷精油30ml-Now Foods,NOW,2387626,85,1.4 品牌欄相符（品牌庫有重複，取業績最高）,2026-09-21 14:57:20,NOW 娜奧,品牌欄,now娜奧,now,娜奧,2387626,now,,Health,auto,3,True
momo,Home & Living,6594054,NOW 娜奧,【NOW 娜奧】純柑橘精油30ml-Now Foods,NOW,2387626,85,1.4 品牌欄相符（品牌庫有重複，取業績最高）,2026-09-21 14:57:20,NOW 娜奧,品牌欄,now娜奧,now,娜奧,2387626,now,,Health,auto,3,True
momo,Home & Living,6594055,NOW 娜奧,【NOW 娜奧】活力朝氣複方純精油30ml-Now Foods(迷迭香、葡萄柚、甜橙、薄荷、肉桂皮),NOW,2387626,85,1.4 品牌欄相符（品牌庫有重複，取業績最高）,2026-09-21 14:57:20,NOW 娜奧,品牌欄,now娜奧,now,娜奧,2387626,now,,Health,auto,3,True
momo,Home & Living,6594056,NOW 娜奧,【NOW 娜奧】永久花複方精油30ml-Now Foods,NOW,2387626,85,1.4 品牌欄相符（品牌庫有重複，取業績最高）,2026-09-21 14:57:20,NOW 娜奧,品牌欄,now娜奧,now,娜奧,2387626,now,,Health,auto,3,True
momo,Home & Living,6594061,NOW 娜奧,【NOW 娜奧】可愛浪漫複方純精油30ml-Now Foods(檸檬、甜橙、依蘭依蘭、檀香、茉莉花),NOW,2387626,85,1.4 品牌欄相符（品牌庫有重複，取業績最高）,2026-09-21 14:57:20,NOW 娜奧,品牌欄,now娜奧,now,娜奧,2387626,now,,Health,auto,3,True
momo,Home & Living,6594062,NOW 娜奧,【NOW 娜奧】自然護盾複方純精油 30ml -7612-Now Foods(丁香、檸檬、肉桂皮、尤加利、迷迭香),NOW,2387626,85,1.4 品牌欄相符（品牌庫有重複，取業績最高）,2026-09-21 14:57:20,NOW 娜奧,品牌欄,now娜奧,now,娜奧,2387626,now,,Health,auto,3,True
momo,Home & Living,6594063,NOW 娜奧,【NOW 娜奧】純茶樹精油30ml-Now Foods,NOW,2387626,85,1.4 品牌欄相符（品牌庫有重複，取業績最高）,2026-09-21 14:57:20,NOW 娜奧,品牌欄,now娜奧,now,娜奧,2387626,now,,Health,auto,3,True
momo,Home & Living,6594064,NOW 娜奧,【NOW 娜奧】愛情芬芳複方純精油30ml-Now Foods(甜橙、依蘭依蘭、廣藿香),NOW,2387626,85,1.4 品牌欄相符（品牌庫有重複，取業績最高）,2026-09-21 14:57:20,NOW 娜奧,品牌欄,now娜奧,now,娜奧,2387626,now,,Health,auto,3,True
momo,Home & Living,6594065,NOW 娜奧,【NOW 娜奧】純冬青精油30ml-Now Foods,NOW,2387626,85,1.4 品牌欄相符（品牌庫有重複，取業績最高）,2026-09-21 14:57:20,NOW 娜奧,品牌欄,now娜奧,now,娜奧,2387626,now,,Health,auto,3,True
momo,Home & Living,6594119,NOW 娜奧,【NOW 娜奧】純絲柏精油30ml-Now Foods,NOW,2387626,85,1.4 品牌欄相符（品牌庫有重複，取業績最高）,2026-09-21 14:57:20,NOW 娜奧,品牌欄,now娜奧,now,娜奧,2387626,now,,Health,auto,3,True
momo,Home & Living,6598296,NOW 娜奧,【NOW 娜奧】純荷荷巴保濕油118ml-Now Foods,NOW,2387626,85,1.4 品牌欄相符（品牌庫有重複，取業績最高）,2026-09-21 14:57:20,NOW 娜奧,品牌欄,now娜奧,now,娜奧,2387626,now,,Health,auto,3,True
momo,Home & Living,6598298,NOW 娜奧,【NOW 娜奧】純酪梨保濕油118ml-Now Foods,NOW,2387626,85,1.4 品牌欄相符（品牌庫有重複，取業績最高）,2026-09-21 14:57:20,NOW 娜奧,品牌欄,now娜奧,now,娜奧,2387626,now,,Health,auto,3,True
momo,Home & Living,6598299,NOW 娜奧,【NOW 娜奧】純蓖麻保濕油118ml-Now Foods(純淨滋養/護膚/護髮/局部密集滋潤),NOW,2387626,85,1.4 品牌欄相符（品牌庫有重複，取業績最高）,2026-09-21 14:57:20,NOW 娜奧,品牌欄,now娜奧,now,娜奧,2387626,now,,Health,auto,3,True
momo,Home & Living,6598300,NOW 娜奧,【NOW 娜奧】純葡萄籽保濕油118ml-Now Foods,NOW,2387626,85,1.4 品牌欄相符（品牌庫有重複，取業績最高）,2026-09-21 14:57:20,NOW 娜奧,品牌欄,now娜奧,now,娜奧,2387626,now,,Health,auto,3,True
momo,Home & Living,6598304,NOW 娜奧,【NOW 娜奧】純草本甘油保濕油118ml-Now Foods,NOW,2387626,85,1.4 品牌欄相符（品牌庫有重複，取業績最高）,2026-09-21 14:57:20,NOW 娜奧,品牌欄,now娜奧,now,娜奧,2387626,now,,Health,auto,3,True
momo,Home & Living,6598357,NOW 娜奧,【NOW 娜奧】檀香複方精油30ml-Now Foods,NOW,2387626,85,1.4 品牌欄相符（品牌庫有重複，取業績最高）,2026-09-21 14:57:20,NOW 娜奧,品牌欄,now娜奧,now,娜奧,2387626,now,,Health,auto,3,True
momo,Home & Living,6598360,NOW 娜奧,【NOW 娜奧】純杏桃核仁保濕油118ml-Now Foods,NOW,2387626,85,1.4 品牌欄相符（品牌庫有重複，取業績最高）,2026-09-21 14:57:20,NOW 娜奧,品牌欄,now娜奧,now,娜奧,2387626,now,,Health,auto,3,True
momo,Home & Living,6598364,NOW 娜奧,【NOW 娜奧】美國有機認證純荷荷巴保濕油118ml-Now Foods,NOW,2387626,85,1.4 品牌欄相符（品牌庫有重複，取業績最高）,2026-09-21 14:57:20,NOW 娜奧,品牌欄,now娜奧,now,娜奧,2387626,now,,Health,auto,3,True
momo,Home & Living,6598366,NOW 娜奧,【NOW 娜奧】純椰子保濕油473ml-Now foods,NOW,2387626,85,1.4 品牌欄相符（品牌庫有重複，取業績最高）,2026-09-21 14:57:20,NOW 娜奧,品牌欄,now娜奧,now,娜奧,2387626,now,,Health,auto,3,True
momo,Home & Living,6598369,NOW 娜奧,【NOW 娜奧】純乳木果保濕油118ml-Now Foods,NOW,2387626,85,1.4 品牌欄相符（品牌庫有重複，取業績最高）,2026-09-21 14:57:20,NOW 娜奧,品牌欄,now娜奧,now,娜奧,2387626,now,,Health,auto,3,True
momo,Home & Living,6598373,NOW 娜奧,【NOW 娜奧】純香茅精油30ml-Now Foods,NOW,2387626,85,1.4 品牌欄相符（品牌庫有重複，取業績最高）,2026-09-21 14:57:20,NOW 娜奧,品牌欄,now娜奧,now,娜奧,2387626,now,,Health,auto,3,True
momo,Home & Living,6602801,NOW 娜奧,【NOW 娜奧】飛蟲勿擾複方純精油30ml-Now Foods(香茅、檸檬香茅、迷迭香、百里香),NOW,2387626,85,1.4 品牌欄相符（品牌庫有重複，取業績最高）,2026-09-21 14:57:20,NOW 娜奧,品牌欄,now娜奧,now,娜奧,2387626,now,,Health,auto,3,True
momo,Home & Living,6602817,NOW 娜奧,【NOW 娜奧】檸檬/尤加利複方純精油30ml-Now Foods(檸檬、尤加利、檸檬香茅),NOW,2387626,85,1.4 品牌欄相符（品牌庫有重複，取業績最高）,2026-09-21 14:57:20,NOW 娜奧,品牌欄,now娜奧,now,娜奧,2387626,now,,Health,auto,3,True
momo,Home & Living,6602820,NOW 娜奧,【NOW 娜奧】薰衣草茶樹複方純精油30ml-Now Foods,NOW,2387626,85,1.4 品牌欄相符（品牌庫有重複，取業績最高）,2026-09-21 14:57:20,NOW 娜奧,品牌欄,now娜奧,now,娜奧,2387626,now,,Health,auto,3,True
momo,Home & Living,6628755,NOW 娜奧,【NOW 娜奧】玻璃空瓶罐-滴管30ml-Now Foods,NOW,2387626,85,1.4 品牌欄相符（品牌庫有重複，取業績最高）,2026-09-21 14:57:20,NOW 娜奧,品牌欄,now娜奧,now,娜奧,2387626,now,,Health,auto,3,True
momo,Home & Living,6720892,NOW 娜奧,【NOW 娜奧】純快樂鼠尾草精油30ml-Now Foods,NOW,2387626,85,1.4 品牌欄相符（品牌庫有重複，取業績最高）,2026-09-21 14:57:20,NOW 娜奧,品牌欄,now娜奧,now,娜奧,2387626,now,,Health,auto,3,True
momo,Home & Living,6720894,NOW 娜奧,【NOW 娜奧】純檸檬精油30ml-Now Foods,NOW,2387626,85,1.4 品牌欄相符（品牌庫有重複，取業績最高）,2026-09-21 14:57:20,NOW 娜奧,品牌欄,now娜奧,now,娜奧,2387626,now,,Health,auto,3,True
momo,Home & Living,6720896,NOW 娜奧,【NOW 娜奧】純廣藿香精油30ml-Now Foods,NOW,2387626,85,1.4 品牌欄相符（品牌庫有重複，取業績最高）,2026-09-21 14:57:20,NOW 娜奧,品牌欄,now娜奧,now,娜奧,2387626,now,,Health,auto,3,True
momo,Home & Living,6720898,NOW 娜奧,【NOW 娜奧】甜夢複方純精油30ml-Now Foods(甜橙、柑橘、薰衣草、洋甘菊、依蘭依蘭、檀香),NOW,2387626,85,1.4 品牌欄相符（品牌庫有重複，取業績最高）,2026-09-21 14:57:20,NOW 娜奧,品牌欄,now娜奧,now,娜奧,2387626,now,,Health,auto,3,True
momo,Home & Living,6720945,NOW 娜奧,【NOW 娜奧】純天竺葵精油30ml-Now Foods,NOW,2387626,85,1.4 品牌欄相符（品牌庫有重複，取業績最高）,2026-09-21 14:57:20,NOW 娜奧,品牌欄,now娜奧,now,娜奧,2387626,now,,Health,auto,3,True
momo,Home & Living,6720949,NOW 娜奧,【NOW 娜奧】純牛至精油30ml-Now Foods(野馬郁蘭精油),NOW,2387626,85,1.4 品牌欄相符（品牌庫有重複，取業績最高）,2026-09-21 14:57:20,NOW 娜奧,品牌欄,now娜奧,now,娜奧,2387626,now,,Health,auto,3,True
momo,Home & Living,6720953,NOW 娜奧,【NOW 娜奧】歡樂開心複方純精油30ml-Now Foods(佛手柑、甜橙、萊姆、葡萄柚、檸檬),NOW,2387626,85,1.4 品牌欄相符（品牌庫有重複，取業績最高）,2026-09-21 14:57:20,NOW 娜奧,品牌欄,now娜奧,now,娜奧,2387626,now,,Health,auto,3,True
momo,Home & Living,6730009,HH 草本新淨界,【HH 草本新淨界】私密植萃抗菌潔淨露/私密衣物抗菌手洗精(200ml/200ml),H&H,1120001,93,1.4 品牌欄相符（品牌庫有重複，取業績最高）,2026-09-21 14:57:20,HH 草本新淨界,品牌欄,hh草本新淨界,hh,草本新淨界,1120001,hh,,Home & Living,auto,2,True
momo,Home & Living,6843726,NOW 娜奧,【NOW 娜奧】橙花複方精油30ml-Now Foods,NOW,2387626,85,1.4 品牌欄相符（品牌庫有重複，取業績最高）,2026-09-21 14:57:20,NOW 娜奧,品牌欄,now娜奧,now,娜奧,2387626,now,,Health,auto,3,True
momo,Home & Living,6843727,NOW 娜奧,【NOW 娜奧】茉莉花複方精油30ml-Now Foods,NOW,2387626,85,1.4 品牌欄相符（品牌庫有重複，取業績最高）,2026-09-21 14:57:20,NOW 娜奧,品牌欄,now娜奧,now,娜奧,2387626,now,,Health,auto,3,True
momo,Home & Living,6847627,BWT 德國倍世,【BWT 德國倍世】2.6L VIDA樂樂濾水壺＋鎂離子1入(共1壺1芯),BWT,1127990,90,1.3 品牌欄完全相符,2026-09-21 14:57:20,BWT 德國倍世,品牌欄,bwt德國倍世,bwt,德國倍世,1127990,bwt,,Home Electronic,auto,3,True
momo,Home & Living,7021582,NOW 娜奧,【NOW 娜奧】美國 壓紋餐碗 圖騰綠 / 飯碗 湯碗,NOW,2387626,85,1.4 品牌欄相符（品牌庫有重複，取業績最高）,2026-09-21 14:57:20,NOW 娜奧,品牌欄,now娜奧,now,娜奧,2387626,now,,Health,auto,3,True
momo,Home & Living,7190235,NOW 娜奧,【NOW 娜奧】純胡蘿蔔籽精油30ml-Now Foods,NOW,2387626,85,1.4 品牌欄相符（品牌庫有重複，取業績最高）,2026-09-21 14:57:20,NOW 娜奧,品牌欄,now娜奧,now,娜奧,2387626,now,,Health,auto,3,True
momo,Home & Living,7190236,NOW 娜奧,【NOW 娜奧】甜蜜柔情複方純精油30ml-Now Foods(薰衣草、依蘭依蘭、佛手柑、依蘭依蘭、廣藿香、雪松),NOW,2387626,85,1.4 品牌欄相符（品牌庫有重複，取業績最高）,2026-09-21 14:57:20,NOW 娜奧,品牌欄,now娜奧,now,娜奧,2387626,now,,Health,auto,3,True
momo,Home & Living,7190238,NOW 娜奧,【NOW 娜奧】美國有機認證純丁香精油30ml-Now Foods(Clove),NOW,2387626,85,1.4 品牌欄相符（品牌庫有重複，取業績最高）,2026-09-21 14:57:20,NOW 娜奧,品牌欄,now娜奧,now,娜奧,2387626,now,,Health,auto,3,True
momo,Home & Living,7271378,NOW 娜奧,【NOW 娜奧】純穗薰衣草精油30ml-Now Foods,NOW,2387626,85,1.4 品牌欄相符（品牌庫有重複，取業績最高）,2026-09-21 14:57:20,NOW 娜奧,品牌欄,now娜奧,now,娜奧,2387626,now,,Health,auto,3,True
momo,Home & Living,7271379,NOW 娜奧,【NOW 娜奧】純薰衣草精油10ml-Now Foods,NOW,2387626,85,1.4 品牌欄相符（品牌庫有重複，取業績最高）,2026-09-21 14:57:20,NOW 娜奧,品牌欄,now娜奧,now,娜奧,2387626,now,,Health,auto,3,True
momo,Home & Living,7271380,NOW 娜奧,【NOW 娜奧】純薰衣草精油118ml-Now Foods,NOW,2387626,85,1.4 品牌欄相符（品牌庫有重複，取業績最高）,2026-09-21 14:57:20,NOW 娜奧,品牌欄,now娜奧,now,娜奧,2387626,now,,Health,auto,3,True
momo,Home & Living,7271381,NOW 娜奧,【NOW 娜奧】純羅馬洋甘菊精油10ml-Now Foods,NOW,2387626,85,1.4 品牌欄相符（品牌庫有重複，取業績最高）,2026-09-21 14:57:20,NOW 娜奧,品牌欄,now娜奧,now,娜奧,2387626,now,,Health,auto,3,True
momo,Home & Living,7271384,NOW 娜奧,【NOW 娜奧】純檸檬香茅精油118ml-Now Foods,NOW,2387626,85,1.4 品牌欄相符（品牌庫有重複，取業績最高）,2026-09-21 14:57:20,NOW 娜奧,品牌欄,now娜奧,now,娜奧,2387626,now,,Health,auto,3,True
momo,Home & Living,7271385,NOW 娜奧,【NOW 娜奧】純荷荷巴保濕油30ml-Now Foods,NOW,2387626,85,1.4 品牌欄相符（品牌庫有重複，取業績最高）,2026-09-21 14:57:20,NOW 娜奧,品牌欄,now娜奧,now,娜奧,2387626,now,,Health,auto,3,True
momo,Home & Living,7271386,NOW 娜奧,【NOW 娜奧】美國有機認證純草本甘油保濕油237ml-Now Foods,NOW,2387626,85,1.4 品牌欄相符（品牌庫有重複，取業績最高）,2026-09-21 14:57:20,NOW 娜奧,品牌欄,now娜奧,now,娜奧,2387626,now,,Health,auto,3,True
momo,Home & Living,7290255,TS6 護一生,【TS6 護一生】私舒衣物手洗精300g 絲絨玫瑰香氛(清潔 私密衣物),TS6,1136012,90,1.3 品牌欄完全相符,2026-09-21 14:57:20,TS6 護一生,品牌欄,ts6護一生,ts6,護一生,1136012,ts6,,Beauty,auto,3,True
momo,Home & Living,7420531,W.I.P 台灣聯合,【W.I.P 台灣聯合】直立警示牌 小心地滑(警示牌),W.I.P,1334993,98,1.3 品牌欄完全相符,2026-09-21 14:57:20,W.I.P 台灣聯合,品牌欄,wip臺灣聯合,wip,臺灣聯合,1334993,wip,,Home & Living,auto,3,True
momo,Home & Living,7473301,NOW 娜奧,【NOW 娜奧】純茶樹精油118ml-Now Foods,NOW,2387626,85,1.4 品牌欄相符（品牌庫有重複，取業績最高）,2026-09-21 14:57:20,NOW 娜奧,品牌欄,now娜奧,now,娜奧,2387626,now,,Health,auto,3,True
momo,Home & Living,7473302,NOW 娜奧,【NOW 娜奧】純尤加利精油118ml-Now Foods(藍膠尤加利),NOW,2387626,85,1.4 品牌欄相符（品牌庫有重複，取業績最高）,2026-09-21 14:57:20,NOW 娜奧,品牌欄,now娜奧,now,娜奧,2387626,now,,Health,auto,3,True
momo,Home & Living,7619751,NOW 娜奧,【NOW 娜奧】純尤加利桉葉精油30ml-Now Foods(澳洲尤加利),NOW,2387626,85,1.4 品牌欄相符（品牌庫有重複，取業績最高）,2026-09-21 14:57:20,NOW 娜奧,品牌欄,now娜奧,now,娜奧,2387626,now,,Health,auto,3,True
momo,Home & Living,7660336,NOW 娜奧,【NOW 娜奧】美國 素面織紋圓餐墊 淺棕 / 桌墊 杯墊,NOW,2387626,85,1.4 品牌欄相符（品牌庫有重複，取業績最高）,2026-09-21 14:57:20,NOW 娜奧,品牌欄,now娜奧,now,娜奧,2387626,now,,Health,auto,3,True
momo,Home & Living,7668026,NOW 娜奧,【NOW 娜奧】純薄荷精油118ml-Now Foods,NOW,2387626,85,1.4 品牌欄相符（品牌庫有重複，取業績最高）,2026-09-21 14:57:20,NOW 娜奧,品牌欄,now娜奧,now,娜奧,2387626,now,,Health,auto,3,True
momo,Home & Living,7922478,GB 綠鐘,【GB 綠鐘】GREEN BELL日本綠鐘匠之技鍛造鋼專業裁布剪刀S(L210mm G-5131),gb,4405709,85,1.4 品牌欄相符（品牌庫有重複，取業績最高）,2026-09-21 14:57:20,GB 綠鐘,品牌欄,gb綠鐘,gb,綠鐘,4405709,gb,,Mother & Baby,auto,2,True
momo,Home & Living,7922480,GB 綠鐘,【GB 綠鐘】GREEN BELL日本綠鐘匠之技鍛造鋼專業裁布剪刀S(L210mm G-5145),gb,4405709,85,1.4 品牌欄相符（品牌庫有重複，取業績最高）,2026-09-21 14:57:20,GB 綠鐘,品牌欄,gb綠鐘,gb,綠鐘,4405709,gb,,Mother & Baby,auto,2,True
momo,Home & Living,7922481,GB 綠鐘,【GB 綠鐘】GREEN BELL日本綠鐘匠之技鍛造鋼專業裁布剪刀M(L240mm G-5150),gb,4405709,85,1.4 品牌欄相符（品牌庫有重複，取業績最高）,2026-09-21 14:57:20,GB 綠鐘,品牌欄,gb綠鐘,gb,綠鐘,4405709,gb,,Mother & Baby,auto,2,True
momo,Home & Living,7931929,GB 綠鐘,【GB 綠鐘】GREEN BELL日本綠鐘匠之技達人級刮舌苔潔棒(黑色 G-2180),gb,4405709,85,1.4 品牌欄相符（品牌庫有重複，取業績最高）,2026-09-21 14:57:20,GB 綠鐘,品牌欄,gb綠鐘,gb,綠鐘,4405709,gb,,Mother & Baby,auto,2,True
momo,Home & Living,7931930,GB 綠鐘,【GB 綠鐘】GREEN BELL日本綠鐘匠之技達人級刮舌苔潔棒(粉紅 G-2181),gb,4405709,85,1.4 品牌欄相符（品牌庫有重複，取業績最高）,2026-09-21 14:57:20,GB 綠鐘,品牌欄,gb綠鐘,gb,綠鐘,4405709,gb,,Mother & Baby,auto,2,True
momo,Home & Living,7931931,GB 綠鐘,【GB 綠鐘】GREEN BELL日本綠鐘匠之技達人級刮舌苔潔棒(水藍 G-2184),gb,4405709,85,1.4 品牌欄相符（品牌庫有重複，取業績最高）,2026-09-21 14:57:20,GB 綠鐘,品牌欄,gb綠鐘,gb,綠鐘,4405709,gb,,Mother & Baby,auto,2,True
momo,Home & Living,7934694,GB 綠鐘,【GB 綠鐘】GREEN BELL日本綠鐘嬰幼兒專用潔齒牙刷二支組(BA-114),gb,4405709,85,1.4 品牌欄相符（品牌庫有重複，取業績最高）,2026-09-21 14:57:20,GB 綠鐘,品牌欄,gb綠鐘,gb,綠鐘,4405709,gb,,Mother & Baby,auto,2,True
momo,Home & Living,7981209,NOW 娜奧,【NOW 娜奧】純檸檬精油118ml-Now Foods,NOW,2387626,85,1.4 品牌欄相符（品牌庫有重複，取業績最高）,2026-09-21 14:57:20,NOW 娜奧,品牌欄,now娜奧,now,娜奧,2387626,now,,Health,auto,3,True
momo,Home & Living,7988989,ONE 生活,【ONE 生活】桌上轉角收納櫃/桌上置物角落櫃(桌上寬20CM轉角架),ONE,1091134,85,1.4 品牌欄相符（品牌庫有重複，取業績最高）,2026-09-21 14:57:20,ONE 生活,品牌欄,one生活,one,生活,1091134,one,,Beauty,,3,True
momo,Home & Living,8019744,ACE 英士牌,【ACE 英士牌】NO.20 油性速乾筆 黑(12入1盒),ACE,1120063,85,1.4 品牌欄相符（品牌庫有重複，取業績最高）,2026-09-21 14:57:20,ACE 英士牌,品牌欄,ace英士牌,ace,英士牌,1120063,ace,,Food & Beverages,,3,True
momo,Home & Living,8041950,SKB 文明,【SKB 文明】SB-2000 秘書型原子筆0.7 藍(24入1包),SKB,1135929,98,1.3 品牌欄完全相符,2026-09-21 14:57:20,SKB 文明,品牌欄,skb文明,skb,文明,1135929,skb,,Home & Living,auto,3,True
momo,Home & Living,8044659,NOW 娜奧,【NOW 娜奧】美國有機認證純牛至精油30ml-Now Foods(野馬郁蘭精油),NOW,2387626,85,1.4 品牌欄相符（品牌庫有重複，取業績最高）,2026-09-21 14:57:20,NOW 娜奧,品牌欄,now娜奧,now,娜奧,2387626,now,,Health,auto,3,True
momo,Home & Living,8047670,NOW 娜奧,【NOW 娜奧】純甜橙精油118ml-Now Foods,NOW,2387626,85,1.4 品牌欄相符（品牌庫有重複，取業績最高）,2026-09-21 14:57:20,NOW 娜奧,品牌欄,now娜奧,now,娜奧,2387626,now,,Health,auto,3,True
momo,Home & Living,8047672,NOW 娜奧,【NOW 娜奧】純岩蘭草精油10ml-Now Foods,NOW,2387626,85,1.4 品牌欄相符（品牌庫有重複，取業績最高）,2026-09-21 14:57:20,NOW 娜奧,品牌欄,now娜奧,now,娜奧,2387626,now,,Health,auto,3,True
momo,Home & Living,8055544,SKB 文明,【SKB 文明】IB-101 自動原子筆 紅 12支盒裝(1盒),SKB,1135929,98,1.3 品牌欄完全相符,2026-09-21 14:57:20,SKB 文明,品牌欄,skb文明,skb,文明,1135929,skb,,Home & Living,auto,3,True
momo,Home & Living,8055565,ACE 英士牌,【ACE 英士牌】NO.25 雙頭簽名筆 黑(4入1包),ACE,1120063,85,1.4 品牌欄相符（品牌庫有重複，取業績最高）,2026-09-21 14:57:20,ACE 英士牌,品牌欄,ace英士牌,ace,英士牌,1120063,ace,,Food & Beverages,,3,True
momo,Home & Living,8055647,ACE 英士牌,【ACE 英士牌】CT-1010-RD 秀麗筆 紅(2入1包),ACE,1120063,85,1.4 品牌欄相符（品牌庫有重複，取業績最高）,2026-09-21 14:57:20,ACE 英士牌,品牌欄,ace英士牌,ace,英士牌,1120063,ace,,Food & Beverages,,3,True
momo,Home & Living,8058710,NOW 娜奧,【NOW】美國 素面織紋圓餐墊 岩灰 / 桌墊 杯墊,NOW,2387626,85,1.4 品牌欄相符（品牌庫有重複，取業績最高）,2026-09-21 14:57:20,NOW 娜奧,品牌欄,now娜奧,now,娜奧,2387626,now,,Health,auto,3,True
momo,Home & Living,8058716,NOW 娜奧,【NOW】美國 編織長方餐墊 紅 / 桌墊 杯墊,NOW,2387626,85,1.4 品牌欄相符（品牌庫有重複，取業績最高）,2026-09-21 14:57:20,NOW 娜奧,品牌欄,now娜奧,now,娜奧,2387626,now,,Health,auto,3,True
momo,Home & Living,8059872,ACE 英士牌,【ACE 英士牌】NO.20 油性速乾筆(12支1盒),ACE,1120063,85,1.4 品牌欄相符（品牌庫有重複，取業績最高）,2026-09-21 14:57:20,ACE 英士牌,品牌欄,ace英士牌,ace,英士牌,1120063,ace,,Food & Beverages,,3,True
momo,Home & Living,8060159,SKB 文明,【SKB 文明】IB-101 極細自動原子筆 黑(12入盒裝),SKB,1135929,98,1.3 品牌欄完全相符,2026-09-21 14:57:20,SKB 文明,品牌欄,skb文明,skb,文明,1135929,skb,,Home & Living,auto,3,True
momo,Home & Living,8165514,NOW 娜奧,【NOW 娜奧】森林漫步複方純精油30ml-Now Foods(松針、阿特拉斯雪松、杜松、純乳香、沒藥),NOW,2387626,85,1.4 品牌欄相符（品牌庫有重複，取業績最高）,2026-09-21 14:57:20,NOW 娜奧,品牌欄,now娜奧,now,娜奧,2387626,now,,Health,auto,3,True
momo,Home & Living,8386586,W.I.P 台灣聯合,【W.I.P 台灣聯合】T1722公佈欄A5-附雙面膠(2入1包),W.I.P,1334993,98,1.3 品牌欄完全相符,2026-09-21 14:57:20,W.I.P 台灣聯合,品牌欄,wip臺灣聯合,wip,臺灣聯合,1334993,wip,,Home & Living,auto,3,True
momo,Home & Living,8395204,NOW 娜奧,【NOW 娜奧】純椰子保濕油118ml-Now Foods,NOW,2387626,85,1.4 品牌欄相符（品牌庫有重複，取業績最高）,2026-09-21 14:57:20,NOW 娜奧,品牌欄,now娜奧,now,娜奧,2387626,now,,Health,auto,3,True
momo,Home & Living,8405841,BWT 德國倍世,【BWT 德國倍世】鎂離子濾芯 3入組(歐洲原裝進口),BWT,1127990,90,1.3 品牌欄完全相符,2026-09-21 14:57:20,BWT 德國倍世,品牌欄,bwt德國倍世,bwt,德國倍世,1127990,bwt,,Home Electronic,auto,3,True
momo,Home & Living,8508584,BWT 德國倍世,【BWT 德國倍世】超值綜合濾芯12入組(鎂離子9入+鋅鎂離子3入),BWT,1127990,90,1.3 品牌欄完全相符,2026-09-21 14:57:20,BWT 德國倍世,品牌欄,bwt德國倍世,bwt,德國倍世,1127990,bwt,,Home Electronic,auto,3,True
momo,Home & Living,8512096,SKB 文明,【SKB 文明】IB-101極細自動原子筆 藍(12入盒裝),SKB,1135929,98,1.3 品牌欄完全相符,2026-09-21 14:57:20,SKB 文明,品牌欄,skb文明,skb,文明,1135929,skb,,Home & Living,auto,3,True
momo,Home & Living,8552839,BWT 德國倍世,【BWT 德國倍世】SLIM TAP 廚房家用龍頭濾水器 + 2入芯(廚衛淨水器 共3入芯),BWT,1127990,90,1.3 品牌欄完全相符,2026-09-21 14:57:20,BWT 德國倍世,品牌欄,bwt德國倍世,bwt,德國倍世,1127990,bwt,,Home Electronic,auto,3,True
momo,Home & Living,8767598,TS6 護一生,【TS6 護一生】私舒衣物手洗精(300gx3入),TS6,1136012,90,1.3 品牌欄完全相符,2026-09-21 14:57:20,TS6 護一生,品牌欄,ts6護一生,ts6,護一生,1136012,ts6,,Beauty,auto,3,True
momo,Home & Living,8782421,O.W.N. 對環境友善的蠟燭,【O.W.N. 對環境友善的蠟燭】旅行蠟燭 White Jasmine 白茉莉 90G(精油、香氛蠟燭、玫瑰),OWN,5122981,90,1.3 品牌欄完全相符,2026-09-21 14:57:20,O.W.N. 對環境友善的蠟燭,品牌欄,own對環境友善的蠟燭,own,對環境友善的蠟燭,5122981,own,,Women's Apparel,auto,3,True
momo,Home & Living,8782510,NOW 娜奧,【NOW 娜奧】純迷迭香精油118ml-Now Foods,NOW,2387626,85,1.4 品牌欄相符（品牌庫有重複，取業績最高）,2026-09-21 14:57:20,NOW 娜奧,品牌欄,now娜奧,now,娜奧,2387626,now,,Health,auto,3,True
momo,Home & Living,8790601,O.W.N. 對環境友善的蠟燭,【O.W.N. 對環境友善的蠟燭】旅行蠟燭 Orchid 蘭花 90G(精油、香氛蠟燭、玫瑰),OWN,5122981,90,1.3 品牌欄完全相符,2026-09-21 14:57:20,O.W.N. 對環境友善的蠟燭,品牌欄,own對環境友善的蠟燭,own,對環境友善的蠟燭,5122981,own,,Women's Apparel,auto,3,True
momo,Home & Living,9009905,,【斐孟spa】單片裝防疫塑膠手套 240雙/組(單片包、防疫、衛生、細菌病毒免進),SPA,3876234,85,2.2 由商品名稱【】比對到品牌,2026-09-21 14:57:20,斐孟spa,標題【】,斐孟spa,spa,斐孟,3876234,spa,,Beauty,auto,3,True
momo,Home & Living,9155132,Ran 冉,【Ran 冉】浴室皂垢清潔劑 500ml(玻璃、鏡面專用),Ran,1594021,93,1.4 品牌欄相符（品牌庫有重複，取業績最高）,2026-09-21 14:57:20,Ran 冉,品牌欄,ran冉,ran,冉,1594021,ran,,Home & Living,,3,True
momo,Home & Living,9187369,DRX 達特世,【DRX 達特世】TN95醫用4D口罩-炫耀黑-成人20入/盒,DRX,4556462,85,1.4 品牌欄相符（品牌庫有重複，取業績最高）,2026-09-21 14:57:20,DRX 達特世,品牌欄,drx達特世,drx,達特世,4556462,drx,,Beauty,,3,True
momo,Home & Living,9225869,NOW 娜奧,【NOW】美國 方形瓷製醬料碟4入 四季9cm / 醬碟 醬油碟 小碟子 小菜碟,NOW,2387626,85,1.4 品牌欄相符（品牌庫有重複，取業績最高）,2026-09-21 14:57:20,NOW 娜奧,品牌欄,now娜奧,now,娜奧,2387626,now,,Health,auto,3,True
momo,Home & Living,9226107,NOW 娜奧,【NOW】美國 紋繪瓷製醬料碟6入 黑9cm / 醬碟 醬油碟 小碟子 小菜碟,NOW,2387626,85,1.4 品牌欄相符（品牌庫有重複，取業績最高）,2026-09-21 14:57:20,NOW 娜奧,品牌欄,now娜奧,now,娜奧,2387626,now,,Health,auto,3,True
momo,Home & Living,9227497,NOW 娜奧,【NOW】美國 陶製調理碗4件 粉雲 / 調理盆 醬料碗 調理皿,NOW,2387626,85,1.4 品牌欄相符（品牌庫有重複，取業績最高）,2026-09-21 14:57:20,NOW 娜奧,品牌欄,now娜奧,now,娜奧,2387626,now,,Health,auto,3,True
momo,Home & Living,9235641,NOW 娜奧,【NOW】美國 木柄矽膠刮刀 貓咪青33cm / 攪拌刮刀 刮刀 奶油刮刀 抹刀,NOW,2387626,85,1.4 品牌欄相符（品牌庫有重複，取業績最高）,2026-09-21 14:57:20,NOW 娜奧,品牌欄,now娜奧,now,娜奧,2387626,now,,Health,auto,3,True
momo,Home & Living,9279628,NOW 娜奧,【NOW】美國 方形純棉隔熱墊 磚紅 / 桌墊 鍋墊 餐墊 耐熱墊 杯墊,NOW,2387626,85,1.4 品牌欄相符（品牌庫有重複，取業績最高）,2026-09-21 14:57:20,NOW 娜奧,品牌欄,now娜奧,now,娜奧,2387626,now,,Health,auto,3,True
momo,Home & Living,9279832,NOW 娜奧,【NOW】美國 烘焙隔熱手套 湖水綠 / 防燙手套 烘焙耐熱手套,NOW,2387626,85,1.4 品牌欄相符（品牌庫有重複，取業績最高）,2026-09-21 14:57:20,NOW 娜奧,品牌欄,now娜奧,now,娜奧,2387626,now,,Health,auto,3,True
momo,Home & Living,9279834,NOW 娜奧,【NOW】美國 烘焙隔熱手套 牛仔藍 / 防燙手套 烘焙耐熱手套,NOW,2387626,85,1.4 品牌欄相符（品牌庫有重複，取業績最高）,2026-09-21 14:57:20,NOW 娜奧,品牌欄,now娜奧,now,娜奧,2387626,now,,Health,auto,3,True
momo,Home & Living,9279843,NOW 娜奧,【NOW】美國 烘焙隔熱手套 芥末黃 / 防燙手套 烘焙耐熱手套,NOW,2387626,85,1.4 品牌欄相符（品牌庫有重複，取業績最高）,2026-09-21 14:57:20,NOW 娜奧,品牌欄,now娜奧,now,娜奧,2387626,now,,Health,auto,3,True
momo,Home & Living,9279975,NOW 娜奧,【NOW】美國 平口單袋圍裙 草綠 / 廚房圍裙 料理圍裙 烘焙圍裙,NOW,2387626,85,1.4 品牌欄相符（品牌庫有重複，取業績最高）,2026-09-21 14:57:20,NOW 娜奧,品牌欄,now娜奧,now,娜奧,2387626,now,,Health,auto,3,True
momo,Home & Living,9280000,NOW 娜奧,【NOW】美國 編織長方餐墊 墨綠 / 桌墊 杯墊,NOW,2387626,85,1.4 品牌欄相符（品牌庫有重複，取業績最高）,2026-09-21 14:57:20,NOW 娜奧,品牌欄,now娜奧,now,娜奧,2387626,now,,Health,auto,3,True
momo,Home & Living,9280067,NOW 娜奧,【NOW】美國 烘焙隔熱手套 悠游人魚 / 防燙手套 烘焙耐熱手套,NOW,2387626,85,1.4 品牌欄相符（品牌庫有重複，取業績最高）,2026-09-21 14:57:20,NOW 娜奧,品牌欄,now娜奧,now,娜奧,2387626,now,,Health,auto,3,True
momo,Home & Living,9283930,KUM 庫姆,【KUM 庫姆】德國 475 M2鎂製雙孔削筆器 三色隨機出貨(適用8mm和11mm鉛筆),KUM,1094859,98,1.3 品牌欄完全相符,2026-09-21 14:57:20,KUM 庫姆,品牌欄,kum庫姆,kum,庫姆,1094859,kum,,Home & Living,auto,3,True
momo,Home & Living,9283933,KUM 庫姆,【KUM 庫姆】德國 530S 高碳鋼替換刀片 3入組(削筆器替換刀片),KUM,1094859,98,1.3 品牌欄完全相符,2026-09-21 14:57:20,KUM 庫姆,品牌欄,kum庫姆,kum,庫姆,1094859,kum,,Home & Living,auto,3,True
momo,Home & Living,9283934,KUM 庫姆,【KUM 庫姆】300-1 BRASS黃銅單孔削筆器(適用8mm鉛筆),KUM,1094859,98,1.3 品牌欄完全相符,2026-09-21 14:57:20,KUM 庫姆,品牌欄,kum庫姆,kum,庫姆,1094859,kum,,Home & Living,auto,3,True
momo,Home & Living,9283936,KUM 庫姆,【KUM 庫姆】德國 300-2 BRASS黃銅雙孔削筆器(適用8mm和11mm鉛筆),KUM,1094859,98,1.3 品牌欄完全相符,2026-09-21 14:57:20,KUM 庫姆,品牌欄,kum庫姆,kum,庫姆,1094859,kum,,Home & Living,auto,3,True
momo,Home & Living,9287798,NOW 娜奧,【NOW】美國 石陶馬克杯 淺綠425ml / 水杯 茶杯 咖啡杯,NOW,2387626,85,1.4 品牌欄相符（品牌庫有重複，取業績最高）,2026-09-21 14:57:20,NOW 娜奧,品牌欄,now娜奧,now,娜奧,2387626,now,,Health,auto,3,True
momo,Home & Living,9287864,NOW 娜奧,【NOW】美國 經典馬克杯 貓派對415ml / 水杯 茶杯 咖啡杯,NOW,2387626,85,1.4 品牌欄相符（品牌庫有重複，取業績最高）,2026-09-21 14:57:20,NOW 娜奧,品牌欄,now娜奧,now,娜奧,2387626,now,,Health,auto,3,True
momo,Home & Living,9289932,NOW 娜奧,【NOW】美國 Heritage馬克杯 紅黑格 / 水杯 茶杯 咖啡杯,NOW,2387626,85,1.4 品牌欄相符（品牌庫有重複，取業績最高）,2026-09-21 14:57:20,NOW 娜奧,品牌欄,now娜奧,now,娜奧,2387626,now,,Health,auto,3,True
momo,Home & Living,9290922,NOW 娜奧,【NOW】美國 香檳杯 紅鶴250ml / 調酒杯 雞尾酒杯,NOW,2387626,85,1.4 品牌欄相符（品牌庫有重複，取業績最高）,2026-09-21 14:57:20,NOW 娜奧,品牌欄,now娜奧,now,娜奧,2387626,now,,Health,auto,3,True
momo,Home & Living,9294907,NOW 娜奧,【NOW】美國 不鏽鋼三層便當盒 / 環保餐盒 保鮮盒 午餐盒 飯盒,NOW,2387626,85,1.4 品牌欄相符（品牌庫有重複，取業績最高）,2026-09-21 14:57:20,NOW 娜奧,品牌欄,now娜奧,now,娜奧,2387626,now,,Health,auto,3,True
momo,Home & Living,9297493,NOW 娜奧,【NOW】美國 不鏽鋼三層便當盒 灰階 / 環保餐盒 保鮮盒 午餐盒 飯盒,NOW,2387626,85,1.4 品牌欄相符（品牌庫有重複，取業績最高）,2026-09-21 14:57:20,NOW 娜奧,品牌欄,now娜奧,now,娜奧,2387626,now,,Health,auto,3,True
momo,Home & Living,9298341,NOW 娜奧,【NOW】美國 石陶吸水杯墊4入 貓咪,NOW,2387626,85,1.4 品牌欄相符（品牌庫有重複，取業績最高）,2026-09-21 14:57:20,NOW 娜奧,品牌欄,now娜奧,now,娜奧,2387626,now,,Health,auto,3,True
momo,Home & Living,9318157,NOW 娜奧,【NOW 娜奧】美國 方型碗盤布罩 美好明日33cm / 收納 環保 外帶 防潮 發酵,NOW,2387626,85,1.4 品牌欄相符（品牌庫有重複，取業績最高）,2026-09-21 14:57:20,NOW 娜奧,品牌欄,now娜奧,now,娜奧,2387626,now,,Health,auto,3,True
momo,Home & Living,9335480,NOW 娜奧,【NOW 娜奧】溫暖甜心複方純精油30ml-Now Foods(柑橘、甜橙、肉桂皮、小豆蔻、肉豆蔻、薑、丁香),NOW,2387626,85,1.4 品牌欄相符（品牌庫有重複，取業績最高）,2026-09-21 14:57:20,NOW 娜奧,品牌欄,now娜奧,now,娜奧,2387626,now,,Health,auto,3,True
momo,Home & Living,9337046,BWT 德國倍世,【BWT 德國倍世】2.7L PENGUIN企鵝濾水壺＋鎂離子2入(共1壺2芯),BWT,1127990,90,1.3 品牌欄完全相符,2026-09-21 14:57:20,BWT 德國倍世,品牌欄,bwt德國倍世,bwt,德國倍世,1127990,bwt,,Home Electronic,auto,3,True
momo,Home & Living,9412840,BWT 德國倍世,【BWT 德國倍世】超軟水濾芯3入組(歐洲原裝進口),BWT,1127990,90,1.3 品牌欄完全相符,2026-09-21 14:57:20,BWT 德國倍世,品牌欄,bwt德國倍世,bwt,德國倍世,1127990,bwt,,Home Electronic,auto,3,True
momo,Home & Living,9413791,SKB 文明,【SKB 文明】IB-100 自動原子筆(盒裝12入),SKB,1135929,98,1.3 品牌欄完全相符,2026-09-21 14:57:20,SKB 文明,品牌欄,skb文明,skb,文明,1135929,skb,,Home & Living,auto,3,True
momo,Home & Living,9512266,OTO 歐迪奧,【OTO 歐迪奧】A4 天然原木獎狀相框 冷杉紅木 粗邊框 直橫雙用款,OTO,1802171,90,1.3 品牌欄完全相符,2026-09-21 14:57:20,OTO 歐迪奧,品牌欄,oto歐迪奧,oto,歐迪奧,1802171,oto,,Sports & Outdoors,auto,3,True
momo,Home & Living,9572269,BWT 德國倍世,【BWT 德國倍世】超值綜合濾芯9入組(超軟水3入+鎂離子3入+鋅離子3入),BWT,1127990,90,1.3 品牌欄完全相符,2026-09-21 14:57:20,BWT 德國倍世,品牌欄,bwt德國倍世,bwt,德國倍世,1127990,bwt,,Home Electronic,auto,3,True
momo,Home & Living,9595698,OTO 歐迪奧,【OTO 歐迪奧】抗靜電亮面護貝膠膜 B4 80μ 100入裝,OTO,1802171,90,1.3 品牌欄完全相符,2026-09-21 14:57:20,OTO 歐迪奧,品牌欄,oto歐迪奧,oto,歐迪奧,1802171,oto,,Sports & Outdoors,auto,3,True
momo,Home & Living,9595699,OTO 歐迪奧,【OTO 歐迪奧】抗靜電亮面護貝膠膜 5x7吋 80μ 100入裝,OTO,1802171,90,1.3 品牌欄完全相符,2026-09-21 14:57:20,OTO 歐迪奧,品牌欄,oto歐迪奧,oto,歐迪奧,1802171,oto,,Sports & Outdoors,auto,3,True
momo,Home & Living,9598081,NOW 娜奧,【NOW 娜奧】美國 蜂蠟保鮮布 手繪貓58cm / 環保密封袋 保鮮收納袋,NOW,2387626,85,1.4 品牌欄相符（品牌庫有重複，取業績最高）,2026-09-21 14:57:20,NOW 娜奧,品牌欄,now娜奧,now,娜奧,2387626,now,,Health,auto,3,True
momo,Home & Living,9599833,NOW 娜奧,【NOW 娜奧】美國 木柄矽膠刮刀 觀音蓮33cm / 攪拌刮刀 刮刀 奶油刮刀 抹刀,NOW,2387626,85,1.4 品牌欄相符（品牌庫有重複，取業績最高）,2026-09-21 14:57:20,NOW 娜奧,品牌欄,now娜奧,now,娜奧,2387626,now,,Health,auto,3,True
momo,Home & Living,9636046,NOW 娜奧,【NOW 娜奧】美國 長方純棉編織餐墊 黃格紋 / 桌墊 杯墊,NOW,2387626,85,1.4 品牌欄相符（品牌庫有重複，取業績最高）,2026-09-21 14:57:20,NOW 娜奧,品牌欄,now娜奧,now,娜奧,2387626,now,,Health,auto,3,True
momo,Home & Living,9636054,NOW 娜奧,【NOW 娜奧】美國 平口雙袋圍裙 岩灰 / 廚房圍裙 料理圍裙 烘焙圍裙,NOW,2387626,85,1.4 品牌欄相符（品牌庫有重複，取業績最高）,2026-09-21 14:57:20,NOW 娜奧,品牌欄,now娜奧,now,娜奧,2387626,now,,Health,auto,3,True
momo,Home & Living,9636709,NOW 娜奧,【NOW 娜奧】美國 烘焙隔熱手套 岩灰 / 防燙手套 烘焙耐熱手套,NOW,2387626,85,1.4 品牌欄相符（品牌庫有重複，取業績最高）,2026-09-21 14:57:20,NOW 娜奧,品牌欄,now娜奧,now,娜奧,2387626,now,,Health,auto,3,True
momo,Home & Living,9636713,NOW 娜奧,【NOW 娜奧】美國 方形純棉隔熱墊 芥黃 / 桌墊 鍋墊 餐墊 耐熱墊 杯墊,NOW,2387626,85,1.4 品牌欄相符（品牌庫有重複，取業績最高）,2026-09-21 14:57:20,NOW 娜奧,品牌欄,now娜奧,now,娜奧,2387626,now,,Health,auto,3,True
momo,Home & Living,9636714,NOW 娜奧,【NOW 娜奧】美國 方形隔熱墊 蛋糕 / 桌墊 鍋墊 餐墊 耐熱墊 杯墊,NOW,2387626,85,1.4 品牌欄相符（品牌庫有重複，取業績最高）,2026-09-21 14:57:20,NOW 娜奧,品牌欄,now娜奧,now,娜奧,2387626,now,,Health,auto,3,True
momo,Home & Living,9666784,BWT 德國倍世,【BWT 德國倍世】2.6L AQUALIZER互動濾水壺＋鎂離子2入(共1壺2芯),BWT,1127990,90,1.3 品牌欄完全相符,2026-09-21 14:57:20,BWT 德國倍世,品牌欄,bwt德國倍世,bwt,德國倍世,1127990,bwt,,Home Electronic,auto,3,True
momo,Home & Living,9746687,BWT 德國倍世,【BWT 德國倍世】2.6L VIDA樂樂濾水壺＋鎂離子1入＋超軟水3入(共1壺4芯),BWT,1127990,90,1.3 品牌欄完全相符,2026-09-21 14:57:20,BWT 德國倍世,品牌欄,bwt德國倍世,bwt,德國倍世,1127990,bwt,,Home Electronic,auto,3,True
momo,Home & Living,9762298,NOW 娜奧,【NOW 娜奧】溫暖微醺複方純精油30ml-Now Foods(甜橙、肉豆蔻、肉桂皮、有機成份丁香、薑),NOW,2387626,85,1.4 品牌欄相符（品牌庫有重複，取業績最高）,2026-09-21 14:57:20,NOW 娜奧,品牌欄,now娜奧,now,娜奧,2387626,now,,Health,auto,3,True
momo,Home & Living,9811571,OTO 歐迪奧,【OTO 歐迪奧】安全滾輪切割輪刀 直徑45mm 紫色款 1入裝,OTO,1802171,90,1.3 品牌欄完全相符,2026-09-21 14:57:20,OTO 歐迪奧,品牌欄,oto歐迪奧,oto,歐迪奧,1802171,oto,,Sports & Outdoors,auto,3,True
momo,Home & Living,9811572,OTO 歐迪奧,【OTO 歐迪奧】安全滾輪切割輪刀 直徑45mm 粉紅色款 1入裝,OTO,1802171,90,1.3 品牌欄完全相符,2026-09-21 14:57:20,OTO 歐迪奧,品牌欄,oto歐迪奧,oto,歐迪奧,1802171,oto,,Sports & Outdoors,auto,3,True
momo,Home & Living,9811573,OTO 歐迪奧,【OTO 歐迪奧】安全滾輪切割輪刀 直徑45mm 淺藍色款 1入裝,OTO,1802171,90,1.3 品牌欄完全相符,2026-09-21 14:57:20,OTO 歐迪奧,品牌欄,oto歐迪奧,oto,歐迪奧,1802171,oto,,Sports & Outdoors,auto,3,True
momo,Home & Living,9811574,OTO 歐迪奧,【OTO 歐迪奧】安全滾輪切割輪刀 直徑45mm 淺綠色款 1入裝,OTO,1802171,90,1.3 品牌欄完全相符,2026-09-21 14:57:20,OTO 歐迪奧,品牌欄,oto歐迪奧,oto,歐迪奧,1802171,oto,,Sports & Outdoors,auto,3,True
momo,Home & Living,9879847,NOW 娜奧,【NOW 娜奧】純錫蘭肉桂精油30ml-Now Foods,NOW,2387626,85,1.4 品牌欄相符（品牌庫有重複，取業績最高）,2026-09-21 14:57:20,NOW 娜奧,品牌欄,now娜奧,now,娜奧,2387626,now,,Health,auto,3,True
momo,Home Electronic,10022814,JS 淇譽,【JS 淇譽】炫彩無線有線教學擴音喇叭(JSR-10),JS 淇譽電子,1085742,85,1.4 品牌欄相符（品牌庫有重複，取業績最高）,2026-09-21 15:00:20,JS 淇譽,品牌欄,js淇譽,js,淇譽,1085742,js,淇譽電子,Hardware & 3C,auto,2,True
momo,Home Electronic,10351096,HG 禾淨家用,【禾淨家用HG】Dyson戴森 適用V7.V8.V10.V11.V15 副廠吸塵器配件 LED狹縫吸頭(1入/組),HG,5295929,90,1.3 品牌欄完全相符,2026-09-21 15:00:20,HG 禾淨家用,品牌欄,hg禾淨家用,hg,禾淨家用,5295929,hg,,Life & Entertainment,auto,2,True
momo,Home Electronic,10928344,LG 樂金,【LG 樂金】CordZero R5 智慧聯網變頻濕拖清潔掃地機器人(R5-PROPLUS1 雲朵白),LG,1695281,98,1.3 品牌欄完全相符,2026-09-21 15:00:20,LG 樂金,品牌欄,lg樂金,lg,樂金,1695281,lg,,Home Electronic,auto,2,True
momo,Home Electronic,11011964,HG 禾淨家用,【禾淨家用HG】Dyson戴森 適用V7.V8/SV10.SV11 DC8240 3900mAh 副廠配件 鋰電池(贈開關卡扣),HG,5295929,90,1.3 品牌欄完全相符,2026-09-21 15:00:20,HG 禾淨家用,品牌欄,hg禾淨家用,hg,禾淨家用,5295929,hg,,Life & Entertainment,auto,2,True
momo,Home Electronic,11053953,HG 禾淨家用,【HG 禾淨家用】Dyson戴森 適用V6系列 DC6225 2400mAh 副廠吸塵器配件 鋰電池(贈開關卡扣),HG,5295929,90,1.3 品牌欄完全相符,2026-09-21 15:00:20,HG 禾淨家用,品牌欄,hg禾淨家用,hg,禾淨家用,5295929,hg,,Life & Entertainment,auto,2,True
momo,Home Electronic,11179750,HG 禾淨家用,【HG 禾淨家用】iRobot Braava 適用M6系列 副廠拖地機配件 拖布(乾式 6入/組),HG,5295929,90,1.3 品牌欄完全相符,2026-09-21 15:00:20,HG 禾淨家用,品牌欄,hg禾淨家用,hg,禾淨家用,5295929,hg,,Life & Entertainment,auto,2,True
momo,Home Electronic,11305753,,【東京 Ito】家用多功能無線電動10秒打蒜器(便攜 寶寶 嬰兒 輔食機 蒜泥神器 電動搗蒜器 食品級 USB 攪拌),ITO,1216067,85,2.2 由商品名稱【】比對到品牌,2026-09-21 15:00:20,東京 Ito,標題【】,東京ito,ito,東京,1216067,ito,,Beauty,,3,True
momo,Home Electronic,11411506,,【東京 Ito】家用毛球修剪器連2代用刀頭(剃毛去球 USB充電式 毛球修剪 毛衣外套起毛),ITO,1216067,85,2.2 由商品名稱【】比對到品牌,2026-09-21 15:00:20,東京 Ito,標題【】,東京ito,ito,東京,1216067,ito,,Beauty,,3,True
momo,Home Electronic,11480683,,【東京 Ito】眼鏡清洗機(隱形眼鏡清理機 家用迷你洗牙套首飾油漬震動清潔器 紫光深層去污),ITO,1216067,85,2.2 由商品名稱【】比對到品牌,2026-09-21 15:00:20,東京 Ito,標題【】,東京ito,ito,東京,1216067,ito,,Beauty,,3,True
momo,Home Electronic,11480684,,【東京 Ito】2分鐘搞定隱形眼鏡清洗器(美瞳眼鏡盒 可愛電動去蛋白自動震動超聲波清洗機 輕便),ITO,1216067,85,2.2 由商品名稱【】比對到品牌,2026-09-21 15:00:20,東京 Ito,標題【】,東京ito,ito,東京,1216067,ito,,Beauty,,3,True
momo,Home Electronic,11610013,HG 禾淨家用,【HG 禾淨家用】ECOVACS科沃斯 適用X1 OMNI.TURBO/X1S PRO PLUS系列 副廠掃地機配件 活性碳集塵袋(10入/組),HG,5295929,90,1.3 品牌欄完全相符,2026-09-21 15:00:20,HG 禾淨家用,品牌欄,hg禾淨家用,hg,禾淨家用,5295929,hg,,Life & Entertainment,auto,2,True
momo,Home Electronic,11910751,SFE 順風耳,【SFE 順風耳】S320 迷你無線電對講機(操作簡易 迷你外型 2W功率 FRS免執照),SFE,1102559,90,1.3 品牌欄完全相符,2026-09-21 15:00:20,SFE 順風耳,品牌欄,sfe順風耳,sfe,順風耳,1102559,sfe,,Motors,auto,3,True
momo,Home Electronic,12113491,LG 樂金,【LG 樂金】拋棄式濕拖布墊套組LG-V-MOPPAD2-2入組(智慧雙旋濕拖吸頭/M9專用),LG,1695281,98,1.3 品牌欄完全相符,2026-09-21 15:00:20,LG 樂金,品牌欄,lg樂金,lg,樂金,1695281,lg,,Home Electronic,auto,2,True
momo,Home Electronic,12589274,GE 奇異,【GE 奇異】GE濾心 VOC3000(口感好 更健康),GE,1801249,98,1.3 品牌欄完全相符,2026-09-21 15:00:20,GE 奇異,品牌欄,ge奇異,ge,奇異,1801249,ge,,Home Electronic,auto,2,True
momo,Home Electronic,12589275,GE 奇異,【GE 奇異】GE濾心 VOC6000(口感好 更健康),GE,1801249,98,1.3 品牌欄完全相符,2026-09-21 15:00:20,GE 奇異,品牌欄,ge奇異,ge,奇異,1801249,ge,,Home Electronic,auto,2,True
momo,Home Electronic,12589276,GE 奇異,【GE 奇異】GE濾心 VIR1500(安芯飲 愛老幼),GE,1801249,98,1.3 品牌欄完全相符,2026-09-21 15:00:20,GE 奇異,品牌欄,ge奇異,ge,奇異,1801249,ge,,Home Electronic,auto,2,True
momo,Home Electronic,12589278,GE 奇異,【GE 奇異】GE濾心 ATS2500(大流量 省時間),GE,1801249,98,1.3 品牌欄完全相符,2026-09-21 15:00:20,GE 奇異,品牌欄,ge奇異,ge,奇異,1801249,ge,,Home Electronic,auto,2,True
momo,Home Electronic,12649790,HG 禾淨家用,【HG 禾淨家用】ECOVACS科沃斯 適用T20 OMNI 副廠掃地機配件 主刷(毛膠刷 1入/組*2),HG,5295929,90,1.3 品牌欄完全相符,2026-09-21 15:00:20,HG 禾淨家用,品牌欄,hg禾淨家用,hg,禾淨家用,5295929,hg,,Life & Entertainment,auto,2,True
momo,Home Electronic,12699725,HG 禾淨家用,【HG 禾淨家用】適用 小米1.1S.1C.小瓦.小瓦Pro 副廠掃地機配件 可拆式主刷(2入/組),HG,5295929,90,1.3 品牌欄完全相符,2026-09-21 15:00:20,HG 禾淨家用,品牌欄,hg禾淨家用,hg,禾淨家用,5295929,hg,,Life & Entertainment,auto,2,True
momo,Home Electronic,12772499,LG 樂金,【LG 樂金】HEPA13三合一高效率濾網(AeroBooster、AeroTower、AeroFurniture系列適用),LG,1695281,98,1.3 品牌欄完全相符,2026-09-21 15:00:20,LG 樂金,品牌欄,lg樂金,lg,樂金,1695281,lg,,Home Electronic,auto,2,True
momo,Home Electronic,12773596,LG 樂金,【LG 樂金】過濾甲醛專用濾網-2入/盒(PuriCare™ 360°空氣清淨機全系列適用),LG,1695281,98,1.3 品牌欄完全相符,2026-09-21 15:00:20,LG 樂金,品牌欄,lg樂金,lg,樂金,1695281,lg,,Home Electronic,auto,2,True
momo,Home Electronic,12774716,LG 樂金,【LG 樂金】過濾油煙專用濾網-4入/盒(PuriCare™ 360°空氣清淨機全系列適用),LG,1695281,98,1.3 品牌欄完全相符,2026-09-21 15:00:20,LG 樂金,品牌欄,lg樂金,lg,樂金,1695281,lg,,Home Electronic,auto,2,True
momo,Home Electronic,12871767,HG 禾淨家用,【HG 禾淨家用】iRobot Roomba 適用I.E.J.S系列 副廠掃地機配件 集塵袋(8入/組),HG,5295929,90,1.3 品牌欄完全相符,2026-09-21 15:00:20,HG 禾淨家用,品牌欄,hg禾淨家用,hg,禾淨家用,5295929,hg,,Life & Entertainment,auto,2,True
momo,Home Electronic,12929226,HG 禾淨家用,【HG 禾淨家用】石頭T7S.T7S PLUS.T8 PLUS.S7.S8 副廠掃地機配件 濾網(活性碳 8入/組),HG,5295929,90,1.3 品牌欄完全相符,2026-09-21 15:00:20,HG 禾淨家用,品牌欄,hg禾淨家用,hg,禾淨家用,5295929,hg,,Life & Entertainment,auto,2,True
momo,Home Electronic,13056075,HG 禾淨家用,【HG 禾淨家用】米家小米 適用STYJ02YM系列 副廠掃拖機配件 拖布(8入/組),HG,5295929,90,1.3 品牌欄完全相符,2026-09-21 15:00:20,HG 禾淨家用,品牌欄,hg禾淨家用,hg,禾淨家用,5295929,hg,,Life & Entertainment,auto,2,True
momo,Home Electronic,13325845,HG 禾淨家用,【HG 禾淨家用】Dreame追覓 適用D9 PRO/MAX.L10 PRO 副廠拖地機配件 拖布(8入/組),HG,5295929,90,1.3 品牌欄完全相符,2026-09-21 15:00:20,HG 禾淨家用,品牌欄,hg禾淨家用,hg,禾淨家用,5295929,hg,,Life & Entertainment,auto,2,True
momo,Home Electronic,13537779,,【CY 呈云】二代注水小氣泡電動臉部清潔儀 黑頭粉刺機(CY-138A),CY,4996215,79,2.2 由商品名稱【】比對到品牌,2026-09-21 15:00:20,CY 呈云,標題【】,cy呈雲,cy,呈雲,4996215,cy,,Home & Living,,2,True
momo,Home Electronic,14086238,HG 禾淨家用,【HG 禾淨家用】Dyson戴森 適用V7.V8/SV10.SV11系列 副廠吸塵器配件 後置濾網(贈開關卡扣 4入/組),HG,5295929,90,1.3 品牌欄完全相符,2026-09-21 15:00:20,HG 禾淨家用,品牌欄,hg禾淨家用,hg,禾淨家用,5295929,hg,,Life & Entertainment,auto,2,True
momo,Home Electronic,14086241,HG 禾淨家用,【HG 禾淨家用】Dyson戴森 適用V10/SV12系列 副廠吸塵器配件 後置濾網(贈開關卡扣 3入/組),HG,5295929,90,1.3 品牌欄完全相符,2026-09-21 15:00:20,HG 禾淨家用,品牌欄,hg禾淨家用,hg,禾淨家用,5295929,hg,,Life & Entertainment,auto,2,True
momo,Home Electronic,14086246,HG 禾淨家用,【HG 禾淨家用】Dyson戴森 適用Gen5 Detect系列 副廠吸塵器配件 後置濾網(2入/組),HG,5295929,90,1.3 品牌欄完全相符,2026-09-21 15:00:20,HG 禾淨家用,品牌欄,hg禾淨家用,hg,禾淨家用,5295929,hg,,Life & Entertainment,auto,2,True
momo,Home Electronic,14180179,LG 樂金,【LG 樂金】家電速配免曬衣乾衣機堆疊層架(20DKS/星辰銀),LG,1695281,98,1.3 品牌欄完全相符,2026-09-21 15:00:20,LG 樂金,品牌欄,lg樂金,lg,樂金,1695281,lg,,Home Electronic,auto,2,True
momo,Home Electronic,14426975,,【東京 Ito】折疊無線直髮梳(負離子不傷發電動梳子卷直兩用充電便攜護髮柔順 hairbrush),ITO,1216067,85,2.2 由商品名稱【】比對到品牌,2026-09-21 15:00:20,東京 Ito,標題【】,東京ito,ito,東京,1216067,ito,,Beauty,,3,True
momo,Home Electronic,14518091,LG 樂金,【LG 樂金】CineBeam S 小銀河 Ultra 超短焦 4K 微型投影機(PU615U),LG,1695281,98,1.3 品牌欄完全相符,2026-09-21 15:00:20,LG 樂金,品牌欄,lg樂金,lg,樂金,1695281,lg,,Home Electronic,auto,2,True
momo,Home Electronic,14781298,LG 樂金,【LG 樂金】斜槓機專屬置物盤 (STA33P),LG,1695281,98,1.3 品牌欄完全相符,2026-09-21 15:00:20,LG 樂金,品牌欄,lg樂金,lg,樂金,1695281,lg,,Home Electronic,auto,2,True
momo,Home Electronic,14798754,LG 樂金,【LG 樂金】過敏原專用專用濾網2片/盒(PuriCare™ 360°空氣清淨機全系列適用),LG,1695281,98,1.3 品牌欄完全相符,2026-09-21 15:00:20,LG 樂金,品牌欄,lg樂金,lg,樂金,1695281,lg,,Home Electronic,auto,2,True
momo,Home Electronic,14798755,LG 樂金,【LG 樂金】寵物異味專用濾網 2片/盒(PuriCare™ 360°空氣清淨機全系列適用),LG,1695281,98,1.3 品牌欄完全相符,2026-09-21 15:00:20,LG 樂金,品牌欄,lg樂金,lg,樂金,1695281,lg,,Home Electronic,auto,2,True
momo,Home Electronic,14855688,LG 樂金,【LG 樂金】CineBeam Q 小銀河 Plus 4K 雷射微型投影機 (PU600U),LG,1695281,98,1.3 品牌欄完全相符,2026-09-21 15:00:20,LG 樂金,品牌欄,lg樂金,lg,樂金,1695281,lg,,Home Electronic,auto,2,True
momo,Home Electronic,14859881,LG 樂金,【LG 樂金】CineBeam Q 小銀河 Plus 雷射4K微型投影機支架組(PU600U),LG,1695281,98,1.3 品牌欄完全相符,2026-09-21 15:00:20,LG 樂金,品牌欄,lg樂金,lg,樂金,1695281,lg,,Home Electronic,auto,2,True
momo,Home Electronic,15024908,HG 禾淨家用,【HG 禾淨家用】Dyson戴森 適用V12.V12S/SV18.SV52 Slim系列 副廠吸塵器配件 LED狹縫吸頭(1入/組),HG,5295929,90,1.3 品牌欄完全相符,2026-09-21 15:00:20,HG 禾淨家用,品牌欄,hg禾淨家用,hg,禾淨家用,5295929,hg,,Life & Entertainment,auto,2,True
momo,Home Electronic,15061315,LG 樂金,【LG 樂金】小銀河 Ultra PU615U 微型投影機 專用收納袋,LG,1695281,98,1.3 品牌欄完全相符,2026-09-21 15:00:20,LG 樂金,品牌欄,lg樂金,lg,樂金,1695281,lg,,Home Electronic,auto,2,True
momo,Home Electronic,15062005,LG 樂金,【LG 樂金】CineBeam S 小銀河 Ultra 超短焦 4K 微型投影機-原廠收納包組(PU615U),LG,1695281,98,1.3 品牌欄完全相符,2026-09-21 15:00:20,LG 樂金,品牌欄,lg樂金,lg,樂金,1695281,lg,,Home Electronic,auto,2,True
momo,Home Electronic,15142306,LG 樂金,【LG 樂金】CineBeam S 小銀河 Ultra 超短焦 4K 微型投影機(PU615U),LG,1695281,98,1.3 品牌欄完全相符,2026-09-21 15:00:20,LG 樂金,品牌欄,lg樂金,lg,樂金,1695281,lg,,Home Electronic,auto,2,True
momo,Home Electronic,15355956,PQI 勁永,【PQI 勁永】HF01 三段式帶線手持風扇,pqi,1107508,90,1.3 品牌欄完全相符,2026-09-21 15:00:20,PQI 勁永,品牌欄,pqi勁永,pqi,勁永,1107508,pqi,,Mobile & Gadgets,auto,3,True
momo,Home Electronic,6129939,SY 聲億科技,【SY 聲億科技】沙龍級ION雙負離子吹風機(護髮大風量三段溫控),SY 聲億,1107828,85,1.4 品牌欄相符（品牌庫有重複，取業績最高）,2026-09-21 15:00:20,SY 聲億科技,品牌欄,sy聲億科技,sy,聲億科技,1107828,sy,聲億,Home & Living,auto,2,True
momo,Home Electronic,6591765,LG 樂金,【LG 樂金】掃地機器人HEPA濾網-3入(VR66750LVWP、VR66413LVM、VR66713LVM、VR64701LVM、VR64703LVM),LG,1695281,98,1.3 品牌欄完全相符,2026-09-21 15:00:20,LG 樂金,品牌欄,lg樂金,lg,樂金,1695281,lg,,Home Electronic,auto,2,True
momo,Home Electronic,6976006,LG 樂金,【LG 樂金】LG-A9無限吸塵器電池(適用A9/A9+/A9K/A9X系列),LG,1695281,98,1.3 品牌欄完全相符,2026-09-21 15:00:20,LG 樂金,品牌欄,lg樂金,lg,樂金,1695281,lg,,Home Electronic,auto,2,True
momo,Home Electronic,7043525,LG 樂金,【LG 樂金】A9塵蹣吸頭 V-BEDDINGNZ(A9吸塵器適用),LG,1695281,98,1.3 品牌欄完全相符,2026-09-21 15:00:20,LG 樂金,品牌欄,lg樂金,lg,樂金,1695281,lg,,Home Electronic,auto,2,True
momo,Home Electronic,7043527,LG 樂金,【LG 樂金】A9吸塵器配件2件組V0055(可彎曲+多角度軟毛吸頭),LG,1695281,98,1.3 品牌欄完全相符,2026-09-21 15:00:20,LG 樂金,品牌欄,lg樂金,lg,樂金,1695281,lg,,Home Electronic,auto,2,True
momo,Home Electronic,7043529,LG 樂金,【LG 樂金】全套清潔吸頭組Total care KIT,LG,1695281,98,1.3 品牌欄完全相符,2026-09-21 15:00:20,LG 樂金,品牌欄,lg樂金,lg,樂金,1695281,lg,,Home Electronic,auto,2,True
momo,Home Electronic,7043531,LG 樂金,【LG 樂金】床墊吸頭Total care KIT-1(A9吸塵器適用),LG,1695281,98,1.3 品牌欄完全相符,2026-09-21 15:00:20,LG 樂金,品牌欄,lg樂金,lg,樂金,1695281,lg,,Home Electronic,auto,2,True
momo,Home Electronic,7043532,LG 樂金,【LG 樂金】多角度軟毛吸頭Total care KIT-2(A9吸塵器適用),LG,1695281,98,1.3 品牌欄完全相符,2026-09-21 15:00:20,LG 樂金,品牌欄,lg樂金,lg,樂金,1695281,lg,,Home Electronic,auto,2,True
momo,Home Electronic,7043533,LG 樂金,【LG 樂金】可彎曲吸頭Total care KIT-3(A9吸塵器適用),LG,1695281,98,1.3 品牌欄完全相符,2026-09-21 15:00:20,LG 樂金,品牌欄,lg樂金,lg,樂金,1695281,lg,,Home Electronic,auto,2,True
momo,Home Electronic,7043534,LG 樂金,【LG 樂金】彈性伸縮軟管(A9吸塵器適用),LG,1695281,98,1.3 品牌欄完全相符,2026-09-21 15:00:20,LG 樂金,品牌欄,lg樂金,lg,樂金,1695281,lg,,Home Electronic,auto,2,True
momo,Home Electronic,7043535,LG 樂金,【LG 樂金】頑垢專用硬毛刷頭Total care KIT-5(A9吸塵器適用),LG,1695281,98,1.3 品牌欄完全相符,2026-09-21 15:00:20,LG 樂金,品牌欄,lg樂金,lg,樂金,1695281,lg,,Home Electronic,auto,2,True
momo,Home Electronic,7072845,LG 樂金,【LG 樂金】A9+地毯吸頭(A9+吸塵器適用),LG,1695281,98,1.3 品牌欄完全相符,2026-09-21 15:00:20,LG 樂金,品牌欄,lg樂金,lg,樂金,1695281,lg,,Home Electronic,auto,2,True
momo,Home Electronic,7128067,BWT 德國倍世,【BWT 德國倍世】SLIM-C 101高效精密活性碳濾芯,BWT,1127990,98,1.3 品牌欄完全相符,2026-09-21 15:00:20,BWT 德國倍世,品牌欄,bwt德國倍世,bwt,德國倍世,1127990,bwt,,Home Electronic,auto,3,True
momo,Home Electronic,7128070,BWT 德國倍世,【BWT 德國倍世】SLIM-MG 103鎂離子濾芯,BWT,1127990,98,1.3 品牌欄完全相符,2026-09-21 15:00:20,BWT 德國倍世,品牌欄,bwt德國倍世,bwt,德國倍世,1127990,bwt,,Home Electronic,auto,3,True
momo,Home Electronic,7530854,BWT 德國倍世,【BWT 德國倍世】SLIM-UF 104 中空絲膜0.1um複合式濾芯,BWT,1127990,98,1.3 品牌欄完全相符,2026-09-21 15:00:20,BWT 德國倍世,品牌欄,bwt德國倍世,bwt,德國倍世,1127990,bwt,,Home Electronic,auto,3,True
momo,Home Electronic,7908628,SFE 順風耳,【SFE 順風耳】超小型業務型無線電對講機(SFE-S820),SFE,1102559,90,1.3 品牌欄完全相符,2026-09-21 15:00:20,SFE 順風耳,品牌欄,sfe順風耳,sfe,順風耳,1102559,sfe,,Motors,auto,3,True
momo,Home Electronic,9020616,LG 樂金,【LG 樂金】毛髮專用吸頭(A9K/A9+/A9系列吸塵器適用),LG,1695281,98,1.3 品牌欄完全相符,2026-09-21 15:00:20,LG 樂金,品牌欄,lg樂金,lg,樂金,1695281,lg,,Home Electronic,auto,2,True
momo,Home Electronic,9204638,HG 禾淨家用,【禾淨家用HG】Dyson戴森 適用V7.V8.V10.V11.V15系列 副廠吸塵器配件 低處轉接頭(1入/組),HG,5295929,90,1.3 品牌欄完全相符,2026-09-21 15:00:20,HG 禾淨家用,品牌欄,hg禾淨家用,hg,禾淨家用,5295929,hg,,Life & Entertainment,auto,2,True
momo,Home Electronic,9233531,LG 樂金,【LG 樂金】PuriCare 清淨機移動滾輪-PWH8DBB(單層使用),LG,1695281,98,1.3 品牌欄完全相符,2026-09-21 15:00:20,LG 樂金,品牌欄,lg樂金,lg,樂金,1695281,lg,,Home Electronic,auto,2,True
momo,Home Electronic,9233532,LG 樂金,【LG 樂金】PuriCare 清淨機移動滾輪-PWH8DBA(雙層使用),LG,1695281,98,1.3 品牌欄完全相符,2026-09-21 15:00:20,LG 樂金,品牌欄,lg樂金,lg,樂金,1695281,lg,,Home Electronic,auto,2,True
momo,Home Electronic,9288507,,【HTT 新幹線】LED護眼燈泡檯燈(HTT-1853),H.T.T,1215937,93,2.2 由商品名稱【】比對到品牌,2026-09-21 15:00:20,HTT 新幹線,標題【】,htt新幹線,htt,新幹線,1215937,htt,,Home Electronic,,3,True
momo,Home Electronic,9288508,,【HTT 新幹線】LED護眼燈泡檯燈(HTT-1072),H.T.T,1215937,93,2.2 由商品名稱【】比對到品牌,2026-09-21 15:00:20,HTT 新幹線,標題【】,htt新幹線,htt,新幹線,1215937,htt,,Home Electronic,,3,True
momo,Home Electronic,9359850,LG 樂金,【LG 樂金】PuriCare 360°空氣清淨機 可拆式毛髮專用外置濾網(6入組),LG,1695281,98,1.3 品牌欄完全相符,2026-09-21 15:00:20,LG 樂金,品牌欄,lg樂金,lg,樂金,1695281,lg,,Home Electronic,auto,2,True
momo,Home Electronic,9602481,HG 禾淨家用,【禾淨家用HG】Dyson戴森 適用V10系列 副廠吸塵器配件 後置濾網(2入/組),HG,5295929,90,1.3 品牌欄完全相符,2026-09-21 15:00:20,HG 禾淨家用,品牌欄,hg禾淨家用,hg,禾淨家用,5295929,hg,,Life & Entertainment,auto,2,True
momo,Home Electronic,9817164,,【H-T-T 新幹線】HGM-0608(有線蒸氣掛燙機/輕巧好攜帶),H.T.T,1215937,93,2.2 由商品名稱【】比對到品牌,2026-09-21 15:00:20,H-T-T 新幹線,標題【】,htt新幹線,htt,新幹線,1215937,htt,,Home Electronic,,3,True
momo,Home Electronic,9955871,LG 樂金,【LG 樂金】A9T拋棄式集塵袋6入組(A9T系列適用),LG,1695281,98,1.3 品牌欄完全相符,2026-09-21 15:00:20,LG 樂金,品牌欄,lg樂金,lg,樂金,1695281,lg,,Home Electronic,auto,2,True
momo,Life & Entertainment,10220092,BS 荷蘭,【BS 荷蘭】賓果塔(兒童桌遊 桌遊 益智玩具 專注力桌遊 樂齡桌遊),BS,6353151,85,1.4 品牌欄相符（品牌庫有重複，取業績最高）,2026-09-21 15:01:25,BS 荷蘭,品牌欄,bs荷蘭,bs,荷蘭,6353151,bs,,Mother & Baby,auto,2,True
momo,Life & Entertainment,12767285,BS 荷蘭,【BS 荷蘭】猜猜哞哞在哪裡 |桌遊 邏輯推理訓練 問問題猜答案 雙人遊戲,BS,6353151,85,1.4 品牌欄相符（品牌庫有重複，取業績最高）,2026-09-21 15:01:25,BS 荷蘭,品牌欄,bs荷蘭,bs,荷蘭,6353151,bs,,Mother & Baby,auto,2,True
momo,Life & Entertainment,13877947,BS 荷蘭,【BS 荷蘭】小怪獸數獨(兒童數獨 益智桌遊 九宮格遊戲),BS,6353151,85,1.4 品牌欄相符（品牌庫有重複，取業績最高）,2026-09-21 15:01:25,BS 荷蘭,品牌欄,bs荷蘭,bs,荷蘭,6353151,bs,,Mother & Baby,auto,2,True
momo,Life & Entertainment,13998862,BS 荷蘭,【BS 荷蘭】記憶調色盤(益智桌遊 親子桌遊 樂齡桌遊 益智玩具 兒童桌遊 專注力桌遊),BS,6353151,85,1.4 品牌欄相符（品牌庫有重複，取業績最高）,2026-09-21 15:01:25,BS 荷蘭,品牌欄,bs荷蘭,bs,荷蘭,6353151,bs,,Mother & Baby,auto,2,True
momo,Life & Entertainment,14508011,Qbi 塊樂方程式,【Qbi 塊樂方程式】偵探學院-空間解謎桌遊組(桌遊/偵探玩具/STEAM/磁力片/玩具車/軌道玩具/20pcs),Qbi,1380260,90,1.3 品牌欄完全相符,2026-09-21 15:01:25,Qbi 塊樂方程式,品牌欄,qbi塊樂方程式,qbi,塊樂方程式,1380260,qbi,,Mother & Baby,auto,3,True
momo,Life & Entertainment,15175375,TOi 圖益,【TOi 圖益】海綿寶寶比奇堡地圖 拼圖1000片 正版授權 收藏拼圖 療癒桌遊卡通電影IP新年送禮,TOI,1802711,98,1.3 品牌欄完全相符,2026-09-21 15:01:25,TOi 圖益,品牌欄,toi圖益,toi,圖益,1802711,toi,,Life & Entertainment,auto,3,True
momo,Life & Entertainment,15175376,TOi 圖益,【TOi 圖益】風華念眾生 天官賜福系列 拼圖1000片成人治癒玩具 原創IP拼圖 動漫桌遊收藏生日禮物,TOI,1802711,98,1.3 品牌欄完全相符,2026-09-21 15:01:25,TOi 圖益,品牌欄,toi圖益,toi,圖益,1802711,toi,,Life & Entertainment,auto,3,True
momo,Life & Entertainment,15175377,TOi 圖益,【TOi 圖益】天官賜福系列-天韻瓷福 拼圖1000片 成人治愈手工玩具DIY桌遊動漫交換生日禮物,TOI,1802711,98,1.3 品牌欄完全相符,2026-09-21 15:01:25,TOi 圖益,品牌欄,toi圖益,toi,圖益,1802711,toi,,Life & Entertainment,auto,3,True
momo,Life & Entertainment,15175379,TOi 圖益,【TOi 圖益】線條小狗 珍能裝系列 小狗快樂餐 （單盒款）盲盒拼圖 療癒擺件 附相框 仿真配件生日交換禮物,TOI,1802711,98,1.3 品牌欄完全相符,2026-09-21 15:01:25,TOi 圖益,品牌欄,toi圖益,toi,圖益,1802711,toi,,Life & Entertainment,auto,3,True
momo,Life & Entertainment,15175380,TOi 圖益,【TOi 圖益】線條小狗 珍能裝系列 小狗快樂餐（端盒款6PCS）盲盒拼圖療癒擺件附相框仿真配件生日交換禮物,TOI,1802711,98,1.3 品牌欄完全相符,2026-09-21 15:01:25,TOi 圖益,品牌欄,toi圖益,toi,圖益,1802711,toi,,Life & Entertainment,auto,3,True
momo,Life & Entertainment,15175383,TOi 圖益,【TOi 圖益】哈利波特 鎏金四學院 1000片拼圖 雙層燙金燙銀 官方授權 桌遊動漫卡通遊戲 收藏交換禮物,TOI,1802711,98,1.3 品牌欄完全相符,2026-09-21 15:01:25,TOi 圖益,品牌欄,toi圖益,toi,圖益,1802711,toi,,Life & Entertainment,auto,3,True
momo,Life & Entertainment,15175384,TOi 圖益,【TOi 圖益】湯姆與傑利 寶藏地圖拼圖1000片 探險地圖風格 童趣收藏掛畫(成人玩具桌遊禮物),TOI,1802711,98,1.3 品牌欄完全相符,2026-09-21 15:01:25,TOi 圖益,品牌欄,toi圖益,toi,圖益,1802711,toi,,Life & Entertainment,auto,3,True
momo,Life & Entertainment,15175385,TOi 圖益,【TOi 圖益】海邊檸檬樹 窗裡窗外系列 拼圖1000片 聯名插畫 治癒系地中海海景掛畫 創意生日桌遊交換禮物,TOI,1802711,98,1.3 品牌欄完全相符,2026-09-21 15:01:25,TOi 圖益,品牌欄,toi圖益,toi,圖益,1802711,toi,,Life & Entertainment,auto,3,True
momo,Life & Entertainment,15175388,TOi 圖益,【TOi 圖益】哈利波特 彩窗拼圖盲盒126片（4PCS端盒款）流光集系列 透光驚喜盒 附相框支架 禮物收藏療癒,TOI,1802711,98,1.3 品牌欄完全相符,2026-09-21 15:01:25,TOi 圖益,品牌欄,toi圖益,toi,圖益,1802711,toi,,Life & Entertainment,auto,3,True
momo,Life & Entertainment,15175389,TOi 圖益,【TOi 圖益】哈利波特 彩窗拼圖盲盒126片（單盒款）流光集系列 透光驚喜盒 附相框支架 生日禮物收藏療癒,TOI,1802711,98,1.3 品牌欄完全相符,2026-09-21 15:01:25,TOi 圖益,品牌欄,toi圖益,toi,圖益,1802711,toi,,Life & Entertainment,auto,3,True
momo,Life & Entertainment,15235454,Qbi 塊樂方程式,【Qbi 塊樂方程式】123數字冒險組(輕巧隨行組＋123數字基礎桌遊組/47pcs）,Qbi,1380260,90,1.3 品牌欄完全相符,2026-09-21 15:01:25,Qbi 塊樂方程式,品牌欄,qbi塊樂方程式,qbi,塊樂方程式,1380260,qbi,,Mother & Baby,auto,3,True
momo,Life & Entertainment,7024287,BS 荷蘭,【BS 荷蘭】鱷魚襪子不見了|競賽桌遊 配對學習,BS,6353151,85,1.4 品牌欄相符（品牌庫有重複，取業績最高）,2026-09-21 15:01:25,BS 荷蘭,品牌欄,bs荷蘭,bs,荷蘭,6353151,bs,,Mother & Baby,auto,2,True
momo,Life & Entertainment,7159927,BS 荷蘭,【BS 荷蘭】大嘴鱷魚(疊疊樂 兒童桌遊 益智玩具 推推樂 專注力桌遊 樂齡桌遊),BS,6353151,85,1.4 品牌欄相符（品牌庫有重複，取業績最高）,2026-09-21 15:01:25,BS 荷蘭,品牌欄,bs荷蘭,bs,荷蘭,6353151,bs,,Mother & Baby,auto,2,True
momo,Life & Entertainment,7272693,EQB 韓國,【EQB】韓國益智旋轉積木(8in1 恐龍系列),EQB,1084585,90,1.3 品牌欄完全相符,2026-09-21 15:01:25,EQB 韓國,品牌欄,eqb韓國,eqb,韓國,1084585,eqb,,Mother & Baby,,3,True
momo,Men's Apparel,10155511,YG 天鵝內衣,【YG 天鵝內衣】3+1件組 銀離子抑菌消臭平口褲-速(四角內褲/男內褲),YG,1102428,93,1.4 品牌欄相符（品牌庫有重複，取業績最高）,2026-09-21 15:02:19,YG 天鵝內衣,品牌欄,yg天鵝內衣,yg,天鵝內衣,1102428,yg,,Men's Apparel,auto,2,True
momo,Men's Apparel,10198948,YG 天鵝內衣,【YG 天鵝內衣】任選_涼感舒適透氣速乾短袖衫(速達單件-黑/藍/灰),YG,1102428,93,1.4 品牌欄相符（品牌庫有重複，取業績最高）,2026-09-21 15:02:19,YG 天鵝內衣,品牌欄,yg天鵝內衣,yg,天鵝內衣,1102428,yg,,Men's Apparel,auto,2,True
momo,Men's Apparel,10286943,YG 天鵝內衣,【YG 天鵝內衣】4件組 銀離子抑菌消臭三角褲-速(三角內褲/男內褲),YG,1102428,93,1.4 品牌欄相符（品牌庫有重複，取業績最高）,2026-09-21 15:02:19,YG 天鵝內衣,品牌欄,yg天鵝內衣,yg,天鵝內衣,1102428,yg,,Men's Apparel,auto,2,True
momo,Men's Apparel,10286944,YG 天鵝內衣,【YG 天鵝內衣】任選_高科技材質銀離子抑菌消臭三角褲(速達單件-黑/綠/藍),YG,1102428,93,1.4 品牌欄相符（品牌庫有重複，取業績最高）,2026-09-21 15:02:19,YG 天鵝內衣,品牌欄,yg天鵝內衣,yg,天鵝內衣,1102428,yg,,Men's Apparel,auto,2,True
momo,Men's Apparel,10286945,YG 天鵝內衣,【YG 天鵝內衣】任選_高科技材質銀離子抑菌消臭平口褲(速達單件-黑/綠/藍),YG,1102428,93,1.4 品牌欄相符（品牌庫有重複，取業績最高）,2026-09-21 15:02:19,YG 天鵝內衣,品牌欄,yg天鵝內衣,yg,天鵝內衣,1102428,yg,,Men's Apparel,auto,2,True
momo,Men's Apparel,10290585,YG 天鵝內衣,【YG 天鵝內衣】//6件組 舒適優質透氣羅紋背心 -速(寬肩/窄肩/背心/男內衣),YG,1102428,93,1.4 品牌欄相符（品牌庫有重複，取業績最高）,2026-09-21 15:02:19,YG 天鵝內衣,品牌欄,yg天鵝內衣,yg,天鵝內衣,1102428,yg,,Men's Apparel,auto,2,True
momo,Men's Apparel,10290586,YG 天鵝內衣,【YG 天鵝內衣】//6件組 舒適優質透氣羅紋內褲 -速(三角褲/四角褲/男內褲),YG,1102428,93,1.4 品牌欄相符（品牌庫有重複，取業績最高）,2026-09-21 15:02:19,YG 天鵝內衣,品牌欄,yg天鵝內衣,yg,天鵝內衣,1102428,yg,,Men's Apparel,auto,2,True
momo,Men's Apparel,10476507,YG 天鵝內衣,【YG 天鵝內衣】//3件組 親膚透氣排汗保暖系列-速(圓領/U領/長袖/長褲/衛生衣/衛生褲),YG,1102428,93,1.4 品牌欄相符（品牌庫有重複，取業績最高）,2026-09-21 15:02:19,YG 天鵝內衣,品牌欄,yg天鵝內衣,yg,天鵝內衣,1102428,yg,,Men's Apparel,auto,2,True
momo,Men's Apparel,10476508,YG 天鵝內衣,【YG 天鵝內衣】//3件組 天然純棉保暖抗寒舒適親膚內衣-速(圓領/U領/長褲/男內著),YG,1102428,93,1.4 品牌欄相符（品牌庫有重複，取業績最高）,2026-09-21 15:02:19,YG 天鵝內衣,品牌欄,yg天鵝內衣,yg,天鵝內衣,1102428,yg,,Men's Apparel,auto,2,True
momo,Men's Apparel,10476511,YG 天鵝內衣,【YG 天鵝內衣】4件組 純棉五片式舒適開襠四角褲-速(四角內褲/男內褲),YG,1102428,93,1.4 品牌欄相符（品牌庫有重複，取業績最高）,2026-09-21 15:02:19,YG 天鵝內衣,品牌欄,yg天鵝內衣,yg,天鵝內衣,1102428,yg,,Men's Apparel,auto,2,True
momo,Men's Apparel,10476512,YG 天鵝內衣,【YG 天鵝內衣】任選_100%棉透氣舒適五片式開襠平口褲(速達單件),YG,1102428,93,1.4 品牌欄相符（品牌庫有重複，取業績最高）,2026-09-21 15:02:19,YG 天鵝內衣,品牌欄,yg天鵝內衣,yg,天鵝內衣,1102428,yg,,Men's Apparel,auto,2,True
momo,Men's Apparel,10484717,YG 天鵝內衣,【YG 天鵝內衣】4件組 吸濕快乾透氣針織開襠四角褲-速(四角內褲/男內褲),YG,1102428,93,1.4 品牌欄相符（品牌庫有重複，取業績最高）,2026-09-21 15:02:19,YG 天鵝內衣,品牌欄,yg天鵝內衣,yg,天鵝內衣,1102428,yg,,Men's Apparel,auto,2,True
momo,Men's Apparel,10484718,YG 天鵝內衣,【YG 天鵝內衣】任選_吸濕排汗透氣針織開襠四角褲(速達單件-黑/紅/丈青/灰),YG,1102428,93,1.4 品牌欄相符（品牌庫有重複，取業績最高）,2026-09-21 15:02:19,YG 天鵝內衣,品牌欄,yg天鵝內衣,yg,天鵝內衣,1102428,yg,,Men's Apparel,auto,2,True
momo,Men's Apparel,11187504,YG 天鵝內衣,【YG 天鵝內衣】6件組 親膚透氣彈性棉立體剪裁平口褲-速(四角內褲/男內褲),YG,1102428,93,1.4 品牌欄相符（品牌庫有重複，取業績最高）,2026-09-21 15:02:19,YG 天鵝內衣,品牌欄,yg天鵝內衣,yg,天鵝內衣,1102428,yg,,Men's Apparel,auto,2,True
momo,Men's Apparel,11187505,YG 天鵝內衣,【YG 天鵝內衣】6件組 親膚透氣彈性棉立體剪裁三角褲-速(三角內褲/男內褲),YG,1102428,93,1.4 品牌欄相符（品牌庫有重複，取業績最高）,2026-09-21 15:02:19,YG 天鵝內衣,品牌欄,yg天鵝內衣,yg,天鵝內衣,1102428,yg,,Men's Apparel,auto,2,True
momo,Men's Apparel,11213742,RH 紳士品格,【RH 紳士品格】日系洗水刷破大彈力牛仔褲(乙刷洗淺藍色全尺碼28到36),RH,1101075,90,1.3 品牌欄完全相符,2026-09-21 15:02:19,RH 紳士品格,品牌欄,rh紳士品格,rh,紳士品格,1101075,rh,,Home & Living,auto,2,True
momo,Men's Apparel,11833300,YG 天鵝內衣,【YG 天鵝內衣】3件組艾草親膚速乾背心(吸濕排汗-男內衣),YG,1102428,93,1.4 品牌欄相符（品牌庫有重複，取業績最高）,2026-09-21 15:02:19,YG 天鵝內衣,品牌欄,yg天鵝內衣,yg,天鵝內衣,1102428,yg,,Men's Apparel,auto,2,True
momo,Men's Apparel,12892544,YG 天鵝內衣,【YG 天鵝內衣】4件組 印花彈性棉立體透氣平口褲-速(四角內褲/男內褲),YG,1102428,93,1.4 品牌欄相符（品牌庫有重複，取業績最高）,2026-09-21 15:02:19,YG 天鵝內衣,品牌欄,yg天鵝內衣,yg,天鵝內衣,1102428,yg,,Men's Apparel,auto,2,True
momo,Men's Apparel,13357996,YG 天鵝內衣,【YG 天鵝內衣】// 6件組 舒適優質透氣羅紋短袖-速(圓領/U領/短袖/男內衣),YG,1102428,93,1.4 品牌欄相符（品牌庫有重複，取業績最高）,2026-09-21 15:02:19,YG 天鵝內衣,品牌欄,yg天鵝內衣,yg,天鵝內衣,1102428,yg,,Men's Apparel,auto,2,True
momo,Men's Apparel,13738595,YG 天鵝內衣,【YG 天鵝內衣】//4件組親膚純棉羅紋內褲-速(100%純棉/三角褲/男內褲),YG,1102428,93,1.4 品牌欄相符（品牌庫有重複，取業績最高）,2026-09-21 15:02:19,YG 天鵝內衣,品牌欄,yg天鵝內衣,yg,天鵝內衣,1102428,yg,,Men's Apparel,auto,2,True
momo,Men's Apparel,13738596,YG 天鵝內衣,【YG 天鵝內衣】//4件組親膚純棉羅紋內褲-速(100%純棉/四角褲/男內褲),YG,1102428,93,1.4 品牌欄相符（品牌庫有重複，取業績最高）,2026-09-21 15:02:19,YG 天鵝內衣,品牌欄,yg天鵝內衣,yg,天鵝內衣,1102428,yg,,Men's Apparel,auto,2,True
momo,Men's Apparel,13738597,YG 天鵝內衣,【YG 天鵝內衣】//4件組親膚純棉羅紋背心-速(100%純棉/背心/男內衣),YG,1102428,93,1.4 品牌欄相符（品牌庫有重複，取業績最高）,2026-09-21 15:02:19,YG 天鵝內衣,品牌欄,yg天鵝內衣,yg,天鵝內衣,1102428,yg,,Men's Apparel,auto,2,True
momo,Men's Apparel,13738598,YG 天鵝內衣,【YG 天鵝內衣】//4件組親膚純棉羅紋短袖-速(100%純棉/圓領/U領/男內衣),YG,1102428,93,1.4 品牌欄相符（品牌庫有重複，取業績最高）,2026-09-21 15:02:19,YG 天鵝內衣,品牌欄,yg天鵝內衣,yg,天鵝內衣,1102428,yg,,Men's Apparel,auto,2,True
momo,Men's Apparel,14782315,AOK 飛速,【AOK 飛速】男性棉質免洗內褲 3入x5包(舒適全棉 免洗內褲 一次性內褲 拋棄式內褲 旅行內褲),AOK,1126232,85,1.4 品牌欄相符（品牌庫有重複，取業績最高）,2026-09-21 15:02:19,AOK 飛速,品牌欄,aok飛速,aok,飛速,1126232,aok,,Home & Living,,3,True
momo,Men's Apparel,14782316,AOK 飛速,【AOK 飛速】男性棉質免洗內褲 3入x3包(舒適全棉 免洗內褲 一次性內褲 拋棄式內褲 旅行內褲),AOK,1126232,85,1.4 品牌欄相符（品牌庫有重複，取業績最高）,2026-09-21 15:02:19,AOK 飛速,品牌欄,aok飛速,aok,飛速,1126232,aok,,Home & Living,,3,True
momo,Men's Apparel,6098066,RH 紳士品格,【RH紳士品格】男士加絨加厚經典修身牛仔褲(乙休閒保暖加厚全尺碼28-34),RH,1101075,90,1.3 品牌欄完全相符,2026-09-21 15:02:19,RH 紳士品格,品牌欄,rh紳士品格,rh,紳士品格,1101075,rh,,Home & Living,auto,2,True
momo,Men's Apparel,6196032,RH 紳士品格,【RH 紳士品格】經典修身款男士薄刷毛牛仔褲(乙彈力舒適型 全尺碼M-3L),RH,1101075,90,1.3 品牌欄完全相符,2026-09-21 15:02:19,RH 紳士品格,品牌欄,rh紳士品格,rh,紳士品格,1101075,rh,,Home & Living,auto,2,True
momo,Men's Apparel,6736715,YG 天鵝內衣,【YG】舒爽羅紋背心(透氣/吸汗/速乾),YG,1102428,93,1.4 品牌欄相符（品牌庫有重複，取業績最高）,2026-09-21 15:02:19,YG 天鵝內衣,品牌欄,yg天鵝內衣,yg,天鵝內衣,1102428,yg,,Men's Apparel,auto,2,True
momo,Men's Apparel,6736716,YG 天鵝內衣,【YG】舒爽羅紋無袖衫(透氣/吸汗/速乾),YG,1102428,93,1.4 品牌欄相符（品牌庫有重複，取業績最高）,2026-09-21 15:02:19,YG 天鵝內衣,品牌欄,yg天鵝內衣,yg,天鵝內衣,1102428,yg,,Men's Apparel,auto,2,True
momo,Men's Apparel,6786525,YG 天鵝內衣,【YG】日本最夯智慧控溫無袖男內衣(透氣/吸汗/速乾),YG,1102428,93,1.4 品牌欄相符（品牌庫有重複，取業績最高）,2026-09-21 15:02:19,YG 天鵝內衣,品牌欄,yg天鵝內衣,yg,天鵝內衣,1102428,yg,,Men's Apparel,auto,2,True
momo,Men's Apparel,6786526,YG 天鵝內衣,【YG】日本最夯智慧控溫男背心(透氣/吸汗/速乾),YG,1102428,93,1.4 品牌欄相符（品牌庫有重複，取業績最高）,2026-09-21 15:02:19,YG 天鵝內衣,品牌欄,yg天鵝內衣,yg,天鵝內衣,1102428,yg,,Men's Apparel,auto,2,True
momo,Men's Apparel,9035068,YG 天鵝內衣,【YG 天鵝內衣】//2件組 陽離子速乾舒適透氣短袖衫-速(短袖/男T恤),YG,1102428,93,1.4 品牌欄相符（品牌庫有重複，取業績最高）,2026-09-21 15:02:19,YG 天鵝內衣,品牌欄,yg天鵝內衣,yg,天鵝內衣,1102428,yg,,Men's Apparel,auto,2,True
momo,Men's Apparel,9035070,YG 天鵝內衣,【YG 天鵝內衣】//2件組 涼感陽離子速乾舒適透氣短袖衫-速(男背心),YG,1102428,93,1.4 品牌欄相符（品牌庫有重複，取業績最高）,2026-09-21 15:02:19,YG 天鵝內衣,品牌欄,yg天鵝內衣,yg,天鵝內衣,1102428,yg,,Men's Apparel,auto,2,True
momo,Men's Apparel,9573814,YG 天鵝內衣,【YG 天鵝內衣】日本熱感纖維吸濕發熱衣(透氣排汗保暖男內衣),YG,1102428,93,1.4 品牌欄相符（品牌庫有重複，取業績最高）,2026-09-21 15:02:19,YG 天鵝內衣,品牌欄,yg天鵝內衣,yg,天鵝內衣,1102428,yg,,Men's Apparel,auto,2,True
momo,Men's Bags& Accessories,10032945,CS 嚴選,【CS 嚴選】真皮包包 菱格設計商務首選進口頭層牛皮防水直立側肩包斜背包休閒包CShonor111204,C&S,2838752,84,1.3 品牌欄完全相符,2026-09-21 15:01:54,CS 嚴選,品牌欄,cs嚴選,cs,嚴選,2838752,cs,,Home & Living,,2,True
momo,Men's Bags& Accessories,10845450,CS 嚴選,【CS 嚴選】歐美風時尚紳士防潑水大容量USB充電胸背包 運動休閒胸包 斜背包 單肩包CS111401,C&S,2838752,84,1.3 品牌欄完全相符,2026-09-21 15:01:54,CS 嚴選,品牌欄,cs嚴選,cs,嚴選,2838752,cs,,Home & Living,,2,True
momo,Men's Bags& Accessories,11438326,CS 嚴選,【CS 嚴選】百搭防潑水14吋筆電雙肩包通勤後背包CS112102 防水包,C&S,2838752,84,1.3 品牌欄完全相符,2026-09-21 15:01:54,CS 嚴選,品牌欄,cs嚴選,cs,嚴選,2838752,cs,,Home & Living,,2,True
momo,Men's Bags& Accessories,11764676,CS 嚴選,【CS 嚴選】英國風商務大容量防潑水14吋筆電公事包 手提包 側背包 斜背包 側肩包 CShonor11,C&S,2838752,84,1.3 品牌欄完全相符,2026-09-21 15:01:54,CS 嚴選,品牌欄,cs嚴選,cs,嚴選,2838752,cs,,Home & Living,,2,True
momo,Men's Bags& Accessories,12561980,CS 嚴選,【CS 嚴選】商務防潑水大容量15.6吋筆電包電腦包後背包雙肩包CS113101 防水包,C&S,2838752,84,1.3 品牌欄完全相符,2026-09-21 15:01:54,CS 嚴選,品牌欄,cs嚴選,cs,嚴選,2838752,cs,,Home & Living,,2,True
momo,Men's Bags& Accessories,12626857,CS 嚴選,【CS 嚴選】父親節送禮精選 紳士雙層拉鍊手拿包長皮夾真皮包包 長夾零錢包頭層牛皮夾CSLW113001,C&S,2838752,84,1.3 品牌欄完全相符,2026-09-21 15:01:54,CS 嚴選,品牌欄,cs嚴選,cs,嚴選,2838752,cs,,Home & Living,,2,True
momo,Men's Bags& Accessories,12686527,CS 嚴選,【CS 嚴選】日韓復古風外出時尚休閒包防潑水斜肩平板包 斜背包 側背包 肩背包 帆布包CS1132,C&S,2838752,84,1.3 品牌欄完全相符,2026-09-21 15:01:54,CS 嚴選,品牌欄,cs嚴選,cs,嚴選,2838752,cs,,Home & Living,,2,True
momo,Men's Bags& Accessories,12794161,CS 嚴選,【CS 嚴選】日系風百搭日系風 休閒旅行出差14吋筆電大容量學院書包 雙肩包 後背包CS113102,C&S,2838752,84,1.3 品牌欄完全相符,2026-09-21 15:01:54,CS 嚴選,品牌欄,cs嚴選,cs,嚴選,2838752,cs,,Home & Living,,2,True
momo,Men's Bags& Accessories,12825232,CS 嚴選,【CS 嚴選】英倫無印風百搭休閒旅行商務15.6吋筆電雙肩包 後背包CS113104,C&S,2838752,84,1.3 品牌欄完全相符,2026-09-21 15:01:54,CS 嚴選,品牌欄,cs嚴選,cs,嚴選,2838752,cs,,Home & Living,,2,True
momo,Men's Bags& Accessories,13055631,CS 嚴選,【CS 嚴選】日本職人風充電拉桿帶安全警示商務休閒旅行14吋筆電雙肩包後背包CS113106,C&S,2838752,84,1.3 品牌欄完全相符,2026-09-21 15:01:54,CS 嚴選,品牌欄,cs嚴選,cs,嚴選,2838752,cs,,Home & Living,,2,True
momo,Men's Bags& Accessories,13350226,CS 嚴選,【CS 嚴選】青春活力減壓防潑水USB15.6吋筆電後背包出差旅行雙肩包CS113112 防水包,C&S,2838752,84,1.3 品牌欄完全相符,2026-09-21 15:01:54,CS 嚴選,品牌欄,cs嚴選,cs,嚴選,2838752,cs,,Home & Living,,2,True
momo,Men's Bags& Accessories,14380473,CS 嚴選,【CS 嚴選】機能性多功能防潑水休閒單肩背包 斜背包 男胸包 胸背包 側背包 單肩包(CS114401,C&S,2838752,84,1.3 品牌欄完全相符,2026-09-21 15:01:54,CS 嚴選,品牌欄,cs嚴選,cs,嚴選,2838752,cs,,Home & Living,,2,True
momo,Men's Bags& Accessories,14876003,CS 嚴選,【CS 嚴選】韓系大容量弓箭包運動休閒旅行單肩背包 胸包 側斜背包 男女包包 CS115402,C&S,2838752,84,1.3 品牌欄完全相符,2026-09-21 15:01:54,CS 嚴選,品牌欄,cs嚴選,cs,嚴選,2838752,cs,,Home & Living,,2,True
momo,Men's Bags& Accessories,14923039,CS 嚴選,【CS 嚴選】防潑水休閒男士單肩胸包 大容量斜背包 戶外出行單肩包 側背包 CS115405,C&S,2838752,84,1.3 品牌欄完全相符,2026-09-21 15:01:54,CS 嚴選,品牌欄,cs嚴選,cs,嚴選,2838752,cs,,Home & Living,,2,True
momo,Men's Bags& Accessories,14981233,CS 嚴選,【CS 嚴選】都會時尚舒適減壓背帶大容量收納休閒百搭運動胸背包 斜背包 單肩包 休閒包 胸包,C&S,2838752,84,1.3 品牌欄完全相符,2026-09-21 15:01:54,CS 嚴選,品牌欄,cs嚴選,cs,嚴選,2838752,cs,,Home & Living,,2,True
momo,Men's Bags& Accessories,6920077,CS 嚴選,【CS 嚴選】日韓風紳士商務時尚休閒防潑水大容量斜肩10吋平板包斜背包側背包肩背包CS08203,C&S,2838752,84,1.3 品牌欄完全相符,2026-09-21 15:01:54,CS 嚴選,品牌欄,cs嚴選,cs,嚴選,2838752,cs,,Home & Living,,2,True
momo,Men's Bags& Accessories,6940317,CS 嚴選,【CS 嚴選】防潑水輕量戶外運動登山旅遊休閒自行車路跑萬用腰包胸背包斜背包CS08501 防水包,C&S,2838752,84,1.3 品牌欄完全相符,2026-09-21 15:01:54,CS 嚴選,品牌欄,cs嚴選,cs,嚴選,2838752,cs,,Home & Living,,2,True
momo,Men's Bags& Accessories,7139809,CS 嚴選,【CS 嚴選】尊爵系列紳士商務時尚休閒防潑水斜肩10吋平板包 斜背包 側背包 肩背包CShonor08,C&S,2838752,84,1.3 品牌欄完全相符,2026-09-21 15:01:54,CS 嚴選,品牌欄,cs嚴選,cs,嚴選,2838752,cs,,Home & Living,,2,True
momo,Men's Bags& Accessories,7182145,CS 嚴選,【CS 嚴選】日韓復古風休閒包防潑水斜肩10吋平板包斜背包側背包肩背包帆布包CS08206 防水包,C&S,2838752,84,1.3 品牌欄完全相符,2026-09-21 15:01:54,CS 嚴選,品牌欄,cs嚴選,cs,嚴選,2838752,cs,,Home & Living,,2,True
momo,Men's Bags& Accessories,7239560,CS 嚴選,【CS 嚴選】多功能商務休閒旅行15.6吋筆電大容量後背包 公事包 手提包 單肩包(CShonor08103,C&S,2838752,84,1.3 品牌欄完全相符,2026-09-21 15:01:54,CS 嚴選,品牌欄,cs嚴選,cs,嚴選,2838752,cs,,Home & Living,,2,True
momo,Men's Bags& Accessories,7329552,CS 嚴選,【CS 嚴選】尊爵系列商務大容量防潑水14吋筆電公事包 手提包 側背包 斜背包 側肩包CShonor0,C&S,2838752,84,1.3 品牌欄完全相符,2026-09-21 15:01:54,CS 嚴選,品牌欄,cs嚴選,cs,嚴選,2838752,cs,,Home & Living,,2,True
momo,Men's Bags& Accessories,7409436,CS 嚴選,【CS 嚴選】尊爵系列英倫商務防潑水14吋筆電公事包 手提包 側背包 斜背包 側肩包CShonor093,C&S,2838752,84,1.3 品牌欄完全相符,2026-09-21 15:01:54,CS 嚴選,品牌欄,cs嚴選,cs,嚴選,2838752,cs,,Home & Living,,2,True
momo,Men's Bags& Accessories,7480281,CS 嚴選,【CS 嚴選】尊爵系列多隔層防潑水商務直立側背包單肩包斜背包休閒包CShonor09201 防水包,C&S,2838752,84,1.3 品牌欄完全相符,2026-09-21 15:01:54,CS 嚴選,品牌欄,cs嚴選,cs,嚴選,2838752,cs,,Home & Living,,2,True
momo,Men's Bags& Accessories,7555398,CS 嚴選,【CS 嚴選】日韓街頭風外出休閒百搭運動胸背包 胸包 斜背包 單肩包 休閒包CS09402,C&S,2838752,84,1.3 品牌欄完全相符,2026-09-21 15:01:54,CS 嚴選,品牌欄,cs嚴選,cs,嚴選,2838752,cs,,Home & Living,,2,True
momo,Men's Bags& Accessories,7555399,CS 嚴選,【CS 嚴選】日韓風紳士商務休閒防潑水斜肩10吋平板包 斜背包 側背包 肩背包CS09201 防水包,C&S,2838752,84,1.3 品牌欄完全相符,2026-09-21 15:01:54,CS 嚴選,品牌欄,cs嚴選,cs,嚴選,2838752,cs,,Home & Living,,2,True
momo,Men's Bags& Accessories,7771300,CS 嚴選,【CS 嚴選】日韓風左右背設計大容量收納百搭運動胸背包斜背包休閒包CS09403,C&S,2838752,84,1.3 品牌欄完全相符,2026-09-21 15:01:54,CS 嚴選,品牌欄,cs嚴選,cs,嚴選,2838752,cs,,Home & Living,,2,True
momo,Men's Bags& Accessories,7771301,CS 嚴選,【CS 嚴選】真皮包包 法式頭層牛皮防水鑰匙扣設計直立單肩包斜背包平板包休閒包(CShonor092,C&S,2838752,84,1.3 品牌欄完全相符,2026-09-21 15:01:54,CS 嚴選,品牌欄,cs嚴選,cs,嚴選,2838752,cs,,Home & Living,,2,True
momo,Men's Bags& Accessories,7966866,CS 嚴選,【CS 嚴選】美式作風 黑潮流時尚 胸扣設計大容量14吋筆電後背包 雙肩背包(CS09110),C&S,2838752,84,1.3 品牌欄完全相符,2026-09-21 15:01:54,CS 嚴選,品牌欄,cs嚴選,cs,嚴選,2838752,cs,,Home & Living,,2,True
momo,Men's Bags& Accessories,8003356,CS 嚴選,【CS 嚴選】商務首選進口頂級真牛皮防水耐用14吋筆電包大容量手提包公事包斜背包CShonor093,C&S,2838752,84,1.3 品牌欄完全相符,2026-09-21 15:01:54,CS 嚴選,品牌欄,cs嚴選,cs,嚴選,2838752,cs,,Home & Living,,2,True
momo,Men's Bags& Accessories,8177490,CS 嚴選,【CS 嚴選】美式防潑水輕量戶外運動登山旅遊休閒自行車路跑萬用腰包 胸背包 斜背包CS09501,C&S,2838752,84,1.3 品牌欄完全相符,2026-09-21 15:01:54,CS 嚴選,品牌欄,cs嚴選,cs,嚴選,2838752,cs,,Home & Living,,2,True
momo,Men's Bags& Accessories,9280514,NOW 娜奧,【NOW】加拿大 Danica童趣鑰匙圈 法鬥 / 吊飾 鎖匙圈 年末送禮,NOW,2387626,85,1.4 品牌欄相符（品牌庫有重複，取業績最高）,2026-09-21 15:01:54,NOW 娜奧,品牌欄,now娜奧,now,娜奧,2387626,now,,Health,auto,3,True
momo,Men's Bags& Accessories,9280515,NOW 娜奧,【NOW】加拿大 Danica童趣鑰匙圈 鱷魚 / 吊飾 鎖匙圈 年末送禮,NOW,2387626,85,1.4 品牌欄相符（品牌庫有重複，取業績最高）,2026-09-21 15:01:54,NOW 娜奧,品牌欄,now娜奧,now,娜奧,2387626,now,,Health,auto,3,True
momo,Men's Bags& Accessories,11307466,CS 嚴選,【CS 嚴選】美式大容量防潑水乾濕分離鞋倉旅行包手提肩背包袋健身包行李袋CS112601 防水包,C&S,2838752,84,1.3 品牌欄完全相符,2026-09-21 15:01:54,CS 嚴選,品牌欄,cs嚴選,cs,嚴選,2838752,cs,,Home & Living,,2,True
momo,Men's Bags& Accessories,12686526,CS 嚴選,【CS 嚴選】復古風休閒包防潑水斜肩平板包 斜背包 側背包 肩背包 郵差包 帆布包CS113202 防,C&S,2838752,84,1.3 品牌欄完全相符,2026-09-21 15:01:54,CS 嚴選,品牌欄,cs嚴選,cs,嚴選,2838752,cs,,Home & Living,,2,True
momo,Men's Bags& Accessories,13178208,CS 嚴選,【CS 嚴選】日韓風紳士商務休閒防潑水斜肩10吋平板包 斜背包 側背包 肩背包CS113203 防水包,C&S,2838752,84,1.3 品牌欄完全相符,2026-09-21 15:01:54,CS 嚴選,品牌欄,cs嚴選,cs,嚴選,2838752,cs,,Home & Living,,2,True
momo,Men's Bags& Accessories,13302734,CS 嚴選,【CS 嚴選】英國風商務大容量防潑水14吋筆電公事包 手提包 側背包 斜背包 側肩包CShonor113,C&S,2838752,84,1.3 品牌欄完全相符,2026-09-21 15:01:54,CS 嚴選,品牌欄,cs嚴選,cs,嚴選,2838752,cs,,Home & Living,,2,True
momo,Men's Bags& Accessories,14696823,CS 嚴選,【CS 嚴選】商務可充電擴充設計休閒旅行15.6吋筆電大容量拉桿帶雙肩包後背包CS114103,C&S,2838752,84,1.3 品牌欄完全相符,2026-09-21 15:01:54,CS 嚴選,品牌欄,cs嚴選,cs,嚴選,2838752,cs,,Home & Living,,2,True
momo,Men's Bags& Accessories,14721490,CS 嚴選,【CS 嚴選】多功能商務休閒旅行乾濕分離可充電擴充15.6吋筆電大容量拉桿帶雙肩包後背包CS114104,C&S,2838752,84,1.3 品牌欄完全相符,2026-09-21 15:01:54,CS 嚴選,品牌欄,cs嚴選,cs,嚴選,2838752,cs,,Home & Living,,2,True
momo,Men's Bags& Accessories,14878653,CS 嚴選,【CS 嚴選】法式時尚頭層牛皮包 男士單肩包 斜背包 牛皮商務包 側背包 真皮包 肩背包 CShon,C&S,2838752,84,1.3 品牌欄完全相符,2026-09-21 15:01:54,CS 嚴選,品牌欄,cs嚴選,cs,嚴選,2838752,cs,,Home & Living,,2,True
momo,Men's Bags& Accessories,15298577,CS 嚴選,【CS 嚴選】紳士時尚透氣減壓防潑水15.6吋筆電後背包 雙肩包 防水包 CSN113108,C&S,2838752,84,1.3 品牌欄完全相符,2026-09-21 15:01:54,CS 嚴選,品牌欄,cs嚴選,cs,嚴選,2838752,cs,,Home & Living,,2,True
momo,Men's Bags& Accessories,15319673,CS 嚴選,【CS 嚴選】都市商務防潑水15.6吋筆電後背包 出差上班旅行雙肩包 防水包 CSN113114,C&S,2838752,84,1.3 品牌欄完全相符,2026-09-21 15:01:54,CS 嚴選,品牌欄,cs嚴選,cs,嚴選,2838752,cs,,Home & Living,,2,True
momo,Men's Bags& Accessories,15319676,CS 嚴選,【CS 嚴選】真皮包包 商務頭層牛皮防水14吋筆電包大容量手提包公事包斜背包 送禮CSHN09303,C&S,2838752,84,1.3 品牌欄完全相符,2026-09-21 15:01:54,CS 嚴選,品牌欄,cs嚴選,cs,嚴選,2838752,cs,,Home & Living,,2,True
momo,Men's Bags& Accessories,15319679,CS 嚴選,【CS 嚴選】真皮包包 商務頭層牛皮防水耐用14吋筆電包大手提包公事包斜背包 送禮自用CSHN09,C&S,2838752,84,1.3 品牌欄完全相符,2026-09-21 15:01:54,CS 嚴選,品牌欄,cs嚴選,cs,嚴選,2838752,cs,,Home & Living,,2,True
momo,Men's Bags& Accessories,15569432,CS 嚴選,【CS 嚴選】真皮包包 商務進口牛皮 直立側背包單肩包斜背包平板包防水包 CSHN111210,C&S,2838752,84,1.3 品牌欄完全相符,2026-09-21 15:01:54,CS 嚴選,品牌欄,cs嚴選,cs,嚴選,2838752,cs,,Home & Living,,2,True
momo,Men's Bags& Accessories,7339011,CS 嚴選,【CS 嚴選】商務科技可充電擴充設計休閒旅行15.6吋筆電大容量拉桿帶雙肩包後背包CShonor08106,C&S,2838752,84,1.3 品牌欄完全相符,2026-09-21 15:01:54,CS 嚴選,品牌欄,cs嚴選,cs,嚴選,2838752,cs,,Home & Living,,2,True
momo,Mobile & Gadgets,10264418,PQI 勁永,【PQI 勁永】i-Cable Type C to Lightning 150 編織快充線(通過MFi 認證),pqi,1107508,98,1.3 品牌欄完全相符,2026-09-21 14:58:17,PQI 勁永,品牌欄,pqi勁永,pqi,勁永,1107508,pqi,,Mobile & Gadgets,auto,3,True
momo,Mobile & Gadgets,10680344,PQI 勁永,【PQI 勁永】qCable C to C 5A 100cm(5A編織快充線),pqi,1107508,98,1.3 品牌欄完全相符,2026-09-21 14:58:17,PQI 勁永,品牌欄,pqi勁永,pqi,勁永,1107508,pqi,,Mobile & Gadgets,auto,3,True
momo,Mobile & Gadgets,10680345,PQI 勁永,【PQI 勁永】i-Cable Multi-Plug 100cm 三合一多功能傳輸線(Lightning、Micro USB、USB-C),pqi,1107508,98,1.3 品牌欄完全相符,2026-09-21 14:58:17,PQI 勁永,品牌欄,pqi勁永,pqi,勁永,1107508,pqi,,Mobile & Gadgets,auto,3,True
momo,Mobile & Gadgets,10682209,PQI 勁永,【PQI 勁永】WCS18W(3合1無線快充充電架),pqi,1107508,98,1.3 品牌欄完全相符,2026-09-21 14:58:17,PQI 勁永,品牌欄,pqi勁永,pqi,勁永,1107508,pqi,,Mobile & Gadgets,auto,3,True
momo,Mobile & Gadgets,11244994,ESR 億色,【ESR 億色】iPad mini 6/mini 7 雅置系列平板保護套,ESR,1801111,98,1.3 品牌欄完全相符,2026-09-21 14:58:17,ESR 億色,品牌欄,esr億色,esr,億色,1801111,esr,,Mobile & Gadgets,auto,3,True
momo,Mobile & Gadgets,11455695,HTC 宏達電,【HTC 宏達電】U23 Pro 6.7吋(8G/256G/高通驍龍7 Gen1/1.08億萬鏡頭畫素),HTC,1147210,93,1.4 品牌欄相符（品牌庫有重複，取業績最高）,2026-09-21 14:58:17,HTC 宏達電,品牌欄,htc宏達電,htc,宏達電,1147210,htc,,Mobile & Gadgets,auto,3,True
momo,Mobile & Gadgets,11455697,HTC 宏達電,【HTC 宏達電】U23 Pro 6.7吋(12G/256G/高通驍龍7 Gen1/1.08億萬鏡頭畫素),HTC,1147210,93,1.4 品牌欄相符（品牌庫有重複，取業績最高）,2026-09-21 14:58:17,HTC 宏達電,品牌欄,htc宏達電,htc,宏達電,1147210,htc,,Mobile & Gadgets,auto,3,True
momo,Mobile & Gadgets,11586678,GP 超霸,【GP 超霸】超特強鹼性電池4號Ultra Plus 卡裝 4入(GP原廠販售),G.P,1119972,79,1.4 品牌欄相符（品牌庫有重複，取業績最高）,2026-09-21 14:58:17,GP 超霸,品牌欄,gp超霸,gp,超霸,1119972,gp,,Shoes,,2,True
momo,Mobile & Gadgets,11586681,GP 超霸,【GP 超霸】超特強鹼性電池3號Ultra Plus 卡裝 8入(GP原廠販售),G.P,1119972,79,1.4 品牌欄相符（品牌庫有重複，取業績最高）,2026-09-21 14:58:17,GP 超霸,品牌欄,gp超霸,gp,超霸,1119972,gp,,Shoes,,2,True
momo,Mobile & Gadgets,11586682,GP 超霸,【GP 超霸】超特強鹼性電池4號Ultra Plus 卡裝 8入(GP原廠販售),G.P,1119972,79,1.4 品牌欄相符（品牌庫有重複，取業績最高）,2026-09-21 14:58:17,GP 超霸,品牌欄,gp超霸,gp,超霸,1119972,gp,,Shoes,,2,True
momo,Mobile & Gadgets,11594928,PQI 勁永,【PQI 勁永】qCable USB4 C to C 5A 大電流快充線,pqi,1107508,98,1.3 品牌欄完全相符,2026-09-21 14:58:17,PQI 勁永,品牌欄,pqi勁永,pqi,勁永,1107508,pqi,,Mobile & Gadgets,auto,3,True
momo,Mobile & Gadgets,11840420,ESR 億色,【ESR 億色】iPad Air 11吋 2026/2025/2024 /Air 5/4 眾置系列可升降雙用款平板保護套,ESR,1801111,98,1.3 品牌欄完全相符,2026-09-21 14:58:17,ESR 億色,品牌欄,esr億色,esr,億色,1801111,esr,,Mobile & Gadgets,auto,3,True
momo,Mobile & Gadgets,11949978,PQI 勁永,【PQI 勁永】i-Cable Du-Plug 120cm MFI認證快充傳輸線(Type-C to Lightning、Type-C),pqi,1107508,98,1.3 品牌欄完全相符,2026-09-21 14:58:17,PQI 勁永,品牌欄,pqi勁永,pqi,勁永,1107508,pqi,,Mobile & Gadgets,auto,3,True
momo,Mobile & Gadgets,11953547,PQI 勁永,【PQI 勁永】WCS23WR 23W三合一磁吸無線充電座(無線/Magsafe),pqi,1107508,98,1.3 品牌欄完全相符,2026-09-21 14:58:17,PQI 勁永,品牌欄,pqi勁永,pqi,勁永,1107508,pqi,,Mobile & Gadgets,auto,3,True
momo,Mobile & Gadgets,11953548,PQI 勁永,【PQI 勁永】PD10 10000mAh20W雙孔USB-C雙向快充大電流行動電源,pqi,1107508,98,1.3 品牌欄完全相符,2026-09-21 14:58:17,PQI 勁永,品牌欄,pqi勁永,pqi,勁永,1107508,pqi,,Mobile & Gadgets,auto,3,True
momo,Mobile & Gadgets,11953549,PQI 勁永,【PQI 勁永】PD05 5000mAh 20W快充USB-C口袋行動電源(本體有標示Wh瓦時 可帶上飛機),pqi,1107508,98,1.3 品牌欄完全相符,2026-09-21 14:58:17,PQI 勁永,品牌欄,pqi勁永,pqi,勁永,1107508,pqi,,Mobile & Gadgets,auto,3,True
momo,Mobile & Gadgets,12132516,PQI 勁永,【PQI 勁永】PD65W快充 氮化鎵充電器 充電線 組合包 PD65WV (65W充電器+Type-CtoC編織充電線 100cm),pqi,1107508,98,1.3 品牌欄完全相符,2026-09-21 14:58:17,PQI 勁永,品牌欄,pqi勁永,pqi,勁永,1107508,pqi,,Mobile & Gadgets,auto,3,True
momo,Mobile & Gadgets,12143935,PQI 勁永,【PQI 勁永】USB-C to C 快充傳輸編織線 100公分,pqi,1107508,98,1.3 品牌欄完全相符,2026-09-21 14:58:17,PQI 勁永,品牌欄,pqi勁永,pqi,勁永,1107508,pqi,,Mobile & Gadgets,auto,3,True
momo,Mobile & Gadgets,12143937,PQI 勁永,【PQI 勁永】USB4 C to C 5A大電流 多功能 快充傳輸線(影像支援/檔案傳輸/快速充電),pqi,1107508,98,1.3 品牌欄完全相符,2026-09-21 14:58:17,PQI 勁永,品牌欄,pqi勁永,pqi,勁永,1107508,pqi,,Mobile & Gadgets,auto,3,True
momo,Mobile & Gadgets,12147222,PQI 勁永,【PQI 勁永】100W快充 qCable 5A C100 USB-C to C 100公分 快充編織線,pqi,1107508,98,1.3 品牌欄完全相符,2026-09-21 14:58:17,PQI 勁永,品牌欄,pqi勁永,pqi,勁永,1107508,pqi,,Mobile & Gadgets,auto,3,True
momo,Mobile & Gadgets,12624079,ESR 億色,【ESR 億色】iPhone 14 Pro 強化玻璃背板防摔保護殼(冰晶琉璃),ESR,1801111,98,1.3 品牌欄完全相符,2026-09-21 14:58:17,ESR 億色,品牌欄,esr億色,esr,億色,1801111,esr,,Mobile & Gadgets,auto,3,True
momo,Mobile & Gadgets,12624080,ESR 億色,【ESR 億色】iPhone 14 Pro Max 強化玻璃背板防摔保護殼(冰晶琉璃),ESR,1801111,98,1.3 品牌欄完全相符,2026-09-21 14:58:17,ESR 億色,品牌欄,esr億色,esr,億色,1801111,esr,,Mobile & Gadgets,auto,3,True
momo,Mobile & Gadgets,12678127,GP 超霸,【GP 超霸】新世代Recharge充電池1000mAh 3號4粒裝(GP原廠販售),G.P,1119972,79,1.4 品牌欄相符（品牌庫有重複，取業績最高）,2026-09-21 14:58:17,GP 超霸,品牌欄,gp超霸,gp,超霸,1119972,gp,,Shoes,,2,True
momo,Mobile & Gadgets,12678128,GP 超霸,【GP 超霸】新世代Recharge充電池 400mAh 4號4粒裝(GP原廠販售),G.P,1119972,79,1.4 品牌欄相符（品牌庫有重複，取業績最高）,2026-09-21 14:58:17,GP 超霸,品牌欄,gp超霸,gp,超霸,1119972,gp,,Shoes,,2,True
momo,Mobile & Gadgets,12678129,GP 超霸,【GP 超霸】E211+新世代Recharge充電池 3號2入+4號2入(GP原廠販售),G.P,1119972,79,1.4 品牌欄相符（品牌庫有重複，取業績最高）,2026-09-21 14:58:17,GP 超霸,品牌欄,gp超霸,gp,超霸,1119972,gp,,Shoes,,2,True
momo,Mobile & Gadgets,12842931,ESR 億色,【ESR 億色】iPad Pro 11吋 2018/2020/2021/2022 Air 4/5 可拆卸磁吸式 書寫膜,ESR,1801111,98,1.3 品牌欄完全相符,2026-09-21 14:58:17,ESR 億色,品牌欄,esr億色,esr,億色,1801111,esr,,Mobile & Gadgets,auto,3,True
momo,Mobile & Gadgets,12856325,GP 超霸,【GP 超霸】[A21]4號特強鹼性電池 Ultra 卡裝 8入(GP原廠販售),G.P,1119972,79,1.4 品牌欄相符（品牌庫有重複，取業績最高）,2026-09-21 14:58:17,GP 超霸,品牌欄,gp超霸,gp,超霸,1119972,gp,,Shoes,,2,True
momo,Mobile & Gadgets,12856326,GP 超霸,【GP 超霸】[A21]3號特強鹼性電池 Ultra 卡裝 8入(GP原廠販售),G.P,1119972,79,1.4 品牌欄相符（品牌庫有重複，取業績最高）,2026-09-21 14:58:17,GP 超霸,品牌欄,gp超霸,gp,超霸,1119972,gp,,Shoes,,2,True
momo,Mobile & Gadgets,12856327,GP 超霸,【GP 超霸】[A21]4號特強鹼性電池 Ultra 卡裝 4+2入(GP原廠販售),G.P,1119972,79,1.4 品牌欄相符（品牌庫有重複，取業績最高）,2026-09-21 14:58:17,GP 超霸,品牌欄,gp超霸,gp,超霸,1119972,gp,,Shoes,,2,True
momo,Mobile & Gadgets,12856328,GP 超霸,【GP 超霸】[A21]3號特強鹼性電池 Ultra 卡裝 4+2入(GP原廠販售),G.P,1119972,79,1.4 品牌欄相符（品牌庫有重複，取業績最高）,2026-09-21 14:58:17,GP 超霸,品牌欄,gp超霸,gp,超霸,1119972,gp,,Shoes,,2,True
momo,Mobile & Gadgets,12856329,GP 超霸,【GP 超霸】[A21]4號特強鹼性電池 Ultra 卡裝 4入(GP原廠販售),G.P,1119972,79,1.4 品牌欄相符（品牌庫有重複，取業績最高）,2026-09-21 14:58:17,GP 超霸,品牌欄,gp超霸,gp,超霸,1119972,gp,,Shoes,,2,True
momo,Mobile & Gadgets,12856330,GP 超霸,【GP 超霸】[A21]3號特強鹼性電池 Ultra 卡裝 4入(GP原廠販售),G.P,1119972,79,1.4 品牌欄相符（品牌庫有重複，取業績最高）,2026-09-21 14:58:17,GP 超霸,品牌欄,gp超霸,gp,超霸,1119972,gp,,Shoes,,2,True
momo,Mobile & Gadgets,12856331,GP 超霸,【GP 超霸】[A21]2號特強鹼性電池 Ultra 卡裝 2入(GP原廠販售),G.P,1119972,79,1.4 品牌欄相符（品牌庫有重複，取業績最高）,2026-09-21 14:58:17,GP 超霸,品牌欄,gp超霸,gp,超霸,1119972,gp,,Shoes,,2,True
momo,Mobile & Gadgets,12856332,GP 超霸,【GP 超霸】[A21]9V特強鹼性電池 Ultra 卡裝 1入(GP原廠販售),G.P,1119972,79,1.4 品牌欄相符（品牌庫有重複，取業績最高）,2026-09-21 14:58:17,GP 超霸,品牌欄,gp超霸,gp,超霸,1119972,gp,,Shoes,,2,True
momo,Mobile & Gadgets,12856333,GP 超霸,【GP 超霸】[A21]1號特強鹼性電池 Ultra 卡裝 2入(GP原廠販售),G.P,1119972,79,1.4 品牌欄相符（品牌庫有重複，取業績最高）,2026-09-21 14:58:17,GP 超霸,品牌欄,gp超霸,gp,超霸,1119972,gp,,Shoes,,2,True
momo,Mobile & Gadgets,12934920,PQI 勁永,【PQI 勁永】PD35W充電器Type C to Lightning100cm快充組合包(雙孔1A1C),pqi,1107508,98,1.3 品牌欄完全相符,2026-09-21 14:58:17,PQI 勁永,品牌欄,pqi勁永,pqi,勁永,1107508,pqi,,Mobile & Gadgets,auto,3,True
momo,Mobile & Gadgets,12938727,HTC 宏達電,【HTC 宏達電】U24 pro 5G 6.8吋(12G/256G/高通驍龍7Gen3/5000萬鏡頭畫素),HTC,1147210,93,1.4 品牌欄相符（品牌庫有重複，取業績最高）,2026-09-21 14:58:17,HTC 宏達電,品牌欄,htc宏達電,htc,宏達電,1147210,htc,,Mobile & Gadgets,auto,3,True
momo,Mobile & Gadgets,12970846,HTC 宏達電,【HTC 宏達電】U24 pro 5G 6.8吋(12G/512G/高通驍龍7Gen3/5000萬鏡頭畫素),HTC,1147210,93,1.4 品牌欄相符（品牌庫有重複，取業績最高）,2026-09-21 14:58:17,HTC 宏達電,品牌欄,htc宏達電,htc,宏達電,1147210,htc,,Mobile & Gadgets,auto,3,True
momo,Mobile & Gadgets,12997687,HTC 宏達電,【HTC 宏達電】U24 Pro 6.8吋 5G(12G/256G),HTC,1147210,93,1.4 品牌欄相符（品牌庫有重複，取業績最高）,2026-09-21 14:58:17,HTC 宏達電,品牌欄,htc宏達電,htc,宏達電,1147210,htc,,Mobile & Gadgets,auto,3,True
momo,Mobile & Gadgets,12997688,HTC 宏達電,【HTC 宏達電】U24 Pro 6.8吋 5G(12G/512G),HTC,1147210,93,1.4 品牌欄相符（品牌庫有重複，取業績最高）,2026-09-21 14:58:17,HTC 宏達電,品牌欄,htc宏達電,htc,宏達電,1147210,htc,,Mobile & Gadgets,auto,3,True
momo,Mobile & Gadgets,13034115,ESR 億色,【ESR 億色】iPad Pro 11英吋 2025/2024 優觸雙面夾系列保護套 搭扣款,ESR,1801111,98,1.3 品牌欄完全相符,2026-09-21 14:58:17,ESR 億色,品牌欄,esr億色,esr,億色,1801111,esr,,Mobile & Gadgets,auto,3,True
momo,Mobile & Gadgets,13034116,ESR 億色,【ESR 億色】iPad Pro 11英吋 2025/2024 優觸巧拼系列保護套 多折款,ESR,1801111,98,1.3 品牌欄完全相符,2026-09-21 14:58:17,ESR 億色,品牌欄,esr億色,esr,億色,1801111,esr,,Mobile & Gadgets,auto,3,True
momo,Mobile & Gadgets,13034117,ESR 億色,【ESR 億色】iPad Pro 11英吋 2025/2024 眾置系列可升降雙用款平板保護套,ESR,1801111,98,1.3 品牌欄完全相符,2026-09-21 14:58:17,ESR 億色,品牌欄,esr億色,esr,億色,1801111,esr,,Mobile & Gadgets,auto,3,True
momo,Mobile & Gadgets,13034118,ESR 億色,【ESR 億色】iPad Pro 11英吋 2025/2024 巧匯系列保護套,ESR,1801111,98,1.3 品牌欄完全相符,2026-09-21 14:58:17,ESR 億色,品牌欄,esr億色,esr,億色,1801111,esr,,Mobile & Gadgets,auto,3,True
momo,Mobile & Gadgets,13034122,ESR 億色,【ESR 億色】iPad Pro 11英吋 2025/2024 可拆卸磁吸式 書寫膜-1片裝,ESR,1801111,98,1.3 品牌欄完全相符,2026-09-21 14:58:17,ESR 億色,品牌欄,esr億色,esr,億色,1801111,esr,,Mobile & Gadgets,auto,3,True
momo,Mobile & Gadgets,13034123,ESR 億色,【ESR 億色】iPad Pro 13英吋 2025/2024 優觸巧拼系列保護套 多折款,ESR,1801111,98,1.3 品牌欄完全相符,2026-09-21 14:58:17,ESR 億色,品牌欄,esr億色,esr,億色,1801111,esr,,Mobile & Gadgets,auto,3,True
momo,Mobile & Gadgets,13034124,ESR 億色,【ESR 億色】iPad Pro 13英吋 2025/2024 眾置系列可升降雙用款平板保護套,ESR,1801111,98,1.3 品牌欄完全相符,2026-09-21 14:58:17,ESR 億色,品牌欄,esr億色,esr,億色,1801111,esr,,Mobile & Gadgets,auto,3,True
momo,Mobile & Gadgets,13034125,ESR 億色,【ESR 億色】iPad Pro 13英吋 2025/2024 巧匯系列保護套,ESR,1801111,98,1.3 品牌欄完全相符,2026-09-21 14:58:17,ESR 億色,品牌欄,esr億色,esr,億色,1801111,esr,,Mobile & Gadgets,auto,3,True
momo,Mobile & Gadgets,13034129,ESR 億色,【ESR 億色】iPad Pro 13英吋 2025/2024 可拆卸磁吸式 書寫膜-1片裝,ESR,1801111,98,1.3 品牌欄完全相符,2026-09-21 14:58:17,ESR 億色,品牌欄,esr億色,esr,億色,1801111,esr,,Mobile & Gadgets,auto,3,True
momo,Mobile & Gadgets,13034130,ESR 億色,【ESR 億色】iPad Pro 11/12.9 2020/2021/2022 & Pro 11/13英吋 2025/2024 平板鏡頭膜-2片裝,ESR,1801111,98,1.3 品牌欄完全相符,2026-09-21 14:58:17,ESR 億色,品牌欄,esr億色,esr,億色,1801111,esr,,Mobile & Gadgets,auto,3,True
momo,Mobile & Gadgets,13038931,ESR 億色,【ESR 億色】iPad Air 13吋 2026/2025/2024 /Pro 12.9吋2020/2021/2022 優觸雙面夾系列保護套 搭扣款,ESR,1801111,98,1.3 品牌欄完全相符,2026-09-21 14:58:17,ESR 億色,品牌欄,esr億色,esr,億色,1801111,esr,,Mobile & Gadgets,auto,3,True
momo,Mobile & Gadgets,13038932,ESR 億色,【ESR 億色】iPad Air 13吋 2026/2025/2024 優觸巧拼系列保護套 多折款,ESR,1801111,98,1.3 品牌欄完全相符,2026-09-21 14:58:17,ESR 億色,品牌欄,esr億色,esr,億色,1801111,esr,,Mobile & Gadgets,auto,3,True
momo,Mobile & Gadgets,13038933,ESR 億色,【ESR 億色】iPad Air 13吋 2026/2025/2024 眾置系列可升降雙用款平板保護套,ESR,1801111,98,1.3 品牌欄完全相符,2026-09-21 14:58:17,ESR 億色,品牌欄,esr億色,esr,億色,1801111,esr,,Mobile & Gadgets,auto,3,True
momo,Mobile & Gadgets,13038934,ESR 億色,【ESR 億色】iPad Air 13吋 2026/2025/2024 巧匯系列平板保護套,ESR,1801111,98,1.3 品牌欄完全相符,2026-09-21 14:58:17,ESR 億色,品牌欄,esr億色,esr,億色,1801111,esr,,Mobile & Gadgets,auto,3,True
momo,Mobile & Gadgets,13117649,HTC 宏達電,【HTC 宏達電】U24 pro 5G 6.8吋(12G/512G/高通驍龍7 Gen 3/5000萬畫素鏡頭),HTC,1147210,93,1.4 品牌欄相符（品牌庫有重複，取業績最高）,2026-09-21 14:58:17,HTC 宏達電,品牌欄,htc宏達電,htc,宏達電,1147210,htc,,Mobile & Gadgets,auto,3,True
momo,Mobile & Gadgets,13170104,ESR 億色,【ESR 億色】iPhone 16/Plus/Pro/Pro Max 磁吸巧匯系列手機殼(支援MagSafe),ESR,1801111,98,1.3 品牌欄完全相符,2026-09-21 14:58:17,ESR 億色,品牌欄,esr億色,esr,億色,1801111,esr,,Mobile & Gadgets,auto,3,True
momo,Mobile & Gadgets,13227192,PQI 勁永,【PQI 勁永】BT10 真無線耳機(藍牙5.3高階技術/IPX4防水),pqi,1107508,98,1.3 品牌欄完全相符,2026-09-21 14:58:17,PQI 勁永,品牌欄,pqi勁永,pqi,勁永,1107508,pqi,,Mobile & Gadgets,auto,3,True
momo,Mobile & Gadgets,13292026,PQI 勁永,【PQI 勁永】PDC35WV 雙孔 USB-C PD快充,pqi,1107508,98,1.3 品牌欄完全相符,2026-09-21 14:58:17,PQI 勁永,品牌欄,pqi勁永,pqi,勁永,1107508,pqi,,Mobile & Gadgets,auto,3,True
momo,Mobile & Gadgets,13345287,GP 超霸,【GP 超霸】[A21]3號特強鹼性電池8入 Ultra+修正帶(GP原廠販售),G.P,1119972,79,1.4 品牌欄相符（品牌庫有重複，取業績最高）,2026-09-21 14:58:17,GP 超霸,品牌欄,gp超霸,gp,超霸,1119972,gp,,Shoes,,2,True
momo,Mobile & Gadgets,13345288,GP 超霸,【GP 超霸】[A21]4號特強鹼性電池8入 Ultra+修正帶(GP原廠販售),G.P,1119972,79,1.4 品牌欄相符（品牌庫有重複，取業績最高）,2026-09-21 14:58:17,GP 超霸,品牌欄,gp超霸,gp,超霸,1119972,gp,,Shoes,,2,True
momo,Mobile & Gadgets,13345291,GP 超霸,【GP 超霸】Power Plus碳鋅電池AA 3號16粒裝(GP原廠販售),G.P,1119972,79,1.4 品牌欄相符（品牌庫有重複，取業績最高）,2026-09-21 14:58:17,GP 超霸,品牌欄,gp超霸,gp,超霸,1119972,gp,,Shoes,,2,True
momo,Mobile & Gadgets,13345292,GP 超霸,【GP 超霸】Power Plus碳鋅電池AAA 4號16粒裝(GP原廠販售),G.P,1119972,79,1.4 品牌欄相符（品牌庫有重複，取業績最高）,2026-09-21 14:58:17,GP 超霸,品牌欄,gp超霸,gp,超霸,1119972,gp,,Shoes,,2,True
momo,Mobile & Gadgets,13345293,GP 超霸,【GP 超霸】鈕型鋰電池CR2016 20粒裝(GP原廠販售),G.P,1119972,79,1.4 品牌欄相符（品牌庫有重複，取業績最高）,2026-09-21 14:58:17,GP 超霸,品牌欄,gp超霸,gp,超霸,1119972,gp,,Shoes,,2,True
momo,Mobile & Gadgets,13345294,GP 超霸,【GP 超霸】鈕型鋰電池CR2025 6粒裝(GP原廠販售),G.P,1119972,79,1.4 品牌欄相符（品牌庫有重複，取業績最高）,2026-09-21 14:58:17,GP 超霸,品牌欄,gp超霸,gp,超霸,1119972,gp,,Shoes,,2,True
momo,Mobile & Gadgets,13345295,GP 超霸,【GP 超霸】鈕型鋰電池CR2025 20粒裝(GP原廠販售),G.P,1119972,79,1.4 品牌欄相符（品牌庫有重複，取業績最高）,2026-09-21 14:58:17,GP 超霸,品牌欄,gp超霸,gp,超霸,1119972,gp,,Shoes,,2,True
momo,Mobile & Gadgets,13345296,GP 超霸,【GP 超霸】鈕型鋰電池CR2032 6粒裝(GP原廠販售),G.P,1119972,79,1.4 品牌欄相符（品牌庫有重複，取業績最高）,2026-09-21 14:58:17,GP 超霸,品牌欄,gp超霸,gp,超霸,1119972,gp,,Shoes,,2,True
momo,Mobile & Gadgets,13345297,GP 超霸,【GP 超霸】鈕型鋰電池CR2032 20粒裝(GP原廠販售),G.P,1119972,79,1.4 品牌欄相符（品牌庫有重複，取業績最高）,2026-09-21 14:58:17,GP 超霸,品牌欄,gp超霸,gp,超霸,1119972,gp,,Shoes,,2,True
momo,Mobile & Gadgets,13351256,GP 超霸,【GP 超霸】鈕型鋰電池CR2016 6粒裝(GP原廠販售),G.P,1119972,79,1.4 品牌欄相符（品牌庫有重複，取業績最高）,2026-09-21 14:58:17,GP 超霸,品牌欄,gp超霸,gp,超霸,1119972,gp,,Shoes,,2,True
momo,Mobile & Gadgets,13477367,ESR 億色,【ESR 億色】AirPods 4 HaloLock 磁電空間 靈護系列 耳機保護套(安全扣設計),ESR,1801111,98,1.3 品牌欄完全相符,2026-09-21 14:58:17,ESR 億色,品牌欄,esr億色,esr,億色,1801111,esr,,Mobile & Gadgets,auto,3,True
momo,Mobile & Gadgets,13496175,HTC 宏達電,【HTC 宏達電】U23 Pro 6.7吋(8G/256G/高通驍龍7 Gen1/1.08億萬鏡頭畫素),HTC,1147210,93,1.4 品牌欄相符（品牌庫有重複，取業績最高）,2026-09-21 14:58:17,HTC 宏達電,品牌欄,htc宏達電,htc,宏達電,1147210,htc,,Mobile & Gadgets,auto,3,True
momo,Mobile & Gadgets,13496176,HTC 宏達電,【HTC 宏達電】U23 Pro 6.7吋(8G/256G/高通驍龍7 Gen1/1.08億萬鏡頭畫素),HTC,1147210,93,1.4 品牌欄相符（品牌庫有重複，取業績最高）,2026-09-21 14:58:17,HTC 宏達電,品牌欄,htc宏達電,htc,宏達電,1147210,htc,,Mobile & Gadgets,auto,3,True
momo,Mobile & Gadgets,13518429,HTC 宏達電,【HTC 宏達電】VIVE XR Elite(豪華配件組),HTC,1147210,93,1.4 品牌欄相符（品牌庫有重複，取業績最高）,2026-09-21 14:58:17,HTC 宏達電,品牌欄,htc宏達電,htc,宏達電,1147210,htc,,Mobile & Gadgets,auto,3,True
momo,Mobile & Gadgets,13518430,HTC 宏達電,【HTC 宏達電】VIVE Focus Vision(頭戴式顯示器),HTC,1147210,93,1.4 品牌欄相符（品牌庫有重複，取業績最高）,2026-09-21 14:58:17,HTC 宏達電,品牌欄,htc宏達電,htc,宏達電,1147210,htc,,Mobile & Gadgets,auto,3,True
momo,Mobile & Gadgets,13604556,PQI 勁永,【PQI 勁永】5000mAh 20W USB-C 快充直插口袋行動電源 PD05(電量顯示 自帶腳架 電流過充保護),pqi,1107508,98,1.3 品牌欄完全相符,2026-09-21 14:58:17,PQI 勁永,品牌欄,pqi勁永,pqi,勁永,1107508,pqi,,Mobile & Gadgets,auto,3,True
momo,Mobile & Gadgets,13604560,PQI 勁永,【PQI 勁永】10000mAh PD1002磁吸無線快充行動電源(可充 Apple Watch 本體有標示Wh瓦時 可帶上飛機),pqi,1107508,98,1.3 品牌欄完全相符,2026-09-21 14:58:17,PQI 勁永,品牌欄,pqi勁永,pqi,勁永,1107508,pqi,,Mobile & Gadgets,auto,3,True
momo,Mobile & Gadgets,13606204,HTC 宏達電,【HTC 宏達電】VIVE FLOW 沉浸式 VR 眼鏡(加送VIVE Flow 控制器),HTC,1147210,93,1.4 品牌欄相符（品牌庫有重複，取業績最高）,2026-09-21 14:58:17,HTC 宏達電,品牌欄,htc宏達電,htc,宏達電,1147210,htc,,Mobile & Gadgets,auto,3,True
momo,Mobile & Gadgets,13614667,ESR 億色,【ESR 億色】三星 S25系列 磁吸巧匯系列 手機保護殼,ESR,1801111,98,1.3 品牌欄完全相符,2026-09-21 14:58:17,ESR 億色,品牌欄,esr億色,esr,億色,1801111,esr,,Mobile & Gadgets,auto,3,True
momo,Mobile & Gadgets,13630547,PQI 勁永,【PQI 勁永】WCC2301 三合一折疊式磁吸無線充電器(支援 手機、Apple Watch、藍牙耳機 同時充電),pqi,1107508,98,1.3 品牌欄完全相符,2026-09-21 14:58:17,PQI 勁永,品牌欄,pqi勁永,pqi,勁永,1107508,pqi,,Mobile & Gadgets,auto,3,True
momo,Mobile & Gadgets,13679654,MSI 微星,【MSI 微星】Claw 8 電競掌機 8吋螢幕保護貼(Claw 8 AI+ A2VM-002TW專用),MSI,2563405,85,1.4 品牌欄相符（品牌庫有重複，取業績最高）,2026-09-21 14:58:17,MSI 微星,品牌欄,msi微星,msi,微星,2563405,msi,,Hardware & 3C,auto,3,True
momo,Mobile & Gadgets,13700331,MSI 微星,【MSI 微星】Claw 8 AI+電競掌機 8吋螢幕保護貼+旅行收納包(Claw 8 AI+ A2VM-002TW專用),MSI,2563405,85,1.4 品牌欄相符（品牌庫有重複，取業績最高）,2026-09-21 14:58:17,MSI 微星,品牌欄,msi微星,msi,微星,2563405,msi,,Hardware & 3C,auto,3,True
momo,Mobile & Gadgets,13744146,PQI 勁永,【PQI 勁永】TWS真無線藍牙耳機 BT09 (藍牙5.3 ENC通話降噪 IPX4生活防水),pqi,1107508,98,1.3 品牌欄完全相符,2026-09-21 14:58:17,PQI 勁永,品牌欄,pqi勁永,pqi,勁永,1107508,pqi,,Mobile & Gadgets,auto,3,True
momo,Mobile & Gadgets,13745692,ESR 億色,【ESR 億色】iPhone 17e/16e 磁吸巧匯手機殼(支援MagSafe),ESR,1801111,98,1.3 品牌欄完全相符,2026-09-21 14:58:17,ESR 億色,品牌欄,esr億色,esr,億色,1801111,esr,,Mobile & Gadgets,auto,3,True
momo,Mobile & Gadgets,13788895,PQI 勁永,【PQI 勁永】三合一折疊式無線充電器 WCC2301 (可折疊 好攜帶 手機耳機手錶均可充),pqi,1107508,98,1.3 品牌欄完全相符,2026-09-21 14:58:17,PQI 勁永,品牌欄,pqi勁永,pqi,勁永,1107508,pqi,,Mobile & Gadgets,auto,3,True
momo,Mobile & Gadgets,13814457,ESR 億色,【ESR 億色】2025 iPad 第十一代 11吋 巧置系列 筆槽款 平板保護套A3354/A3355/A3356(iPad 10/11共用),ESR,1801111,98,1.3 品牌欄完全相符,2026-09-21 14:58:17,ESR 億色,品牌欄,esr億色,esr,億色,1801111,esr,,Mobile & Gadgets,auto,3,True
momo,Mobile & Gadgets,13814458,ESR 億色,【ESR 億色】iPad Air 11吋 2026/2025/2024/Air 4/5 巧置系列 筆槽款 平板保護套,ESR,1801111,98,1.3 品牌欄完全相符,2026-09-21 14:58:17,ESR 億色,品牌欄,esr億色,esr,億色,1801111,esr,,Mobile & Gadgets,auto,3,True
momo,Mobile & Gadgets,13814459,ESR 億色,【ESR 億色】iPad Air 13吋 2026/2025/2024 巧置系列 筆槽款 平板保護套,ESR,1801111,98,1.3 品牌欄完全相符,2026-09-21 14:58:17,ESR 億色,品牌欄,esr億色,esr,億色,1801111,esr,,Mobile & Gadgets,auto,3,True
momo,Mobile & Gadgets,13836986,HTC 宏達電,【HTC 宏達電】U23 Pro 6.7吋(8G/256G/高通驍龍7 Gen1/1.08億萬鏡頭畫素),HTC,1147210,93,1.4 品牌欄相符（品牌庫有重複，取業績最高）,2026-09-21 14:58:17,HTC 宏達電,品牌欄,htc宏達電,htc,宏達電,1147210,htc,,Mobile & Gadgets,auto,3,True
momo,Mobile & Gadgets,13839519,ESR 億色,【ESR 億色】2025 iPad 第十一代 11吋 巧匯系列平板保護套A3354/A3355/A3356(iPad 10/11共用),ESR,1801111,98,1.3 品牌欄完全相符,2026-09-21 14:58:17,ESR 億色,品牌欄,esr億色,esr,億色,1801111,esr,,Mobile & Gadgets,auto,3,True
momo,Mobile & Gadgets,13865988,GP 超霸,【GP 超霸】GP-eTag Smart Tracker 無線追蹤器(1入),G.P,1119972,79,1.4 品牌欄相符（品牌庫有重複，取業績最高）,2026-09-21 14:58:17,GP 超霸,品牌欄,gp超霸,gp,超霸,1119972,gp,,Shoes,,2,True
momo,Mobile & Gadgets,14051457,PQI 勁永,【PQI 勁永】BT11 雙降噪真無線耳機(藍牙5.4/防潑水/ANC+ENC雙降噪),pqi,1107508,98,1.3 品牌欄完全相符,2026-09-21 14:58:17,PQI 勁永,品牌欄,pqi勁永,pqi,勁永,1107508,pqi,,Mobile & Gadgets,auto,3,True
momo,Mobile & Gadgets,14055239,PQI 勁永,【PQI 勁永】qCable C120手機掛繩充電線120cm(掛繩+墊片∣Apple/Android適用),pqi,1107508,98,1.3 品牌欄完全相符,2026-09-21 14:58:17,PQI 勁永,品牌欄,pqi勁永,pqi,勁永,1107508,pqi,,Mobile & Gadgets,auto,3,True
momo,Mobile & Gadgets,14055240,PQI 勁永,【PQI 勁永】qCable C120手機腕繩充電線30cm(掛繩+墊片∣Apple/Android適用),pqi,1107508,98,1.3 品牌欄完全相符,2026-09-21 14:58:17,PQI 勁永,品牌欄,pqi勁永,pqi,勁永,1107508,pqi,,Mobile & Gadgets,auto,3,True
momo,Mobile & Gadgets,14351446,ESR 億色,【ESR 億色】iPhone 17 系列 磁吸巧匯系列按鍵款 手機保護殼(iPhone 17),ESR,1801111,98,1.3 品牌欄完全相符,2026-09-21 14:58:17,ESR 億色,品牌欄,esr億色,esr,億色,1801111,esr,,Mobile & Gadgets,auto,3,True
momo,Mobile & Gadgets,14351448,ESR 億色,【ESR 億色】iPhone 17 系列 磁吸巧匯系列按鍵款 鏡頭支架 手機保護殼(iPhone 17),ESR,1801111,98,1.3 品牌欄完全相符,2026-09-21 14:58:17,ESR 億色,品牌欄,esr億色,esr,億色,1801111,esr,,Mobile & Gadgets,auto,3,True
momo,Mobile & Gadgets,14371435,ESR 億色,【ESR 億色】iPhone 17 系列 磁吸巧匯系列按鍵款 手機保護殼(iPhone Air),ESR,1801111,98,1.3 品牌欄完全相符,2026-09-21 14:58:17,ESR 億色,品牌欄,esr億色,esr,億色,1801111,esr,,Mobile & Gadgets,auto,3,True
momo,Mobile & Gadgets,14376631,ESR 億色,【ESR 億色】iPhone 17 系列 磁吸巧匯系列按鍵款 手機保護殼(iPhone 17 Pro),ESR,1801111,98,1.3 品牌欄完全相符,2026-09-21 14:58:17,ESR 億色,品牌欄,esr億色,esr,億色,1801111,esr,,Mobile & Gadgets,auto,3,True
momo,Mobile & Gadgets,14376632,ESR 億色,【ESR 億色】iPhone 17 系列 磁吸巧匯系列按鍵款 手機保護殼(iPhone 17 Pro Max),ESR,1801111,98,1.3 品牌欄完全相符,2026-09-21 14:58:17,ESR 億色,品牌欄,esr億色,esr,億色,1801111,esr,,Mobile & Gadgets,auto,3,True
momo,Mobile & Gadgets,14376633,ESR 億色,【ESR 億色】iPhone 17 系列 磁吸巧匯系列按鍵款 鏡頭支架 手機保護殼(iPhone Air),ESR,1801111,98,1.3 品牌欄完全相符,2026-09-21 14:58:17,ESR 億色,品牌欄,esr億色,esr,億色,1801111,esr,,Mobile & Gadgets,auto,3,True
momo,Mobile & Gadgets,14376634,ESR 億色,【ESR 億色】iPhone 17 系列 磁吸巧匯系列按鍵款 鏡頭支架 手機保護殼(iPhone 17 Pro),ESR,1801111,98,1.3 品牌欄完全相符,2026-09-21 14:58:17,ESR 億色,品牌欄,esr億色,esr,億色,1801111,esr,,Mobile & Gadgets,auto,3,True
momo,Mobile & Gadgets,14376635,ESR 億色,【ESR 億色】iPhone 17 系列 磁吸巧匯系列按鍵款 鏡頭支架 手機保護殼(iPhone 17 Pro Max),ESR,1801111,98,1.3 品牌欄完全相符,2026-09-21 14:58:17,ESR 億色,品牌欄,esr億色,esr,億色,1801111,esr,,Mobile & Gadgets,auto,3,True
momo,Mobile & Gadgets,14376636,ESR 億色,【ESR 億色】iPhone 17 系列 特級高清鋼化玻璃保護貼3片裝 贈除塵秒貼書本盒,ESR,1801111,98,1.3 品牌欄完全相符,2026-09-21 14:58:17,ESR 億色,品牌欄,esr億色,esr,億色,1801111,esr,,Mobile & Gadgets,auto,3,True
momo,Mobile & Gadgets,14376637,ESR 億色,【ESR 億色】iPhone 17系列 獨立式 特級高清 鏡頭膜 1組,ESR,1801111,98,1.3 品牌欄完全相符,2026-09-21 14:58:17,ESR 億色,品牌欄,esr億色,esr,億色,1801111,esr,,Mobile & Gadgets,auto,3,True
momo,Mobile & Gadgets,14469511,ESR 億色,【ESR 億色】iPad Pro 13英吋 2024/2025 優觸雙面夾系列保護套 搭扣款,ESR,1801111,98,1.3 品牌欄完全相符,2026-09-21 14:58:17,ESR 億色,品牌欄,esr億色,esr,億色,1801111,esr,,Mobile & Gadgets,auto,3,True
momo,Mobile & Gadgets,14469512,ESR 億色,【ESR 億色】iPad Pro 11英吋 2024/2025 巧置系列筆槽款平板保護套,ESR,1801111,98,1.3 品牌欄完全相符,2026-09-21 14:58:17,ESR 億色,品牌欄,esr億色,esr,億色,1801111,esr,,Mobile & Gadgets,auto,3,True
momo,Mobile & Gadgets,14469513,ESR 億色,【ESR 億色】iPad Pro 13英吋 2024/2025 巧置系列筆槽款平板保護套,ESR,1801111,98,1.3 品牌欄完全相符,2026-09-21 14:58:17,ESR 億色,品牌欄,esr億色,esr,億色,1801111,esr,,Mobile & Gadgets,auto,3,True
momo,Mobile & Gadgets,14729699,PQI 勁永,【PQI 勁永】TWS真無線 藍牙降噪耳機 BT11(ANC+ENC双降噪 左右耳可獨立使用),pqi,1107508,98,1.3 品牌欄完全相符,2026-09-21 14:58:17,PQI 勁永,品牌欄,pqi勁永,pqi,勁永,1107508,pqi,,Mobile & Gadgets,auto,3,True
momo,Mobile & Gadgets,14810053,HTC 宏達電,【HTC 宏達電】A級福利品 U24 pro 5G 6.8吋(12GB/256GB),HTC,1147210,93,1.4 品牌欄相符（品牌庫有重複，取業績最高）,2026-09-21 14:58:17,HTC 宏達電,品牌欄,htc宏達電,htc,宏達電,1147210,htc,,Mobile & Gadgets,auto,3,True
momo,Mobile & Gadgets,14885941,HTC 宏達電,【HTC 宏達電】A級福利品 U24 pro 5G 6.8吋(12GB/256GB),HTC,1147210,93,1.4 品牌欄相符（品牌庫有重複，取業績最高）,2026-09-21 14:58:17,HTC 宏達電,品牌欄,htc宏達電,htc,宏達電,1147210,htc,,Mobile & Gadgets,auto,3,True
momo,Mobile & Gadgets,14902610,ESR 億色,【ESR 億色】三星 S26系列 磁吸巧匯系列 手機保護殼,ESR,1801111,98,1.3 品牌欄完全相符,2026-09-21 14:58:17,ESR 億色,品牌欄,esr億色,esr,億色,1801111,esr,,Mobile & Gadgets,auto,3,True
momo,Mobile & Gadgets,14902611,ESR 億色,【ESR 億色】三星 S26系列 磁吸巧匯系列 鏡頭支架 手機保護殼,ESR,1801111,98,1.3 品牌欄完全相符,2026-09-21 14:58:17,ESR 億色,品牌欄,esr億色,esr,億色,1801111,esr,,Mobile & Gadgets,auto,3,True
momo,Mobile & Gadgets,14902612,ESR 億色,【ESR 億色】三星 S26系列 磁吸鐵甲系列 鏡頭支架 手機保護殼,ESR,1801111,98,1.3 品牌欄完全相符,2026-09-21 14:58:17,ESR 億色,品牌欄,esr億色,esr,億色,1801111,esr,,Mobile & Gadgets,auto,3,True
momo,Mobile & Gadgets,14957543,HTC 宏達電,【HTC 宏達電】VIVE Eagle AI 眼鏡套裝,HTC,1147210,93,1.4 品牌欄相符（品牌庫有重複，取業績最高）,2026-09-21 14:58:17,HTC 宏達電,品牌欄,htc宏達電,htc,宏達電,1147210,htc,,Mobile & Gadgets,auto,3,True
momo,Mobile & Gadgets,14976658,ESR 億色,【ESR 億色】iPhone 17e/16e 磁吸巧匯系列 鏡頭支架 手機保護殼,ESR,1801111,98,1.3 品牌欄完全相符,2026-09-21 14:58:17,ESR 億色,品牌欄,esr億色,esr,億色,1801111,esr,,Mobile & Gadgets,auto,3,True
momo,Mobile & Gadgets,14988377,ESR 億色,【ESR 億色】三星 S26 Ultra殼膜2件組-巧匯鏡頭支架防摔殼+特級防窺螢幕膜1片,ESR,1801111,98,1.3 品牌欄完全相符,2026-09-21 14:58:17,ESR 億色,品牌欄,esr億色,esr,億色,1801111,esr,,Mobile & Gadgets,auto,3,True
momo,Mobile & Gadgets,14988379,ESR 億色,【ESR 億色】三星 S26 Ultra殼膜2件組-巧匯鏡頭支架防摔殼+特級高清螢幕膜2片,ESR,1801111,98,1.3 品牌欄完全相符,2026-09-21 14:58:17,ESR 億色,品牌欄,esr億色,esr,億色,1801111,esr,,Mobile & Gadgets,auto,3,True
momo,Mobile & Gadgets,14988380,ESR 億色,【ESR 億色】三星 S26 Ultra殼膜2件組-巧匯鏡頭支架防摔殼+康寧原廠授權螢幕膜1片,ESR,1801111,98,1.3 品牌欄完全相符,2026-09-21 14:58:17,ESR 億色,品牌欄,esr億色,esr,億色,1801111,esr,,Mobile & Gadgets,auto,3,True
momo,Mobile & Gadgets,14988381,ESR 億色,【ESR 億色】三星 S26 Ultra殼膜2件組-鐵甲鏡頭支架防摔殼+特級防窺螢幕膜1片,ESR,1801111,98,1.3 品牌欄完全相符,2026-09-21 14:58:17,ESR 億色,品牌欄,esr億色,esr,億色,1801111,esr,,Mobile & Gadgets,auto,3,True
momo,Mobile & Gadgets,14988382,ESR 億色,【ESR 億色】三星 S26 Ultra殼膜2件組-鐵甲鏡頭支架防摔殼+特級高清螢幕膜2片,ESR,1801111,98,1.3 品牌欄完全相符,2026-09-21 14:58:17,ESR 億色,品牌欄,esr億色,esr,億色,1801111,esr,,Mobile & Gadgets,auto,3,True
momo,Mobile & Gadgets,14988383,ESR 億色,【ESR 億色】三星 S26 Ultra殼膜2件組-鐵甲鏡頭支架防摔殼+康寧原廠授權螢幕膜1片,ESR,1801111,98,1.3 品牌欄完全相符,2026-09-21 14:58:17,ESR 億色,品牌欄,esr億色,esr,億色,1801111,esr,,Mobile & Gadgets,auto,3,True
momo,Mobile & Gadgets,14988384,ESR 億色,【ESR 億色】三星 S26 Ultra殼膜3件組-巧匯鏡頭支架防摔殼+特級高清螢幕膜2片+鏡頭膜,ESR,1801111,98,1.3 品牌欄完全相符,2026-09-21 14:58:17,ESR 億色,品牌欄,esr億色,esr,億色,1801111,esr,,Mobile & Gadgets,auto,3,True
momo,Mobile & Gadgets,14988385,ESR 億色,【ESR 億色】三星 S26 Ultra殼膜3件組-巧匯鏡頭支架防摔殼+康寧原廠授權螢幕膜1片+鏡頭膜,ESR,1801111,98,1.3 品牌欄完全相符,2026-09-21 14:58:17,ESR 億色,品牌欄,esr億色,esr,億色,1801111,esr,,Mobile & Gadgets,auto,3,True
momo,Mobile & Gadgets,15013715,ESR 億色,【ESR 億色】iPhone 17 Pro殼膜3件組-磁吸巧匯防摔殼+特級高清保護貼3片+鏡頭膜,ESR,1801111,98,1.3 品牌欄完全相符,2026-09-21 14:58:17,ESR 億色,品牌欄,esr億色,esr,億色,1801111,esr,,Mobile & Gadgets,auto,3,True
momo,Mobile & Gadgets,15013723,ESR 億色,【ESR 億色】iPhone 17e/16e殼膜2件組-巧匯鏡頭支架防摔殼+特級鋼化保護貼3片,ESR,1801111,98,1.3 品牌欄完全相符,2026-09-21 14:58:17,ESR 億色,品牌欄,esr億色,esr,億色,1801111,esr,,Mobile & Gadgets,auto,3,True
momo,Mobile & Gadgets,15013724,ESR 億色,【ESR 億色】iPhone 17e/16e殼膜2件組-巧匯鏡頭支架防摔殼+高清鋼化保護貼3片,ESR,1801111,98,1.3 品牌欄完全相符,2026-09-21 14:58:17,ESR 億色,品牌欄,esr億色,esr,億色,1801111,esr,,Mobile & Gadgets,auto,3,True
momo,Mobile & Gadgets,15013725,ESR 億色,【ESR 億色】iPad Air 11吋 M4/M3/M2 殼膜組-巧置筆槽保護殼+高清鋼化保護貼2片,ESR,1801111,98,1.3 品牌欄完全相符,2026-09-21 14:58:17,ESR 億色,品牌欄,esr億色,esr,億色,1801111,esr,,Mobile & Gadgets,auto,3,True
momo,Mobile & Gadgets,15015406,ESR 億色,【ESR 億色】iPad Pro 13吋 M5/M4 殼膜組-眾置雙用款保護殼+高清鋼化保護貼2片,ESR,1801111,98,1.3 品牌欄完全相符,2026-09-21 14:58:17,ESR 億色,品牌欄,esr億色,esr,億色,1801111,esr,,Mobile & Gadgets,auto,3,True
momo,Mobile & Gadgets,15029438,ESR 億色,【ESR 億色】AirPods Pro 3 靈盾系列 耳機保護套(支援MagSafe),ESR,1801111,98,1.3 品牌欄完全相符,2026-09-21 14:58:17,ESR 億色,品牌欄,esr億色,esr,億色,1801111,esr,,Mobile & Gadgets,auto,3,True
momo,Mobile & Gadgets,15029439,ESR 億色,【ESR 億色】iPhone 17 系列 磁吸悅色系列按鍵款 鏡頭支架 手機保護殼,ESR,1801111,98,1.3 品牌欄完全相符,2026-09-21 14:58:17,ESR 億色,品牌欄,esr億色,esr,億色,1801111,esr,,Mobile & Gadgets,auto,3,True
momo,Mobile & Gadgets,15029440,ESR 億色,【ESR 億色】iPhone 17 系列 磁吸鐵甲系列按鍵款 鏡頭支架 手機保護殼,ESR,1801111,98,1.3 品牌欄完全相符,2026-09-21 14:58:17,ESR 億色,品牌欄,esr億色,esr,億色,1801111,esr,,Mobile & Gadgets,auto,3,True
momo,Mobile & Gadgets,15029442,ESR 億色,【ESR 億色】Airpods Pro 3 鐵甲系列 耳機保護套(支援MagSafe),ESR,1801111,98,1.3 品牌欄完全相符,2026-09-21 14:58:17,ESR 億色,品牌欄,esr億色,esr,億色,1801111,esr,,Mobile & Gadgets,auto,3,True
momo,Mobile & Gadgets,15029443,ESR 億色,【ESR 億色】Airpods Pro 3 靈護安全鎖 耳機保護套(支援MagSafe),ESR,1801111,98,1.3 品牌欄完全相符,2026-09-21 14:58:17,ESR 億色,品牌欄,esr億色,esr,億色,1801111,esr,,Mobile & Gadgets,auto,3,True
momo,Mobile & Gadgets,15094858,ESR 億色,【ESR 億色】HaloLock 星環車載磁吸支架出風口款 2K604 贈引磁環,ESR,1801111,98,1.3 品牌欄完全相符,2026-09-21 14:58:17,ESR 億色,品牌欄,esr億色,esr,億色,1801111,esr,,Mobile & Gadgets,auto,3,True
momo,Mobile & Gadgets,15094859,ESR 億色,【ESR 億色】HaloLock 磁電空間系列 指環支架 2K605 贈引磁環,ESR,1801111,98,1.3 品牌欄完全相符,2026-09-21 14:58:17,ESR 億色,品牌欄,esr億色,esr,億色,1801111,esr,,Mobile & Gadgets,auto,3,True
momo,Mobile & Gadgets,15094860,ESR 億色,【ESR 億色】iPhone17系列 康寧原廠授權 高清保護貼1片裝 贈除塵秒貼書本盒,ESR,1801111,98,1.3 品牌欄完全相符,2026-09-21 14:58:17,ESR 億色,品牌欄,esr億色,esr,億色,1801111,esr,,Mobile & Gadgets,auto,3,True
momo,Mobile & Gadgets,15118990,ESR 億色,【ESR 億色】三星 S26 Ultra殼膜2件組-磁吸巧匯防摔手機殼+特級高清螢幕膜2片,ESR,1801111,98,1.3 品牌欄完全相符,2026-09-21 14:58:17,ESR 億色,品牌欄,esr億色,esr,億色,1801111,esr,,Mobile & Gadgets,auto,3,True
momo,Mobile & Gadgets,15118992,ESR 億色,【ESR 億色】iPhone 17 系列殼膜3件組-鐵甲鏡頭支架防摔殼+特級高清保護貼3片+鏡頭膜,ESR,1801111,98,1.3 品牌欄完全相符,2026-09-21 14:58:17,ESR 億色,品牌欄,esr億色,esr,億色,1801111,esr,,Mobile & Gadgets,auto,3,True
momo,Mobile & Gadgets,15118993,ESR 億色,【ESR 億色】iPhone 17 系列殼膜3件組-悅色鏡頭支架防摔手機殼+特級高清保護貼3片+鏡頭膜,ESR,1801111,98,1.3 品牌欄完全相符,2026-09-21 14:58:17,ESR 億色,品牌欄,esr億色,esr,億色,1801111,esr,,Mobile & Gadgets,auto,3,True
momo,Mobile & Gadgets,15118994,ESR 億色,【ESR 億色】iPhone 17 系列殼膜3件組-鐵甲鏡頭支架防摔殼+康寧原廠授權螢幕膜1片+鏡頭膜,ESR,1801111,98,1.3 品牌欄完全相符,2026-09-21 14:58:17,ESR 億色,品牌欄,esr億色,esr,億色,1801111,esr,,Mobile & Gadgets,auto,3,True
momo,Mobile & Gadgets,15118995,ESR 億色,【ESR 億色】iPhone 17 系列殼膜3件組-悅色鏡頭支架防摔手機殼+康寧原廠授權螢幕膜1片+鏡頭膜,ESR,1801111,98,1.3 品牌欄完全相符,2026-09-21 14:58:17,ESR 億色,品牌欄,esr億色,esr,億色,1801111,esr,,Mobile & Gadgets,auto,3,True
momo,Mobile & Gadgets,15119001,ESR 億色,【ESR 億色】iPad mini 6/mini 7殼膜組-優觸巧拼平板保護套+高清鋼化保護貼2片,ESR,1801111,98,1.3 品牌欄完全相符,2026-09-21 14:58:17,ESR 億色,品牌欄,esr億色,esr,億色,1801111,esr,,Mobile & Gadgets,auto,3,True
momo,Mobile & Gadgets,15119002,ESR 億色,【ESR 億色】iPad mini 6/mini 7殼膜組-巧匯平板保護套+高清鋼化保護貼2片,ESR,1801111,98,1.3 品牌欄完全相符,2026-09-21 14:58:17,ESR 億色,品牌欄,esr億色,esr,億色,1801111,esr,,Mobile & Gadgets,auto,3,True
momo,Mobile & Gadgets,15119004,ESR 億色,【ESR 億色】iPad Pro 11吋 M5/M4 殼膜組-優觸巧拼平板保護套+高清鋼化保護貼2片,ESR,1801111,98,1.3 品牌欄完全相符,2026-09-21 14:58:17,ESR 億色,品牌欄,esr億色,esr,億色,1801111,esr,,Mobile & Gadgets,auto,3,True
momo,Mobile & Gadgets,15119005,ESR 億色,【ESR 億色】iPad Pro 13吋 M5/M4 殼膜組-巧置筆槽平板保護套+高清鋼化保護貼2片,ESR,1801111,98,1.3 品牌欄完全相符,2026-09-21 14:58:17,ESR 億色,品牌欄,esr億色,esr,億色,1801111,esr,,Mobile & Gadgets,auto,3,True
momo,Mobile & Gadgets,15119006,ESR 億色,【ESR 億色】iPad 10/11殼膜組-巧置筆槽平板保護套+高清鋼化保護貼2片,ESR,1801111,98,1.3 品牌欄完全相符,2026-09-21 14:58:17,ESR 億色,品牌欄,esr億色,esr,億色,1801111,esr,,Mobile & Gadgets,auto,3,True
momo,Mobile & Gadgets,15119008,ESR 億色,【ESR 億色】iPad 10/11殼膜組-巧置平板保護套+高清鋼化保護貼2片,ESR,1801111,98,1.3 品牌欄完全相符,2026-09-21 14:58:17,ESR 億色,品牌欄,esr億色,esr,億色,1801111,esr,,Mobile & Gadgets,auto,3,True
momo,Mobile & Gadgets,15119009,ESR 億色,【ESR 億色】iPad Pro 11吋 M5/M4 殼膜組-巧置筆槽平板保護套+高清鋼化保護貼2片,ESR,1801111,98,1.3 品牌欄完全相符,2026-09-21 14:58:17,ESR 億色,品牌欄,esr億色,esr,億色,1801111,esr,,Mobile & Gadgets,auto,3,True
momo,Mobile & Gadgets,15119161,ESR 億色,【ESR 億色】三星 S26 Ultra殼膜2件組-磁吸巧匯防摔手機殼+康寧原廠授權螢幕膜1片,ESR,1801111,98,1.3 品牌欄完全相符,2026-09-21 14:58:17,ESR 億色,品牌欄,esr億色,esr,億色,1801111,esr,,Mobile & Gadgets,auto,3,True
momo,Mobile & Gadgets,15121633,ESR 億色,【ESR 億色】iPad Air 11吋 M4/M3/M2 殼膜組-巧置筆槽平板保護套+7倍防護鋼化膜2片,ESR,1801111,98,1.3 品牌欄完全相符,2026-09-21 14:58:17,ESR 億色,品牌欄,esr億色,esr,億色,1801111,esr,,Mobile & Gadgets,auto,3,True
momo,Mobile & Gadgets,15121634,ESR 億色,【ESR 億色】iPad Air 11吋 M4/M3/M2 殼膜組-巧置筆槽平板保護套+3倍防護書寫類紙膜2片,ESR,1801111,98,1.3 品牌欄完全相符,2026-09-21 14:58:17,ESR 億色,品牌欄,esr億色,esr,億色,1801111,esr,,Mobile & Gadgets,auto,3,True
momo,Mobile & Gadgets,15121635,ESR 億色,【ESR 億色】iPad Air 11吋 M4/M3/M2 殼膜組-眾置雙用款平板保護套+3倍防護書寫類紙膜2片,ESR,1801111,98,1.3 品牌欄完全相符,2026-09-21 14:58:17,ESR 億色,品牌欄,esr億色,esr,億色,1801111,esr,,Mobile & Gadgets,auto,3,True
momo,Mobile & Gadgets,15121637,ESR 億色,【ESR 億色】iPad Air 13吋 M4/M3/M2 殼膜組-優觸巧拼平板保護套+7倍防護鋼化膜2片,ESR,1801111,98,1.3 品牌欄完全相符,2026-09-21 14:58:17,ESR 億色,品牌欄,esr億色,esr,億色,1801111,esr,,Mobile & Gadgets,auto,3,True
momo,Mobile & Gadgets,15121638,ESR 億色,【ESR 億色】iPad Air 13吋 M4/M3/M2 殼膜組-眾置雙用款平板保護套+7倍防護鋼化膜2片,ESR,1801111,98,1.3 品牌欄完全相符,2026-09-21 14:58:17,ESR 億色,品牌欄,esr億色,esr,億色,1801111,esr,,Mobile & Gadgets,auto,3,True
momo,Mobile & Gadgets,15121639,ESR 億色,【ESR 億色】iPad Air 13吋 M4/M3/M2 殼膜組-巧置筆槽平板保護套+7倍防護鋼化膜2片,ESR,1801111,98,1.3 品牌欄完全相符,2026-09-21 14:58:17,ESR 億色,品牌欄,esr億色,esr,億色,1801111,esr,,Mobile & Gadgets,auto,3,True
momo,Mobile & Gadgets,15121640,ESR 億色,【ESR 億色】iPad Air 11吋 M4/M3/M2 殼膜組-眾置雙用款平板保護套+7倍防護鋼化膜2片,ESR,1801111,98,1.3 品牌欄完全相符,2026-09-21 14:58:17,ESR 億色,品牌欄,esr億色,esr,億色,1801111,esr,,Mobile & Gadgets,auto,3,True
momo,Mobile & Gadgets,15124540,ESR 億色,【ESR 億色】iPad Pro 11吋 M5/M4 殼膜組-優觸雙面夾平板保護套+高清鋼化保護貼2片,ESR,1801111,98,1.3 品牌欄完全相符,2026-09-21 14:58:17,ESR 億色,品牌欄,esr億色,esr,億色,1801111,esr,,Mobile & Gadgets,auto,3,True
momo,Mobile & Gadgets,15124550,ESR 億色,【ESR 億色】iPad Pro 13吋 M5/M4 殼膜組-優觸雙面夾平板保護套+高清鋼化保護貼2片,ESR,1801111,98,1.3 品牌欄完全相符,2026-09-21 14:58:17,ESR 億色,品牌欄,esr億色,esr,億色,1801111,esr,,Mobile & Gadgets,auto,3,True
momo,Mobile & Gadgets,15126094,ESR 億色,【ESR 億色】iPad 10/11殼膜組-巧匯平板保護套+高清鋼化保護貼2片,ESR,1801111,98,1.3 品牌欄完全相符,2026-09-21 14:58:17,ESR 億色,品牌欄,esr億色,esr,億色,1801111,esr,,Mobile & Gadgets,auto,3,True
momo,Mobile & Gadgets,15126096,ESR 億色,【ESR 億色】iPad Pro 13吋 M5/M4 殼膜組-巧匯平板保護套+高清鋼化保護貼2片,ESR,1801111,98,1.3 品牌欄完全相符,2026-09-21 14:58:17,ESR 億色,品牌欄,esr億色,esr,億色,1801111,esr,,Mobile & Gadgets,auto,3,True
momo,Mobile & Gadgets,15126097,ESR 億色,【ESR 億色】iPad Pro 11吋 M5/M4 殼膜組-巧匯平板保護套+高清鋼化保護貼2片,ESR,1801111,98,1.3 品牌欄完全相符,2026-09-21 14:58:17,ESR 億色,品牌欄,esr億色,esr,億色,1801111,esr,,Mobile & Gadgets,auto,3,True
momo,Mobile & Gadgets,15126098,ESR 億色,【ESR 億色】iPad Air 11吋 M4/M3/M2 殼膜組-零感平板保護套+高清鋼化保護貼2片,ESR,1801111,98,1.3 品牌欄完全相符,2026-09-21 14:58:17,ESR 億色,品牌欄,esr億色,esr,億色,1801111,esr,,Mobile & Gadgets,auto,3,True
momo,Mobile & Gadgets,15126099,ESR 億色,【ESR 億色】iPad Air 11吋 M4/M3/M2 殼膜組-零感平板保護套+7倍防護鋼化膜2片,ESR,1801111,98,1.3 品牌欄完全相符,2026-09-21 14:58:17,ESR 億色,品牌欄,esr億色,esr,億色,1801111,esr,,Mobile & Gadgets,auto,3,True
momo,Mobile & Gadgets,15126101,ESR 億色,【ESR 億色】iPad Air 13吋 M4/M3/M2 殼膜組-巧匯平板保護套+7倍防護鋼化膜2片,ESR,1801111,98,1.3 品牌欄完全相符,2026-09-21 14:58:17,ESR 億色,品牌欄,esr億色,esr,億色,1801111,esr,,Mobile & Gadgets,auto,3,True
momo,Mobile & Gadgets,15126103,ESR 億色,【ESR 億色】iPad Air 11吋 M4/M3/M2 殼膜組-零感平板保護套+3倍防護書寫類紙膜2片,ESR,1801111,98,1.3 品牌欄完全相符,2026-09-21 14:58:17,ESR 億色,品牌欄,esr億色,esr,億色,1801111,esr,,Mobile & Gadgets,auto,3,True
momo,Mobile & Gadgets,15126105,ESR 億色,【ESR 億色】iPad Air 11吋 M4/M3/M2 殼膜組-零感平板保護套+5倍防護書寫類紙膜2片,ESR,1801111,98,1.3 品牌欄完全相符,2026-09-21 14:58:17,ESR 億色,品牌欄,esr億色,esr,億色,1801111,esr,,Mobile & Gadgets,auto,3,True
momo,Mobile & Gadgets,15126108,ESR 億色,【ESR 億色】iPad Air 11吋 M4/M3/M2 殼膜組-巧置筆槽平板保護套+5倍防護書寫類紙膜2片,ESR,1801111,98,1.3 品牌欄完全相符,2026-09-21 14:58:17,ESR 億色,品牌欄,esr億色,esr,億色,1801111,esr,,Mobile & Gadgets,auto,3,True
momo,Mobile & Gadgets,15126109,ESR 億色,【ESR 億色】iPad Air 11吋 M4/M3/M2 殼膜組-眾置雙用款平板保護套+5倍防護書寫類紙膜2片,ESR,1801111,98,1.3 品牌欄完全相符,2026-09-21 14:58:17,ESR 億色,品牌欄,esr億色,esr,億色,1801111,esr,,Mobile & Gadgets,auto,3,True
momo,Mobile & Gadgets,15126110,ESR 億色,【ESR 億色】iPad Air 13吋 M4/M3/M2 殼膜組-巧匯平板保護套+3倍防護書寫類紙膜2片,ESR,1801111,98,1.3 品牌欄完全相符,2026-09-21 14:58:17,ESR 億色,品牌欄,esr億色,esr,億色,1801111,esr,,Mobile & Gadgets,auto,3,True
momo,Mobile & Gadgets,15126111,ESR 億色,【ESR 億色】iPad Air 13吋 M4/M3/M2 殼膜組-巧置筆槽平板保護套+3倍防護書寫類紙膜2片,ESR,1801111,98,1.3 品牌欄完全相符,2026-09-21 14:58:17,ESR 億色,品牌欄,esr億色,esr,億色,1801111,esr,,Mobile & Gadgets,auto,3,True
momo,Mobile & Gadgets,15126112,ESR 億色,【ESR 億色】iPad Air 13吋 M4/M3/M2 殼膜組-眾置雙用款平板保護套+3倍防護書寫類紙膜2片,ESR,1801111,98,1.3 品牌欄完全相符,2026-09-21 14:58:17,ESR 億色,品牌欄,esr億色,esr,億色,1801111,esr,,Mobile & Gadgets,auto,3,True
momo,Mobile & Gadgets,15126113,ESR 億色,【ESR 億色】iPad Air 13吋 M4/M3/M2 殼膜組-優觸巧拼平板保護套+3倍防護書寫類紙膜2片,ESR,1801111,98,1.3 品牌欄完全相符,2026-09-21 14:58:17,ESR 億色,品牌欄,esr億色,esr,億色,1801111,esr,,Mobile & Gadgets,auto,3,True
momo,Mobile & Gadgets,15126115,ESR 億色,【ESR 億色】iPad Air 13吋 M4/M3/M2 殼膜組-巧匯平板保護套+5倍防護書寫類紙膜2片,ESR,1801111,98,1.3 品牌欄完全相符,2026-09-21 14:58:17,ESR 億色,品牌欄,esr億色,esr,億色,1801111,esr,,Mobile & Gadgets,auto,3,True
momo,Mobile & Gadgets,15126116,ESR 億色,【ESR 億色】iPad Air 13吋 M4/M3/M2 殼膜組-巧置筆槽平板保護套+5倍防護書寫類紙膜2片,ESR,1801111,98,1.3 品牌欄完全相符,2026-09-21 14:58:17,ESR 億色,品牌欄,esr億色,esr,億色,1801111,esr,,Mobile & Gadgets,auto,3,True
momo,Mobile & Gadgets,15126117,ESR 億色,【ESR 億色】iPad Air 13吋 M4/M3/M2 殼膜組-眾置雙用款平板保護套+5倍防護書寫類紙膜2片,ESR,1801111,98,1.3 品牌欄完全相符,2026-09-21 14:58:17,ESR 億色,品牌欄,esr億色,esr,億色,1801111,esr,,Mobile & Gadgets,auto,3,True
momo,Mobile & Gadgets,15126118,ESR 億色,【ESR 億色】iPad Air 13吋 M4/M3/M2 殼膜組-優觸巧拼平板保護套+5倍防護書寫類紙膜2片,ESR,1801111,98,1.3 品牌欄完全相符,2026-09-21 14:58:17,ESR 億色,品牌欄,esr億色,esr,億色,1801111,esr,,Mobile & Gadgets,auto,3,True
momo,Mobile & Gadgets,15126120,ESR 億色,【ESR 億色】iPhone Air殼膜2件組-巧匯鏡頭支架防摔殼+特級高清保護貼3片,ESR,1801111,98,1.3 品牌欄完全相符,2026-09-21 14:58:17,ESR 億色,品牌欄,esr億色,esr,億色,1801111,esr,,Mobile & Gadgets,auto,3,True
momo,Mobile & Gadgets,15126121,ESR 億色,【ESR 億色】iPhone Air殼膜2件組-磁吸巧匯防摔手機殼+特級高清保護貼3片,ESR,1801111,98,1.3 品牌欄完全相符,2026-09-21 14:58:17,ESR 億色,品牌欄,esr億色,esr,億色,1801111,esr,,Mobile & Gadgets,auto,3,True
momo,Mobile & Gadgets,15128822,ESR 億色,【ESR 億色】三星 S26 Ultra殼膜2件組-磁吸巧匯防摔手機殼+特級防窺螢幕膜1片,ESR,1801111,98,1.3 品牌欄完全相符,2026-09-21 14:58:17,ESR 億色,品牌欄,esr億色,esr,億色,1801111,esr,,Mobile & Gadgets,auto,3,True
momo,Mobile & Gadgets,15128824,ESR 億色,【ESR 億色】三星 S25 Ultra殼膜3件組-磁吸巧匯防摔手機殼+高清鋼化膜3片+鏡頭膜,ESR,1801111,98,1.3 品牌欄完全相符,2026-09-21 14:58:17,ESR 億色,品牌欄,esr億色,esr,億色,1801111,esr,,Mobile & Gadgets,auto,3,True
momo,Mobile & Gadgets,15128827,ESR 億色,【ESR 億色】iPhone 17 Pro殼膜3件組-磁吸巧匯防摔手機殼+康寧原廠授權螢幕膜1片+鏡頭膜,ESR,1801111,98,1.3 品牌欄完全相符,2026-09-21 14:58:17,ESR 億色,品牌欄,esr億色,esr,億色,1801111,esr,,Mobile & Gadgets,auto,3,True
momo,Mobile & Gadgets,15138863,ESR 億色,【ESR 億色】iPhone 17e/16e殼膜2件組-磁吸巧匯防摔殼+特級鋼化保護貼3片,ESR,1801111,98,1.3 品牌欄完全相符,2026-09-21 14:58:17,ESR 億色,品牌欄,esr億色,esr,億色,1801111,esr,,Mobile & Gadgets,auto,3,True
momo,Mobile & Gadgets,15138864,ESR 億色,【ESR 億色】iPhone 17e/16e殼膜2件組-磁吸巧匯防摔殼+高清鋼化保護貼3片,ESR,1801111,98,1.3 品牌欄完全相符,2026-09-21 14:58:17,ESR 億色,品牌欄,esr億色,esr,億色,1801111,esr,,Mobile & Gadgets,auto,3,True
momo,Mobile & Gadgets,15138865,ESR 億色,【ESR 億色】iPad Air 11吋 M4/M3/M2 殼膜組-眾置雙用款保護殼+高清鋼化保護貼2片,ESR,1801111,98,1.3 品牌欄完全相符,2026-09-21 14:58:17,ESR 億色,品牌欄,esr億色,esr,億色,1801111,esr,,Mobile & Gadgets,auto,3,True
momo,Mobile & Gadgets,15138866,ESR 億色,【ESR 億色】iPad Pro 11吋 M5/M4 殼膜組-眾置雙用款保護殼+高清鋼化保護貼2片,ESR,1801111,98,1.3 品牌欄完全相符,2026-09-21 14:58:17,ESR 億色,品牌欄,esr億色,esr,億色,1801111,esr,,Mobile & Gadgets,auto,3,True
momo,Mobile & Gadgets,15167252,ESR 億色,【ESR 億色】iPad 11/10殼膜組-巧匯平板保護套+3倍防護書寫類紙膜2片,ESR,1801111,98,1.3 品牌欄完全相符,2026-09-21 14:58:17,ESR 億色,品牌欄,esr億色,esr,億色,1801111,esr,,Mobile & Gadgets,auto,3,True
momo,Mobile & Gadgets,15167253,ESR 億色,【ESR 億色】iPad 11/10殼膜組-巧置筆槽平板保護套+3倍防護書寫類紙膜2片,ESR,1801111,98,1.3 品牌欄完全相符,2026-09-21 14:58:17,ESR 億色,品牌欄,esr億色,esr,億色,1801111,esr,,Mobile & Gadgets,auto,3,True
momo,Mobile & Gadgets,15167254,ESR 億色,【ESR 億色】iPad 11/10殼膜組-巧置平板保護套+3倍防護書寫類紙膜2片,ESR,1801111,98,1.3 品牌欄完全相符,2026-09-21 14:58:17,ESR 億色,品牌欄,esr億色,esr,億色,1801111,esr,,Mobile & Gadgets,auto,3,True
momo,Mobile & Gadgets,15167256,ESR 億色,【ESR 億色】iPad 11/10殼膜組-巧匯平板保護套+7倍防護鋼化膜2片,ESR,1801111,98,1.3 品牌欄完全相符,2026-09-21 14:58:17,ESR 億色,品牌欄,esr億色,esr,億色,1801111,esr,,Mobile & Gadgets,auto,3,True
momo,Mobile & Gadgets,15167257,ESR 億色,【ESR 億色】iPad 11/10殼膜組-巧置筆槽平板保護套+7倍防護鋼化膜2片,ESR,1801111,98,1.3 品牌欄完全相符,2026-09-21 14:58:17,ESR 億色,品牌欄,esr億色,esr,億色,1801111,esr,,Mobile & Gadgets,auto,3,True
momo,Mobile & Gadgets,15167258,ESR 億色,【ESR 億色】iPad 11/10殼膜組-巧置平板保護套+7倍防護鋼化膜2片,ESR,1801111,98,1.3 品牌欄完全相符,2026-09-21 14:58:17,ESR 億色,品牌欄,esr億色,esr,億色,1801111,esr,,Mobile & Gadgets,auto,3,True
momo,Mobile & Gadgets,15167260,ESR 億色,【ESR 億色】iPad 11/10殼膜組-巧匯平板保護套+5倍防護書寫類紙膜2片,ESR,1801111,98,1.3 品牌欄完全相符,2026-09-21 14:58:17,ESR 億色,品牌欄,esr億色,esr,億色,1801111,esr,,Mobile & Gadgets,auto,3,True
momo,Mobile & Gadgets,15167261,ESR 億色,【ESR 億色】iPad 11/10殼膜組-巧置筆槽平板保護套+5倍防護書寫類紙膜2片,ESR,1801111,98,1.3 品牌欄完全相符,2026-09-21 14:58:17,ESR 億色,品牌欄,esr億色,esr,億色,1801111,esr,,Mobile & Gadgets,auto,3,True
momo,Mobile & Gadgets,15167262,ESR 億色,【ESR 億色】iPad 11/10殼膜組-巧置平板保護套+5倍防護書寫類紙膜2片,ESR,1801111,98,1.3 品牌欄完全相符,2026-09-21 14:58:17,ESR 億色,品牌欄,esr億色,esr,億色,1801111,esr,,Mobile & Gadgets,auto,3,True
momo,Mobile & Gadgets,15200362,ESR 億色,【ESR 億色】Airpods Pro 3 靈護系列 耳機保護套(支援MagSafe),ESR,1801111,98,1.3 品牌欄完全相符,2026-09-21 14:58:17,ESR 億色,品牌欄,esr億色,esr,億色,1801111,esr,,Mobile & Gadgets,auto,3,True
momo,Mobile & Gadgets,15200364,ESR 億色,【ESR 億色】AirPods 4 HaloLock磁電空間 靈盾系列 耳機保護套,ESR,1801111,98,1.3 品牌欄完全相符,2026-09-21 14:58:17,ESR 億色,品牌欄,esr億色,esr,億色,1801111,esr,,Mobile & Gadgets,auto,3,True
momo,Mobile & Gadgets,15200366,ESR 億色,【ESR 億色】AirPods 4 HaloLock磁電空間 鐵甲系列 耳機保護套,ESR,1801111,98,1.3 品牌欄完全相符,2026-09-21 14:58:17,ESR 億色,品牌欄,esr億色,esr,億色,1801111,esr,,Mobile & Gadgets,auto,3,True
momo,Mobile & Gadgets,15200368,ESR 億色,【ESR 億色】AirPods 4 HaloLock磁電空間 鐵甲安全鎖 耳機保護套,ESR,1801111,98,1.3 品牌欄完全相符,2026-09-21 14:58:17,ESR 億色,品牌欄,esr億色,esr,億色,1801111,esr,,Mobile & Gadgets,auto,3,True
momo,Mobile & Gadgets,15200371,ESR 億色,【ESR 億色】AirPods 4 HaloLock磁電空間 靈護安全鎖 耳機保護套,ESR,1801111,98,1.3 品牌欄完全相符,2026-09-21 14:58:17,ESR 億色,品牌欄,esr億色,esr,億色,1801111,esr,,Mobile & Gadgets,auto,3,True
momo,Mobile & Gadgets,15203618,ESR 億色,【ESR 億色】iPhone 17殼膜3件組-磁吸巧匯防摔殼+特級高清保護貼3片+鏡頭膜,ESR,1801111,98,1.3 品牌欄完全相符,2026-09-21 14:58:17,ESR 億色,品牌欄,esr億色,esr,億色,1801111,esr,,Mobile & Gadgets,auto,3,True
momo,Mobile & Gadgets,15203619,ESR 億色,【ESR 億色】iPhone 17 Pro Max殼膜3件組-磁吸巧匯防摔殼+特級高清保護貼3片+鏡頭膜,ESR,1801111,98,1.3 品牌欄完全相符,2026-09-21 14:58:17,ESR 億色,品牌欄,esr億色,esr,億色,1801111,esr,,Mobile & Gadgets,auto,3,True
momo,Mobile & Gadgets,15203620,ESR 億色,【ESR 億色】iPhone 17殼膜3件組-巧匯鏡頭支架防摔殼+特級高清保護貼3片+鏡頭膜,ESR,1801111,98,1.3 品牌欄完全相符,2026-09-21 14:58:17,ESR 億色,品牌欄,esr億色,esr,億色,1801111,esr,,Mobile & Gadgets,auto,3,True
momo,Mobile & Gadgets,15203621,ESR 億色,【ESR 億色】iPhone 17 Pro殼膜3件組-巧匯鏡頭支架防摔殼+特級高清保護貼3片+鏡頭膜,ESR,1801111,98,1.3 品牌欄完全相符,2026-09-21 14:58:17,ESR 億色,品牌欄,esr億色,esr,億色,1801111,esr,,Mobile & Gadgets,auto,3,True
momo,Mobile & Gadgets,15203622,ESR 億色,【ESR 億色】iPhone 17 Pro Max殼膜3件組-巧匯鏡頭支架防摔殼+特級高清保護貼3片+鏡頭膜,ESR,1801111,98,1.3 品牌欄完全相符,2026-09-21 14:58:17,ESR 億色,品牌欄,esr億色,esr,億色,1801111,esr,,Mobile & Gadgets,auto,3,True
momo,Mobile & Gadgets,15203623,ESR 億色,【ESR 億色】iPad Air 11吋 M4/M3/M2 殼膜組-優觸巧拼保護殼+高清鋼化保護貼2片,ESR,1801111,98,1.3 品牌欄完全相符,2026-09-21 14:58:17,ESR 億色,品牌欄,esr億色,esr,億色,1801111,esr,,Mobile & Gadgets,auto,3,True
momo,Mobile & Gadgets,15203626,ESR 億色,【ESR 億色】iPhone 17 Pro殼膜3件組-巧匯鏡頭支架防摔殼+康寧原廠授權螢幕膜1片+鏡頭膜,ESR,1801111,98,1.3 品牌欄完全相符,2026-09-21 14:58:17,ESR 億色,品牌欄,esr億色,esr,億色,1801111,esr,,Mobile & Gadgets,auto,3,True
momo,Mobile & Gadgets,15203627,ESR 億色,【ESR 億色】iPad Air 13吋 M4/M3/M2 殼膜組-巧置筆槽保護殼+高清鋼化保護貼2片,ESR,1801111,98,1.3 品牌欄完全相符,2026-09-21 14:58:17,ESR 億色,品牌欄,esr億色,esr,億色,1801111,esr,,Mobile & Gadgets,auto,3,True
momo,Mobile & Gadgets,15203629,ESR 億色,【ESR 億色】iPad Air 11吋 M4/M3/M2 殼膜組-優觸巧拼平板保護套+7倍防護鋼化膜2片,ESR,1801111,98,1.3 品牌欄完全相符,2026-09-21 14:58:17,ESR 億色,品牌欄,esr億色,esr,億色,1801111,esr,,Mobile & Gadgets,auto,3,True
momo,Mobile & Gadgets,15203631,ESR 億色,【ESR 億色】iPad Air 11吋 M4/M3/M2 殼膜組-優觸巧拼平板保護套+5倍防護書寫類紙膜2片,ESR,1801111,98,1.3 品牌欄完全相符,2026-09-21 14:58:17,ESR 億色,品牌欄,esr億色,esr,億色,1801111,esr,,Mobile & Gadgets,auto,3,True
momo,Mobile & Gadgets,15203633,ESR 億色,【ESR 億色】iPad Air 11吋 M4/M3/M2 殼膜組-優觸巧拼平板保護套+3倍防護書寫類紙膜2片,ESR,1801111,98,1.3 品牌欄完全相符,2026-09-21 14:58:17,ESR 億色,品牌欄,esr億色,esr,億色,1801111,esr,,Mobile & Gadgets,auto,3,True
momo,Mobile & Gadgets,15203636,ESR 億色,【ESR 億色】iPad Air 13吋 M4/M3/M2 殼膜組-優觸巧拼保護殼+高清鋼化保護貼2片,ESR,1801111,98,1.3 品牌欄完全相符,2026-09-21 14:58:17,ESR 億色,品牌欄,esr億色,esr,億色,1801111,esr,,Mobile & Gadgets,auto,3,True
momo,Mobile & Gadgets,15203638,ESR 億色,【ESR 億色】iPad Air 13吋 M4/M3/M2 殼膜組-眾置雙用款保護殼+高清鋼化保護貼2片,ESR,1801111,98,1.3 品牌欄完全相符,2026-09-21 14:58:17,ESR 億色,品牌欄,esr億色,esr,億色,1801111,esr,,Mobile & Gadgets,auto,3,True
momo,Mobile & Gadgets,15203639,ESR 億色,【ESR 億色】iPhone 17 Pro Max殼膜3件組-巧匯鏡頭支架防摔殼+康寧原廠授權螢幕膜1片+鏡頭膜,ESR,1801111,98,1.3 品牌欄完全相符,2026-09-21 14:58:17,ESR 億色,品牌欄,esr億色,esr,億色,1801111,esr,,Mobile & Gadgets,auto,3,True
momo,Mobile & Gadgets,15204373,ESR 億色,【ESR 億色】iPhone 17 Pro Max殼膜3件組-磁吸巧匯防摔手機殼+康寧原廠授權螢幕膜1片+鏡頭膜,ESR,1801111,98,1.3 品牌欄完全相符,2026-09-21 14:58:17,ESR 億色,品牌欄,esr億色,esr,億色,1801111,esr,,Mobile & Gadgets,auto,3,True
momo,Mobile & Gadgets,15204374,ESR 億色,【ESR 億色】iPad Air 13吋 M4/M3/M2 殼膜組-巧匯平板保護套+高清鋼化保護貼2片,ESR,1801111,98,1.3 品牌欄完全相符,2026-09-21 14:58:17,ESR 億色,品牌欄,esr億色,esr,億色,1801111,esr,,Mobile & Gadgets,auto,3,True
momo,Mobile & Gadgets,15213802,ESR 億色,【ESR 億色】iPhone 17 系列 磁吸巧匯系列按鍵款 鏡頭支架 手機保護殼,ESR,1801111,98,1.3 品牌欄完全相符,2026-09-21 14:58:17,ESR 億色,品牌欄,esr億色,esr,億色,1801111,esr,,Mobile & Gadgets,auto,3,True
momo,Mobile & Gadgets,15266872,ESR 億色,【ESR 億色】三星 S26 Ultra殼膜4件組-磁吸巧匯防摔手機殼2入+康寧原廠授權螢幕膜2片,ESR,1801111,98,1.3 品牌欄完全相符,2026-09-21 14:58:17,ESR 億色,品牌欄,esr億色,esr,億色,1801111,esr,,Mobile & Gadgets,auto,3,True
momo,Mobile & Gadgets,15266874,ESR 億色,【ESR 億色】iPhone 17 Pro Max殼膜4件組-磁吸巧匯防摔手機殼2入+康寧原廠授權螢幕膜2片,ESR,1801111,98,1.3 品牌欄完全相符,2026-09-21 14:58:17,ESR 億色,品牌欄,esr億色,esr,億色,1801111,esr,,Mobile & Gadgets,auto,3,True
momo,Mobile & Gadgets,15266875,ESR 億色,【ESR 億色】iPhone 17 Pro殼膜4件組-磁吸巧匯防摔手機殼2入+康寧原廠授權螢幕膜2片,ESR,1801111,98,1.3 品牌欄完全相符,2026-09-21 14:58:17,ESR 億色,品牌欄,esr億色,esr,億色,1801111,esr,,Mobile & Gadgets,auto,3,True
momo,Mobile & Gadgets,15307717,PQI 勁永,【PQI 勁永】100W GaN 智慧數顯四孔快速充電器,pqi,1107508,98,1.3 品牌欄完全相符,2026-09-21 14:58:17,PQI 勁永,品牌欄,pqi勁永,pqi,勁永,1107508,pqi,,Mobile & Gadgets,auto,3,True
momo,Mobile & Gadgets,15343866,ESR 億色,【ESR 億色】iPhone 17 系列殼膜3件組-巧匯鏡頭支架防摔殼+特級高清保護貼3片+鏡頭膜,ESR,1801111,98,1.3 品牌欄完全相符,2026-09-21 14:58:17,ESR 億色,品牌欄,esr億色,esr,億色,1801111,esr,,Mobile & Gadgets,auto,3,True
momo,Mobile & Gadgets,15343867,ESR 億色,【ESR 億色】iPhone 17 系列殼膜3件組-巧匯鏡頭支架防摔殼+康寧原廠授權螢幕膜1片+鏡頭膜,ESR,1801111,98,1.3 品牌欄完全相符,2026-09-21 14:58:17,ESR 億色,品牌欄,esr億色,esr,億色,1801111,esr,,Mobile & Gadgets,auto,3,True
momo,Mobile & Gadgets,15350025,PQI 勁永,【PQI 勁永】qCable C100 USB-C to C 100 60W傳輸線,pqi,1107508,98,1.3 品牌欄完全相符,2026-09-21 14:58:17,PQI 勁永,品牌欄,pqi勁永,pqi,勁永,1107508,pqi,,Mobile & Gadgets,auto,3,True
momo,Mobile & Gadgets,15364440,PQI 勁永,【PQI 勁永】BT12 耳掛式真無線耳機,pqi,1107508,98,1.3 品牌欄完全相符,2026-09-21 14:58:17,PQI 勁永,品牌欄,pqi勁永,pqi,勁永,1107508,pqi,,Mobile & Gadgets,auto,3,True
momo,Mobile & Gadgets,15373588,PQI 勁永,【PQI 勁永】AI翻譯藍牙耳機(BTT01),pqi,1107508,98,1.3 品牌欄完全相符,2026-09-21 14:58:17,PQI 勁永,品牌欄,pqi勁永,pqi,勁永,1107508,pqi,,Mobile & Gadgets,auto,3,True
momo,Mobile & Gadgets,15408825,GP 超霸,【GP 超霸】Power Plus碳鋅電池AAA 4號20粒裝(GP原廠販售),G.P,1119972,79,1.4 品牌欄相符（品牌庫有重複，取業績最高）,2026-09-21 14:58:17,GP 超霸,品牌欄,gp超霸,gp,超霸,1119972,gp,,Shoes,,2,True
momo,Mobile & Gadgets,15408827,GP 超霸,【GP 超霸】Power Plus碳鋅電池AA 3號20粒裝(GP原廠販售),G.P,1119972,79,1.4 品牌欄相符（品牌庫有重複，取業績最高）,2026-09-21 14:58:17,GP 超霸,品牌欄,gp超霸,gp,超霸,1119972,gp,,Shoes,,2,True
momo,Mobile & Gadgets,15414048,ESR 億色,【ESR 億色】iPad Air 11吋 M4/M3/M2 殼膜組-優觸雙面夾平板保護套+7倍防護鋼化膜2片,ESR,1801111,98,1.3 品牌欄完全相符,2026-09-21 14:58:17,ESR 億色,品牌欄,esr億色,esr,億色,1801111,esr,,Mobile & Gadgets,auto,3,True
momo,Mobile & Gadgets,15414052,ESR 億色,【ESR 億色】iPad Air 11吋 M4/M3/M2 殼膜組-優觸雙面夾平板保護套+3倍防護書寫類紙膜2片,ESR,1801111,98,1.3 品牌欄完全相符,2026-09-21 14:58:17,ESR 億色,品牌欄,esr億色,esr,億色,1801111,esr,,Mobile & Gadgets,auto,3,True
momo,Mobile & Gadgets,15414054,ESR 億色,【ESR 億色】iPad Air 11吋 M4/M3/M2 殼膜組-優觸雙面夾平板保護套+5倍防護書寫類紙膜2片,ESR,1801111,98,1.3 品牌欄完全相符,2026-09-21 14:58:17,ESR 億色,品牌欄,esr億色,esr,億色,1801111,esr,,Mobile & Gadgets,auto,3,True
momo,Mobile & Gadgets,15414088,ESR 億色,【ESR 億色】iPad Air 11吋 M4/M3/M2 殼膜組-優觸雙面夾保護殼+高清鋼化保護貼2片,ESR,1801111,98,1.3 品牌欄完全相符,2026-09-21 14:58:17,ESR 億色,品牌欄,esr億色,esr,億色,1801111,esr,,Mobile & Gadgets,auto,3,True
momo,Mobile & Gadgets,15463820,ESR 億色,【ESR 億色】2024 iPad mini 7 8.3吋 康寧原廠授權高清膜保護貼1片裝 A2567/A2568/A2569(mini 6共用),ESR,1801111,98,1.3 品牌欄完全相符,2026-09-21 14:58:17,ESR 億色,品牌欄,esr億色,esr,億色,1801111,esr,,Mobile & Gadgets,auto,3,True
momo,Mobile & Gadgets,15466897,HTC 宏達電,【HTC 宏達電】A級福利品 U24 pro 5G 6.8吋(12GB/512GB),HTC,1147210,93,1.4 品牌欄相符（品牌庫有重複，取業績最高）,2026-09-21 14:58:17,HTC 宏達電,品牌欄,htc宏達電,htc,宏達電,1147210,htc,,Mobile & Gadgets,auto,3,True
momo,Mobile & Gadgets,15528044,GP 超霸,【GP 超霸】GP超霸高伏特電池23A 3入 電池專家(GP原廠販售),G.P,1119972,79,1.4 品牌欄相符（品牌庫有重複，取業績最高）,2026-09-21 14:58:17,GP 超霸,品牌欄,gp超霸,gp,超霸,1119972,gp,,Shoes,,2,True
momo,Mobile & Gadgets,15528045,GP 超霸,【GP 超霸】GP超霸鈕型鋰電池 CR1220 3入 電池專家(GP原廠販售),G.P,1119972,79,1.4 品牌欄相符（品牌庫有重複，取業績最高）,2026-09-21 14:58:17,GP 超霸,品牌欄,gp超霸,gp,超霸,1119972,gp,,Shoes,,2,True
momo,Mobile & Gadgets,15528046,GP 超霸,【GP 超霸】GP超霸鈕型鋰電池 CR1616 3入 電池專家(GP原廠販售),G.P,1119972,79,1.4 品牌欄相符（品牌庫有重複，取業績最高）,2026-09-21 14:58:17,GP 超霸,品牌欄,gp超霸,gp,超霸,1119972,gp,,Shoes,,2,True
momo,Mobile & Gadgets,15528047,GP 超霸,【GP 超霸】GP超霸鈕型鋰電池 CR1620 3入 電池專家(GP原廠販售),G.P,1119972,79,1.4 品牌欄相符（品牌庫有重複，取業績最高）,2026-09-21 14:58:17,GP 超霸,品牌欄,gp超霸,gp,超霸,1119972,gp,,Shoes,,2,True
momo,Mobile & Gadgets,15528048,GP 超霸,【GP 超霸】GP超霸鈕型鋰電池 CR1632 3入 電池專家(GP原廠販售),G.P,1119972,79,1.4 品牌欄相符（品牌庫有重複，取業績最高）,2026-09-21 14:58:17,GP 超霸,品牌欄,gp超霸,gp,超霸,1119972,gp,,Shoes,,2,True
momo,Mobile & Gadgets,15529834,HTC 宏達電,【HTC 宏達電】B級福利品 U24 Pro（12G/256G）,HTC,1147210,93,1.4 品牌欄相符（品牌庫有重複，取業績最高）,2026-09-21 14:58:17,HTC 宏達電,品牌欄,htc宏達電,htc,宏達電,1147210,htc,,Mobile & Gadgets,auto,3,True
momo,Mobile & Gadgets,15537708,GP 超霸,【GP 超霸】GP超霸高伏特電池27AF 10入 電池專家(GP原廠販售),G.P,1119972,79,1.4 品牌欄相符（品牌庫有重複，取業績最高）,2026-09-21 14:58:17,GP 超霸,品牌欄,gp超霸,gp,超霸,1119972,gp,,Shoes,,2,True
momo,Mobile & Gadgets,15556458,PQI 勁永,【PQI 勁永】100W GaN 智慧數顯四孔快速充電器(PDC100WS1),pqi,1107508,98,1.3 品牌欄完全相符,2026-09-21 14:58:17,PQI 勁永,品牌欄,pqi勁永,pqi,勁永,1107508,pqi,,Mobile & Gadgets,auto,3,True
momo,Mobile & Gadgets,15563609,GP 超霸,【GP 超霸】GP超霸鈕型鋰電池 CR2016 3入 電池專家(GP原廠販售),G.P,1119972,79,1.4 品牌欄相符（品牌庫有重複，取業績最高）,2026-09-21 14:58:17,GP 超霸,品牌欄,gp超霸,gp,超霸,1119972,gp,,Shoes,,2,True
momo,Mobile & Gadgets,15563610,GP 超霸,【GP 超霸】GP超霸鈕型鋰電池 CR2025 3入 電池專家(GP原廠販售),G.P,1119972,79,1.4 品牌欄相符（品牌庫有重複，取業績最高）,2026-09-21 14:58:17,GP 超霸,品牌欄,gp超霸,gp,超霸,1119972,gp,,Shoes,,2,True
momo,Mobile & Gadgets,15563611,GP 超霸,【GP 超霸】GP超霸鈕型鋰電池 CR2032 3入 電池專家(GP原廠販售),G.P,1119972,79,1.4 品牌欄相符（品牌庫有重複，取業績最高）,2026-09-21 14:58:17,GP 超霸,品牌欄,gp超霸,gp,超霸,1119972,gp,,Shoes,,2,True
momo,Mobile & Gadgets,15563612,GP 超霸,【GP 超霸】GP超霸鈕型鹼性電池186 LR43 2入X3組 共6入 電池專家(GP原廠販售),G.P,1119972,79,1.4 品牌欄相符（品牌庫有重複，取業績最高）,2026-09-21 14:58:17,GP 超霸,品牌欄,gp超霸,gp,超霸,1119972,gp,,Shoes,,2,True
momo,Mobile & Gadgets,15563613,GP 超霸,【GP 超霸】GP超霸鈕型鹼性電池192 LR41 2入X3組 共6入 電池專家(GP原廠販售),G.P,1119972,79,1.4 品牌欄相符（品牌庫有重複，取業績最高）,2026-09-21 14:58:17,GP 超霸,品牌欄,gp超霸,gp,超霸,1119972,gp,,Shoes,,2,True
momo,Mobile & Gadgets,15563614,GP 超霸,【GP 超霸】GP超霸鈕型鹼性電池A76 LR44 2入X3組 共6入 電池專家(GP原廠販售),G.P,1119972,79,1.4 品牌欄相符（品牌庫有重複，取業績最高）,2026-09-21 14:58:17,GP 超霸,品牌欄,gp超霸,gp,超霸,1119972,gp,,Shoes,,2,True
momo,Mobile & Gadgets,15577004,PQI 勁永,【PQI 勁永】AI 真無線降噪藍牙耳機 支援即時翻譯(BTT01),pqi,1107508,98,1.3 品牌欄完全相符,2026-09-21 14:58:17,PQI 勁永,品牌欄,pqi勁永,pqi,勁永,1107508,pqi,,Mobile & Gadgets,auto,3,True
momo,Mobile & Gadgets,15616802,GP 超霸,【GP 超霸】GP超霸 Charge&Save 650mAh 4號6粒鎳氫充電池(國際版收縮膜),G.P,1119972,79,1.4 品牌欄相符（品牌庫有重複，取業績最高）,2026-09-21 14:58:17,GP 超霸,品牌欄,gp超霸,gp,超霸,1119972,gp,,Shoes,,2,True
momo,Mobile & Gadgets,15616803,GP 超霸,【GP 超霸】GP超霸 Charge&Save 1300mAh 3號6粒鎳氫充電池(國際版收縮膜),G.P,1119972,79,1.4 品牌欄相符（品牌庫有重複，取業績最高）,2026-09-21 14:58:17,GP 超霸,品牌欄,gp超霸,gp,超霸,1119972,gp,,Shoes,,2,True
momo,Mobile & Gadgets,15616804,GP 超霸,【GP 超霸】GP超霸 Charge&Save E421 4槽鎳氫電池充電器(紙盒裝),G.P,1119972,79,1.4 品牌欄相符（品牌庫有重複，取業績最高）,2026-09-21 14:58:17,GP 超霸,品牌欄,gp超霸,gp,超霸,1119972,gp,,Shoes,,2,True
momo,Mobile & Gadgets,5593476,JS 淇譽,【JS 淇譽】高級立體音源傳輸線-3.5mm公對RCA公(PGA720BR),JS 淇譽電子,1085742,85,1.4 品牌欄相符（品牌庫有重複，取業績最高）,2026-09-21 14:58:17,JS 淇譽,品牌欄,js淇譽,js,淇譽,1085742,js,淇譽電子,Hardware & 3C,auto,2,True
momo,Mobile & Gadgets,6245587,PQI 勁永,【PQI 勁永】i-Cable Lightning 全向式USB傳輸充電線180cm(Lightning 180cm),pqi,1107508,98,1.3 品牌欄完全相符,2026-09-21 14:58:17,PQI 勁永,品牌欄,pqi勁永,pqi,勁永,1107508,pqi,,Mobile & Gadgets,auto,3,True
momo,Mobile & Gadgets,6454533,PQI 勁永,【PQI 勁永】C-Cable C to A Metallic 180cm 強勁金屬編織線(Type-C接頭、支援3A快速充電),pqi,1107508,98,1.3 品牌欄完全相符,2026-09-21 14:58:17,PQI 勁永,品牌欄,pqi勁永,pqi,勁永,1107508,pqi,,Mobile & Gadgets,auto,3,True
momo,Mobile & Gadgets,6454538,PQI 勁永,【PQI 勁永】U-Cable Type C to C 100cm 傳輸線(Type-C接頭、支援3A快速充電),pqi,1107508,98,1.3 品牌欄完全相符,2026-09-21 14:58:17,PQI 勁永,品牌欄,pqi勁永,pqi,勁永,1107508,pqi,,Mobile & Gadgets,auto,3,True
momo,Mobile & Gadgets,6624297,PQI 勁永,【PQI 勁永】i-Cable Multi-Plug 180cm 三合一傳輸線(Type-C接頭、Lightning 8pin 一線多用),pqi,1107508,98,1.3 品牌欄完全相符,2026-09-21 14:58:17,PQI 勁永,品牌欄,pqi勁永,pqi,勁永,1107508,pqi,,Mobile & Gadgets,auto,3,True
momo,Mobile & Gadgets,6711281,PQI 勁永,【PQI 勁永】PQI i-Cable Lightning to USB A 180cm充電線(Lightning MFI認證),pqi,1107508,98,1.3 品牌欄完全相符,2026-09-21 14:58:17,PQI 勁永,品牌欄,pqi勁永,pqi,勁永,1107508,pqi,,Mobile & Gadgets,auto,3,True
momo,Mobile & Gadgets,6711282,PQI 勁永,【PQI 勁永】i-Cable Ultimate Toughness Type C to Lightning 100cm PD快充金屬編織線(PD快充),pqi,1107508,98,1.3 品牌欄完全相符,2026-09-21 14:58:17,PQI 勁永,品牌欄,pqi勁永,pqi,勁永,1107508,pqi,,Mobile & Gadgets,auto,3,True
momo,Mobile & Gadgets,6772193,GP 超霸,【GP 超霸】GP-超霸-黑-4號超級碳鋅電池16入(GP原廠販售),G.P,1119972,79,1.4 品牌欄相符（品牌庫有重複，取業績最高）,2026-09-21 14:58:17,GP 超霸,品牌欄,gp超霸,gp,超霸,1119972,gp,,Shoes,,2,True
momo,Mobile & Gadgets,6772195,GP 超霸,【GP 超霸】GP-超霸-黑-2號超級碳鋅電池4入(GP原廠販售),G.P,1119972,79,1.4 品牌欄相符（品牌庫有重複，取業績最高）,2026-09-21 14:58:17,GP 超霸,品牌欄,gp超霸,gp,超霸,1119972,gp,,Shoes,,2,True
momo,Mobile & Gadgets,6772196,GP 超霸,【GP 超霸】GP-超霸-黑-4號超級碳鋅電池12入(GP原廠販售),G.P,1119972,79,1.4 品牌欄相符（品牌庫有重複，取業績最高）,2026-09-21 14:58:17,GP 超霸,品牌欄,gp超霸,gp,超霸,1119972,gp,,Shoes,,2,True
momo,Mobile & Gadgets,6772199,GP 超霸,【GP 超霸】GP-超霸-黑-4號超級碳鋅電池4入(GP原廠販售),G.P,1119972,79,1.4 品牌欄相符（品牌庫有重複，取業績最高）,2026-09-21 14:58:17,GP 超霸,品牌欄,gp超霸,gp,超霸,1119972,gp,,Shoes,,2,True
momo,Mobile & Gadgets,6772200,GP 超霸,【GP 超霸】GP-超霸-黑-2號超級碳鋅電池2入(GP原廠販售),G.P,1119972,79,1.4 品牌欄相符（品牌庫有重複，取業績最高）,2026-09-21 14:58:17,GP 超霸,品牌欄,gp超霸,gp,超霸,1119972,gp,,Shoes,,2,True
momo,Mobile & Gadgets,6772201,GP 超霸,【GP 超霸】GP-超霸-黑-1號超級碳鋅電池2入(GP原廠販售),G.P,1119972,79,1.4 品牌欄相符（品牌庫有重複，取業績最高）,2026-09-21 14:58:17,GP 超霸,品牌欄,gp超霸,gp,超霸,1119972,gp,,Shoes,,2,True
momo,Mobile & Gadgets,6772287,GP 超霸,【GP 超霸】GP-超霸-黑-1號超級碳鋅電池4入(GP原廠販售),G.P,1119972,79,1.4 品牌欄相符（品牌庫有重複，取業績最高）,2026-09-21 14:58:17,GP 超霸,品牌欄,gp超霸,gp,超霸,1119972,gp,,Shoes,,2,True
momo,Mobile & Gadgets,6772289,GP 超霸,【GP 超霸】GP-超霸9V綠能特級碳鋅電池1入(GP原廠販售),G.P,1119972,79,1.4 品牌欄相符（品牌庫有重複，取業績最高）,2026-09-21 14:58:17,GP 超霸,品牌欄,gp超霸,gp,超霸,1119972,gp,,Shoes,,2,True
momo,Mobile & Gadgets,6772290,GP 超霸,【GP 超霸】GP-超霸-黑-3號超級碳鋅電池16入(GP原廠販售),G.P,1119972,79,1.4 品牌欄相符（品牌庫有重複，取業績最高）,2026-09-21 14:58:17,GP 超霸,品牌欄,gp超霸,gp,超霸,1119972,gp,,Shoes,,2,True
momo,Mobile & Gadgets,6772292,GP 超霸,【GP 超霸】GP-超霸-黑-3號超級碳鋅電池12入(GP原廠販售),G.P,1119972,79,1.4 品牌欄相符（品牌庫有重複，取業績最高）,2026-09-21 14:58:17,GP 超霸,品牌欄,gp超霸,gp,超霸,1119972,gp,,Shoes,,2,True
momo,Mobile & Gadgets,6836837,GP 超霸,【GP 超霸】GP超霸200mAh9vReCyko低自放充電池1入(GP原廠販售),G.P,1119972,79,1.4 品牌欄相符（品牌庫有重複，取業績最高）,2026-09-21 14:58:17,GP 超霸,品牌欄,gp超霸,gp,超霸,1119972,gp,,Shoes,,2,True
momo,Mobile & Gadgets,7117341,PQI 勁永,【PQI 勁永】i-Cable Type C to Lightning 100cm蘋果傳輸充電線(PD快充、MFI認證),pqi,1107508,98,1.3 品牌欄完全相符,2026-09-21 14:58:17,PQI 勁永,品牌欄,pqi勁永,pqi,勁永,1107508,pqi,,Mobile & Gadgets,auto,3,True
momo,Mobile & Gadgets,7601519,HTC 宏達電,【HTC 宏達電】原廠 USB-C 對 3.5mm 耳機插孔轉接器(台灣盒裝拆售款),HTC,1147210,93,1.4 品牌欄相符（品牌庫有重複，取業績最高）,2026-09-21 14:58:17,HTC 宏達電,品牌欄,htc宏達電,htc,宏達電,1147210,htc,,Mobile & Gadgets,auto,3,True
momo,Mobile & Gadgets,7752122,,微軟365超值組【LG 樂金】TONE Free 真無線藍牙耳機HBS-FL7-黑,LG,1695281,85,2.2 由商品名稱【】比對到品牌,2026-09-21 14:58:17,LG 樂金,標題【】,lg樂金,lg,樂金,1695281,lg,,Home Electronic,auto,2,True
momo,Mobile & Gadgets,7952543,HTC 宏達電,【HTC 宏達電】M410 原廠傳輸充電線(台灣公司貨-密封袋裝),HTC,1147210,93,1.4 品牌欄相符（品牌庫有重複，取業績最高）,2026-09-21 14:58:17,HTC 宏達電,品牌欄,htc宏達電,htc,宏達電,1147210,htc,,Mobile & Gadgets,auto,3,True
momo,Mobile & Gadgets,7973174,HTC 宏達電,【HTC 宏達電】2入組 原廠 M410 傳輸充電線(台灣公司貨),HTC,1147210,93,1.4 品牌欄相符（品牌庫有重複，取業績最高）,2026-09-21 14:58:17,HTC 宏達電,品牌欄,htc宏達電,htc,宏達電,1147210,htc,,Mobile & Gadgets,auto,3,True
momo,Mobile & Gadgets,7973322,HTC 宏達電,【HTC 宏達電】原廠 M410 傳輸充電線(台灣公司貨拆售),HTC,1147210,93,1.4 品牌欄相符（品牌庫有重複，取業績最高）,2026-09-21 14:58:17,HTC 宏達電,品牌欄,htc宏達電,htc,宏達電,1147210,htc,,Mobile & Gadgets,auto,3,True
momo,Mobile & Gadgets,8097422,HTC 宏達電,【HTC 宏達電】原廠 USB-C 轉 3.5mm 耳機插孔轉接器 M321(盒裝拆售/音源轉接線),HTC,1147210,93,1.4 品牌欄相符（品牌庫有重複，取業績最高）,2026-09-21 14:58:17,HTC 宏達電,品牌欄,htc宏達電,htc,宏達電,1147210,htc,,Mobile & Gadgets,auto,3,True
momo,Mobile & Gadgets,8097428,HTC 宏達電,【HTC 宏達電】買一送一-原廠M9 專用 HC C1153 彩邊雙料透明保護套 防震保護硬殼(盒裝),HTC,1147210,93,1.4 品牌欄相符（品牌庫有重複，取業績最高）,2026-09-21 14:58:17,HTC 宏達電,品牌欄,htc宏達電,htc,宏達電,1147210,htc,,Mobile & Gadgets,auto,3,True
momo,Mobile & Gadgets,8407142,HTC 宏達電,【HTC 宏達電】P900原廠旅行充電器+M410傳輸充電線組(台灣原廠公司貨-密封袋包裝),HTC,1147210,93,1.4 品牌欄相符（品牌庫有重複，取業績最高）,2026-09-21 14:58:17,HTC 宏達電,品牌欄,htc宏達電,htc,宏達電,1147210,htc,,Mobile & Gadgets,auto,3,True
momo,Mobile & Gadgets,8699083,PQI 勁永,【PQI 勁永】PD24W蘋果快充組合包Type-c to Lightning(PD快充),pqi,1107508,98,1.3 品牌欄完全相符,2026-09-21 14:58:17,PQI 勁永,品牌欄,pqi勁永,pqi,勁永,1107508,pqi,,Mobile & Gadgets,auto,3,True
momo,Mobile & Gadgets,8699084,PQI 勁永,【PQI 勁永】iCable Type-c 蘋果充電編織線100cm(通過MFi認證),pqi,1107508,98,1.3 品牌欄完全相符,2026-09-21 14:58:17,PQI 勁永,品牌欄,pqi勁永,pqi,勁永,1107508,pqi,,Mobile & Gadgets,auto,3,True
momo,Mobile & Gadgets,8890380,HTC 宏達電,【HTC 宏達電】原廠 VIVE 移動定位器 3.0(2021年全新版),HTC,1147210,93,1.4 品牌欄相符（品牌庫有重複，取業績最高）,2026-09-21 14:58:17,HTC 宏達電,品牌欄,htc宏達電,htc,宏達電,1147210,htc,,Mobile & Gadgets,auto,3,True
momo,Mobile & Gadgets,8910894,HTC 宏達電,【HTC 宏達電】2入組 HTC M410 原廠傳輸充電線(台灣公司貨-密封袋裝),HTC,1147210,93,1.4 品牌欄相符（品牌庫有重複，取業績最高）,2026-09-21 14:58:17,HTC 宏達電,品牌欄,htc宏達電,htc,宏達電,1147210,htc,,Mobile & Gadgets,auto,3,True
momo,Mobile & Gadgets,8943816,ESR 億色,【ESR 億色】iPad Air 11吋 2026/2025/2024 /Air 5/4/Pro 11吋2018 優觸雙面夾系列保護套 搭扣款,ESR,1801111,98,1.3 品牌欄完全相符,2026-09-21 14:58:17,ESR 億色,品牌欄,esr億色,esr,億色,1801111,esr,,Mobile & Gadgets,auto,3,True
momo,Mobile & Gadgets,9040494,GP 超霸,【GP 超霸】GP Recyko+ PRO力再高 超特強鎳氫充電池800mAh AAA 4號4粒裝(GP原廠販售),G.P,1119972,79,1.4 品牌欄相符（品牌庫有重複，取業績最高）,2026-09-21 14:58:17,GP 超霸,品牌欄,gp超霸,gp,超霸,1119972,gp,,Shoes,,2,True
momo,Mobile & Gadgets,9063649,GP 超霸,【GP 超霸】GP超霸鈕型鋰電池 CR2430 1入 電池專家(GP原廠販售),G.P,1119972,79,1.4 品牌欄相符（品牌庫有重複，取業績最高）,2026-09-21 14:58:17,GP 超霸,品牌欄,gp超霸,gp,超霸,1119972,gp,,Shoes,,2,True
momo,Mobile & Gadgets,9063650,GP 超霸,【GP 超霸】GP超霸CR123A鋰電池(GP原廠販售),G.P,1119972,79,1.4 品牌欄相符（品牌庫有重複，取業績最高）,2026-09-21 14:58:17,GP 超霸,品牌欄,gp超霸,gp,超霸,1119972,gp,,Shoes,,2,True
momo,Mobile & Gadgets,9063652,GP 超霸,【GP 超霸】CR超霸CR2鋰電池(GP原廠販售),G.P,1119972,79,1.4 品牌欄相符（品牌庫有重複，取業績最高）,2026-09-21 14:58:17,GP 超霸,品牌欄,gp超霸,gp,超霸,1119972,gp,,Shoes,,2,True
momo,Mobile & Gadgets,9063655,GP 超霸,【GP 超霸】GP超霸5號鹼性電池 910A 2入(GP原廠販售),G.P,1119972,79,1.4 品牌欄相符（品牌庫有重複，取業績最高）,2026-09-21 14:58:17,GP 超霸,品牌欄,gp超霸,gp,超霸,1119972,gp,,Shoes,,2,True
momo,Mobile & Gadgets,9063656,GP 超霸,【GP 超霸】GP超霸6號特強鹼性電池2入(GP原廠販售),G.P,1119972,79,1.4 品牌欄相符（品牌庫有重複，取業績最高）,2026-09-21 14:58:17,GP 超霸,品牌欄,gp超霸,gp,超霸,1119972,gp,,Shoes,,2,True
momo,Mobile & Gadgets,9063658,GP 超霸,【GP 超霸】GP超霸4號特強鹼性電池8+2入(GP原廠販售),G.P,1119972,79,1.4 品牌欄相符（品牌庫有重複，取業績最高）,2026-09-21 14:58:17,GP 超霸,品牌欄,gp超霸,gp,超霸,1119972,gp,,Shoes,,2,True
momo,Mobile & Gadgets,9063661,GP 超霸,【GP 超霸】GP超霸鈕型鋰電池 CR2450 1入 電池專家(GP原廠販售),G.P,1119972,79,1.4 品牌欄相符（品牌庫有重複，取業績最高）,2026-09-21 14:58:17,GP 超霸,品牌欄,gp超霸,gp,超霸,1119972,gp,,Shoes,,2,True
momo,Mobile & Gadgets,9063669,GP 超霸,【GP 超霸】GP超霸-黑-9V超級碳鋅電池4入(GP原廠販售),G.P,1119972,79,1.4 品牌欄相符（品牌庫有重複，取業績最高）,2026-09-21 14:58:17,GP 超霸,品牌欄,gp超霸,gp,超霸,1119972,gp,,Shoes,,2,True
momo,Mobile & Gadgets,9147510,GP 超霸,【GP 超霸】GP-超霸-黑-3號超級碳鋅電池10入(GP原廠販售),G.P,1119972,79,1.4 品牌欄相符（品牌庫有重複，取業績最高）,2026-09-21 14:58:17,GP 超霸,品牌欄,gp超霸,gp,超霸,1119972,gp,,Shoes,,2,True
momo,Mobile & Gadgets,9147512,GP 超霸,【GP 超霸】GP-超霸-黑-4號超級碳鋅電池10入(GP原廠販售),G.P,1119972,79,1.4 品牌欄相符（品牌庫有重複，取業績最高）,2026-09-21 14:58:17,GP 超霸,品牌欄,gp超霸,gp,超霸,1119972,gp,,Shoes,,2,True
momo,Mobile & Gadgets,9337787,ESR 億色,【ESR 億色】iPad mini 6/mini 7 巧匯系列保護套,ESR,1801111,98,1.3 品牌欄完全相符,2026-09-21 14:58:17,ESR 億色,品牌欄,esr億色,esr,億色,1801111,esr,,Mobile & Gadgets,auto,3,True
momo,Mobile & Gadgets,9701935,ESR 億色,【ESR 億色】iPad Air 11吋 2026/2025/2024 /Air 5/4 優觸巧拼系列保護套 多折款,ESR,1801111,98,1.3 品牌欄完全相符,2026-09-21 14:58:17,ESR 億色,品牌欄,esr億色,esr,億色,1801111,esr,,Mobile & Gadgets,auto,3,True
momo,Mobile & Gadgets,9889587,ESR 億色,【ESR 億色】iPad Air 11吋 2026/2025/2024 /Air 5/4 零感系列平板保護套,ESR,1801111,98,1.3 品牌欄完全相符,2026-09-21 14:58:17,ESR 億色,品牌欄,esr億色,esr,億色,1801111,esr,,Mobile & Gadgets,auto,3,True
momo,Mobile & Gadgets,10558685,MSI 微星,【MSI 微星】VIGOR GK30 COMBO WHITE 電競鍵盤滑鼠組(GK30+GM11)(白色),MSI,2563405,85,1.4 品牌欄相符（品牌庫有重複，取業績最高）,2026-09-21 14:58:17,MSI 微星,品牌欄,msi微星,msi,微星,2563405,msi,,Hardware & 3C,auto,3,True
momo,Mobile & Gadgets,10739151,MSI 微星,【MSI 微星】AGILITY GD21 DRAGON TIAMAT 電競鼠墊,MSI,2563405,85,1.4 品牌欄相符（品牌庫有重複，取業績最高）,2026-09-21 14:58:17,MSI 微星,品牌欄,msi微星,msi,微星,2563405,msi,,Hardware & 3C,auto,3,True
momo,Mobile & Gadgets,11107612,MSI 微星,【MSI 微星】AGILITY GD21 DRAGON TIAMAT 電競鼠墊,MSI,2563405,85,1.4 品牌欄相符（品牌庫有重複，取業績最高）,2026-09-21 14:58:17,MSI 微星,品牌欄,msi微星,msi,微星,2563405,msi,,Hardware & 3C,auto,3,True
momo,Mobile & Gadgets,11883214,MSI 微星,【MSI 微星】AGILITY GD22 GLEAM EDITION 電競鼠墊,MSI,2563405,85,1.4 品牌欄相符（品牌庫有重複，取業績最高）,2026-09-21 14:58:17,MSI 微星,品牌欄,msi微星,msi,微星,2563405,msi,,Hardware & 3C,auto,3,True
momo,Mobile & Gadgets,11883215,MSI 微星,【MSI 微星】AGILITY GD72 GLEAM EDITION 電競鼠墊,MSI,2563405,85,1.4 品牌欄相符（品牌庫有重複，取業績最高）,2026-09-21 14:58:17,MSI 微星,品牌欄,msi微星,msi,微星,2563405,msi,,Hardware & 3C,auto,3,True
momo,Mobile & Gadgets,12290902,MSI 微星,【MSI 微星】VIGOR GK30 COMBO WHITE 電競鍵盤滑鼠組(GK30+GM11),MSI,2563405,85,1.4 品牌欄相符（品牌庫有重複，取業績最高）,2026-09-21 14:58:17,MSI 微星,品牌欄,msi微星,msi,微星,2563405,msi,,Hardware & 3C,auto,3,True
momo,Mobile & Gadgets,12705902,MSI 微星,【MSI 微星】鍵鼠墊超值組★IGOR GK30 COMBO WHITE 電競鍵盤滑鼠組(GK30+GM11+GD21),MSI,2563405,85,1.4 品牌欄相符（品牌庫有重複，取業績最高）,2026-09-21 14:58:17,MSI 微星,品牌欄,msi微星,msi,微星,2563405,msi,,Hardware & 3C,auto,3,True
momo,Mobile & Gadgets,12705903,MSI 微星,【MSI 微星】鍵鼠墊超值組★VIGOR GK30 COMBO WHITE 電競鍵盤滑鼠組(GK30+GM11+GD22),MSI,2563405,85,1.4 品牌欄相符（品牌庫有重複，取業績最高）,2026-09-21 14:58:17,MSI 微星,品牌欄,msi微星,msi,微星,2563405,msi,,Hardware & 3C,auto,3,True
momo,Mobile & Gadgets,13239031,MSI 微星,【MSI 微星】Clutch GM08 電競滑鼠,MSI,2563405,85,1.4 品牌欄相符（品牌庫有重複，取業績最高）,2026-09-21 14:58:17,MSI 微星,品牌欄,msi微星,msi,微星,2563405,msi,,Hardware & 3C,auto,3,True
momo,Mobile & Gadgets,13248873,MSI 微星,【MSI 微星】鍵鼠超值組★VIGOR GK30 電競鍵盤+Clutch GM08 電競滑鼠,MSI,2563405,85,1.4 品牌欄相符（品牌庫有重複，取業績最高）,2026-09-21 14:58:17,MSI 微星,品牌欄,msi微星,msi,微星,2563405,msi,,Hardware & 3C,auto,3,True
momo,Mobile & Gadgets,13250036,MSI 微星,【MSI 微星】鍵盤鼠墊組★VIGOR GK30 電競鍵盤+AGILITY GD22 GLEAM EDITION 電競鼠墊,MSI,2563405,85,1.4 品牌欄相符（品牌庫有重複，取業績最高）,2026-09-21 14:58:17,MSI 微星,品牌欄,msi微星,msi,微星,2563405,msi,,Hardware & 3C,auto,3,True
momo,Mobile & Gadgets,13250048,MSI 微星,【MSI 微星】鍵盤鼠墊組★VIGOR GK30 電競鍵盤+AGILITY GD21 DRAGON TIAMAT 電競鼠墊,MSI,2563405,85,1.4 品牌欄相符（品牌庫有重複，取業績最高）,2026-09-21 14:58:17,MSI 微星,品牌欄,msi微星,msi,微星,2563405,msi,,Hardware & 3C,auto,3,True
momo,Mobile & Gadgets,13514795,MSI 微星,【MSI 微星】VERSA 300 WIRELESS 無線電競無線滑鼠,MSI,2563405,85,1.4 品牌欄相符（品牌庫有重複，取業績最高）,2026-09-21 14:58:17,MSI 微星,品牌欄,msi微星,msi,微星,2563405,msi,,Hardware & 3C,auto,3,True
momo,Mobile & Gadgets,13514796,MSI 微星,【MSI 微星】VERSA 300 ELITE WIRELESS 無線電競無線滑鼠,MSI,2563405,85,1.4 品牌欄相符（品牌庫有重複，取業績最高）,2026-09-21 14:58:17,MSI 微星,品牌欄,msi微星,msi,微星,2563405,msi,,Hardware & 3C,auto,3,True
momo,Mobile & Gadgets,13953452,MSI 微星,【MSI 微星】VERSA 300 ELITE W WHITE電競無線滑鼠,MSI,2563405,85,1.4 品牌欄相符（品牌庫有重複，取業績最高）,2026-09-21 14:58:17,MSI 微星,品牌欄,msi微星,msi,微星,2563405,msi,,Hardware & 3C,auto,3,True
momo,Mobile & Gadgets,13975840,MSI 微星,【MSI 微星】VERSA 300 WIRELESS WHITE電競無線滑鼠,MSI,2563405,85,1.4 品牌欄相符（品牌庫有重複，取業績最高）,2026-09-21 14:58:17,MSI 微星,品牌欄,msi微星,msi,微星,2563405,msi,,Hardware & 3C,auto,3,True
momo,Mobile & Gadgets,14277375,MSI 微星,【MSI 微星】Clutch GM08 電競滑鼠,MSI,2563405,85,1.4 品牌欄相符（品牌庫有重複，取業績最高）,2026-09-21 14:58:17,MSI 微星,品牌欄,msi微星,msi,微星,2563405,msi,,Hardware & 3C,auto,3,True
momo,Mobile & Gadgets,14339510,MSI 微星,【MSI 微星】STRIKE PRO WIRELESS 無線三模靜音機械鍵盤,MSI,2563405,85,1.4 品牌欄相符（品牌庫有重複，取業績最高）,2026-09-21 14:58:17,MSI 微星,品牌欄,msi微星,msi,微星,2563405,msi,,Hardware & 3C,auto,3,True
momo,Mobile & Gadgets,14390964,MSI 微星,【MSI 微星】VERSA 300 WIRELESS 無線電競無線滑鼠,MSI,2563405,85,1.4 品牌欄相符（品牌庫有重複，取業績最高）,2026-09-21 14:58:17,MSI 微星,品牌欄,msi微星,msi,微星,2563405,msi,,Hardware & 3C,auto,3,True
momo,Mobile & Gadgets,14390965,MSI 微星,【MSI 微星】VERSA 300 WIRELESS WHITE電競無線滑鼠,MSI,2563405,85,1.4 品牌欄相符（品牌庫有重複，取業績最高）,2026-09-21 14:58:17,MSI 微星,品牌欄,msi微星,msi,微星,2563405,msi,,Hardware & 3C,auto,3,True
momo,Mobile & Gadgets,14434655,MSI 微星,【MSI 微星】FORGE GK320 RED TC 電競鍵盤(機械紅軸),MSI,2563405,85,1.4 品牌欄相符（品牌庫有重複，取業績最高）,2026-09-21 14:58:17,MSI 微星,品牌欄,msi微星,msi,微星,2563405,msi,,Hardware & 3C,auto,3,True
momo,Mobile & Gadgets,14434657,MSI 微星,【MSI 微星】FORGE GM320 有線電競滑鼠,MSI,2563405,85,1.4 品牌欄相符（品牌庫有重複，取業績最高）,2026-09-21 14:58:17,MSI 微星,品牌欄,msi微星,msi,微星,2563405,msi,,Hardware & 3C,auto,3,True
momo,Mobile & Gadgets,14441921,MSI 微星,【MSI 微星】鍵鼠超值組★VIGOR GK30 電競鍵盤+VERSA 300 WIRELESS 無線滑鼠,MSI,2563405,85,1.4 品牌欄相符（品牌庫有重複，取業績最高）,2026-09-21 14:58:17,MSI 微星,品牌欄,msi微星,msi,微星,2563405,msi,,Hardware & 3C,auto,3,True
momo,Mobile & Gadgets,14522326,MSI 微星,【MSI 微星】鍵鼠超值組★VIGOR GK30 電競鍵盤+VERSA 300 WIRELESS 白 無線滑鼠,MSI,2563405,85,1.4 品牌欄相符（品牌庫有重複，取業績最高）,2026-09-21 14:58:17,MSI 微星,品牌欄,msi微星,msi,微星,2563405,msi,,Hardware & 3C,auto,3,True
momo,Mobile & Gadgets,14571419,MSI 微星,【MSI 微星】FORGE GK320 COMBO RED TC 電競鍵鼠組(機械紅軸),MSI,2563405,85,1.4 品牌欄相符（品牌庫有重複，取業績最高）,2026-09-21 14:58:17,MSI 微星,品牌欄,msi微星,msi,微星,2563405,msi,,Hardware & 3C,auto,3,True
momo,Mobile & Gadgets,14623103,MSI 微星,【MSI 微星】FORGE GK600 TKL W SKY TC 電競鍵盤(線性機械軸),MSI,2563405,85,1.4 品牌欄相符（品牌庫有重複，取業績最高）,2026-09-21 14:58:17,MSI 微星,品牌欄,msi微星,msi,微星,2563405,msi,,Hardware & 3C,auto,3,True
momo,Mobile & Gadgets,14948030,MSI 微星,【MSI 微星】VERSA 300 WIRELESS WHITE電競無線滑鼠,MSI,2563405,85,1.4 品牌欄相符（品牌庫有重複，取業績最高）,2026-09-21 14:58:17,MSI 微星,品牌欄,msi微星,msi,微星,2563405,msi,,Hardware & 3C,auto,3,True
momo,Mobile & Gadgets,14975228,MSI 微星,【MSI 微星】FORGE GK320 RED TC 電競鍵盤(機械紅軸),MSI,2563405,85,1.4 品牌欄相符（品牌庫有重複，取業績最高）,2026-09-21 14:58:17,MSI 微星,品牌欄,msi微星,msi,微星,2563405,msi,,Hardware & 3C,auto,3,True
momo,Mobile & Gadgets,14975230,MSI 微星,【MSI 微星】FORGE GM320 有線電競滑鼠,MSI,2563405,85,1.4 品牌欄相符（品牌庫有重複，取業績最高）,2026-09-21 14:58:17,MSI 微星,品牌欄,msi微星,msi,微星,2563405,msi,,Hardware & 3C,auto,3,True
momo,Mobile & Gadgets,15091134,MSI 微星,【MSI 微星】磁吸線組★VERSA 300 WIRELESS WHITE電競無線滑鼠,MSI,2563405,85,1.4 品牌欄相符（品牌庫有重複，取業績最高）,2026-09-21 14:58:17,MSI 微星,品牌欄,msi微星,msi,微星,2563405,msi,,Hardware & 3C,auto,3,True
momo,Mobile & Gadgets,15091136,MSI 微星,【MSI 微星】磁吸線組★VERSA 300 WIRELESS 無線電競無線滑鼠,MSI,2563405,85,1.4 品牌欄相符（品牌庫有重複，取業績最高）,2026-09-21 14:58:17,MSI 微星,品牌欄,msi微星,msi,微星,2563405,msi,,Hardware & 3C,auto,3,True
momo,Mobile & Gadgets,15218677,MSI 微星,【MSI 微星】電競組★FORGE GK320 RED TC 電競鍵盤+GM320滑鼠+GD72電競鼠墊,MSI,2563405,85,1.4 品牌欄相符（品牌庫有重複，取業績最高）,2026-09-21 14:58:17,MSI 微星,品牌欄,msi微星,msi,微星,2563405,msi,,Hardware & 3C,auto,3,True
momo,Mobile & Gadgets,15271719,MSI 微星,【MSI 微星】VERSA 300 WIRELESS 8K 電競無線滑鼠,MSI,2563405,85,1.4 品牌欄相符（品牌庫有重複，取業績最高）,2026-09-21 14:58:17,MSI 微星,品牌欄,msi微星,msi,微星,2563405,msi,,Hardware & 3C,auto,3,True
momo,Mobile & Gadgets,15286652,MSI 微星,【MSI 微星】FORGE GM340 W SKY無線電競滑鼠,MSI,2563405,85,1.4 品牌欄相符（品牌庫有重複，取業績最高）,2026-09-21 14:58:17,MSI 微星,品牌欄,msi微星,msi,微星,2563405,msi,,Hardware & 3C,auto,3,True
momo,Mobile & Gadgets,15286653,MSI 微星,【MSI 微星】FORGE GM340 W WHITE無線電競滑鼠,MSI,2563405,85,1.4 品牌欄相符（品牌庫有重複，取業績最高）,2026-09-21 14:58:17,MSI 微星,品牌欄,msi微星,msi,微星,2563405,msi,,Hardware & 3C,auto,3,True
momo,Mobile & Gadgets,15286654,MSI 微星,【MSI 微星】FORGE GM340 W VIOLET無線電競滑鼠,MSI,2563405,85,1.4 品牌欄相符（品牌庫有重複，取業績最高）,2026-09-21 14:58:17,MSI 微星,品牌欄,msi微星,msi,微星,2563405,msi,,Hardware & 3C,auto,3,True
momo,Mobile & Gadgets,15286655,MSI 微星,【MSI 微星】FORGE GM340 W NAVY無線電競滑鼠,MSI,2563405,85,1.4 品牌欄相符（品牌庫有重複，取業績最高）,2026-09-21 14:58:17,MSI 微星,品牌欄,msi微星,msi,微星,2563405,msi,,Hardware & 3C,auto,3,True
momo,Mobile & Gadgets,15286656,MSI 微星,【MSI 微星】FORGE K210 W COMBO TC 電競鍵鼠組(剪刀腳軸),MSI,2563405,85,1.4 品牌欄相符（品牌庫有重複，取業績最高）,2026-09-21 14:58:17,MSI 微星,品牌欄,msi微星,msi,微星,2563405,msi,,Hardware & 3C,auto,3,True
momo,Mobile & Gadgets,15335598,MSI 微星,【MSI 微星】VERSA 300 W 8K WHITE電競無線滑鼠,MSI,2563405,85,1.4 品牌欄相符（品牌庫有重複，取業績最高）,2026-09-21 14:58:17,MSI 微星,品牌欄,msi微星,msi,微星,2563405,msi,,Hardware & 3C,auto,3,True
momo,Mobile & Gadgets,15467586,MSI 微星,【MSI 微星】搭鼠墊★VERSA 300 WIRELESS 無線電競無線滑鼠)+滑鼠墊,MSI,2563405,85,1.4 品牌欄相符（品牌庫有重複，取業績最高）,2026-09-21 14:58:17,MSI 微星,品牌欄,msi微星,msi,微星,2563405,msi,,Hardware & 3C,auto,3,True
momo,Mobile & Gadgets,15467587,MSI 微星,【MSI 微星】搭鼠墊★VERSA 300 WIRELESS WHITE電競無線滑鼠)+滑鼠墊,MSI,2563405,85,1.4 品牌欄相符（品牌庫有重複，取業績最高）,2026-09-21 14:58:17,MSI 微星,品牌欄,msi微星,msi,微星,2563405,msi,,Hardware & 3C,auto,3,True
momo,Mobile & Gadgets,15467998,MSI 微星,【MSI 微星】搭電競鼠墊★VIGOR GK30 COMBO電競鍵盤滑鼠組(GK30+GM11)(白色)+GD72 滑鼠墊,MSI,2563405,85,1.4 品牌欄相符（品牌庫有重複，取業績最高）,2026-09-21 14:58:17,MSI 微星,品牌欄,msi微星,msi,微星,2563405,msi,,Hardware & 3C,auto,3,True
momo,Mobile & Gadgets,15495815,MSI 微星,【MSI 微星】VIGOR GK30 電競鍵盤,MSI,2563405,85,1.4 品牌欄相符（品牌庫有重複，取業績最高）,2026-09-21 14:58:17,MSI 微星,品牌欄,msi微星,msi,微星,2563405,msi,,Hardware & 3C,auto,3,True
momo,Mobile & Gadgets,15495838,MSI 微星,【MSI 微星】AGILITY GD72 GLEAM EDITION 電競鼠墊,MSI,2563405,85,1.4 品牌欄相符（品牌庫有重複，取業績最高）,2026-09-21 14:58:17,MSI 微星,品牌欄,msi微星,msi,微星,2563405,msi,,Hardware & 3C,auto,3,True
momo,Mobile & Gadgets,15495862,MSI 微星,【MSI 微星】電競鍵鼠組★FORGE GK320 RED TC 電競鍵盤+VERSA 300 WIRELESS 無線滑鼠,MSI,2563405,85,1.4 品牌欄相符（品牌庫有重複，取業績最高）,2026-09-21 14:58:17,MSI 微星,品牌欄,msi微星,msi,微星,2563405,msi,,Hardware & 3C,auto,3,True
momo,Mobile & Gadgets,15560307,MSI 微星,【MSI 微星】FORGE GM340 WIRELESS無線電競滑鼠,MSI,2563405,85,1.4 品牌欄相符（品牌庫有重複，取業績最高）,2026-09-21 14:58:17,MSI 微星,品牌欄,msi微星,msi,微星,2563405,msi,,Hardware & 3C,auto,3,True
momo,Mobile & Gadgets,15634070,MSI 微星,【MSI 微星】AGILITY GD21 DRAGON TIAMAT 電競鼠墊,MSI,2563405,85,1.4 品牌欄相符（品牌庫有重複，取業績最高）,2026-09-21 14:58:17,MSI 微星,品牌欄,msi微星,msi,微星,2563405,msi,,Hardware & 3C,auto,3,True
momo,Mobile & Gadgets,15636629,MSI 微星,【MSI 微星】VERSA 300 WIRELESS 無線電競無線滑鼠,MSI,2563405,85,1.4 品牌欄相符（品牌庫有重複，取業績最高）,2026-09-21 14:58:17,MSI 微星,品牌欄,msi微星,msi,微星,2563405,msi,,Hardware & 3C,auto,3,True
momo,Mobile & Gadgets,15661985,MSI 微星,【MSI 微星】搭電競耳機★VERSA 300 WIRELESS WHITE電競無線滑鼠+MAESTRO 300,MSI,2563405,85,1.4 品牌欄相符（品牌庫有重複，取業績最高）,2026-09-21 14:58:17,MSI 微星,品牌欄,msi微星,msi,微星,2563405,msi,,Hardware & 3C,auto,3,True
momo,Mobile & Gadgets,15661989,MSI 微星,【MSI 微星】搭電競耳機★VERSA 300 WIRELESS 無線電競無線滑鼠+MAESTRO 300,MSI,2563405,85,1.4 品牌欄相符（品牌庫有重複，取業績最高）,2026-09-21 14:58:17,MSI 微星,品牌欄,msi微星,msi,微星,2563405,msi,,Hardware & 3C,auto,3,True
momo,Mobile & Gadgets,15661990,MSI 微星,【MSI 微星】搭滑鼠墊★VIGOR GK30 COMBO WHITE 電競鍵盤滑鼠組(GK30+GM11)(白色)+AGILITY GD21,MSI,2563405,85,1.4 品牌欄相符（品牌庫有重複，取業績最高）,2026-09-21 14:58:17,MSI 微星,品牌欄,msi微星,msi,微星,2563405,msi,,Hardware & 3C,auto,3,True
momo,Mobile & Gadgets,15662148,MSI 微星,【MSI 微星】搭滑鼠墊★VERSA 300 WIRELESS WHITE電競無線滑鼠+AGILITY GD21,MSI,2563405,85,1.4 品牌欄相符（品牌庫有重複，取業績最高）,2026-09-21 14:58:17,MSI 微星,品牌欄,msi微星,msi,微星,2563405,msi,,Hardware & 3C,auto,3,True
momo,Mobile & Gadgets,15662151,MSI 微星,【MSI 微星】搭滑鼠墊★VERSA 300 WIRELESS 無線電競無線滑鼠+AGILITY GD21,MSI,2563405,85,1.4 品牌欄相符（品牌庫有重複，取業績最高）,2026-09-21 14:58:17,MSI 微星,品牌欄,msi微星,msi,微星,2563405,msi,,Hardware & 3C,auto,3,True
momo,Mobile & Gadgets,15662155,MSI 微星,【MSI 微星】搭滑鼠墊★FORGE GM340 WIRELESS無線電競滑鼠+AGILITY GD21,MSI,2563405,85,1.4 品牌欄相符（品牌庫有重複，取業績最高）,2026-09-21 14:58:17,MSI 微星,品牌欄,msi微星,msi,微星,2563405,msi,,Hardware & 3C,auto,3,True
momo,Mobile & Gadgets,15662158,MSI 微星,【MSI 微星】搭滑鼠墊★Clutch GM08 電競滑鼠+AGILITY GD21,MSI,2563405,85,1.4 品牌欄相符（品牌庫有重複，取業績最高）,2026-09-21 14:58:17,MSI 微星,品牌欄,msi微星,msi,微星,2563405,msi,,Hardware & 3C,auto,3,True
momo,Mobile & Gadgets,15662163,MSI 微星,【MSI 微星】搭滑鼠墊★FORGE GM320 有線電競滑鼠+AGILITY GD21,MSI,2563405,85,1.4 品牌欄相符（品牌庫有重複，取業績最高）,2026-09-21 14:58:17,MSI 微星,品牌欄,msi微星,msi,微星,2563405,msi,,Hardware & 3C,auto,3,True
momo,Mobile & Gadgets,8156661,MSI 微星,【MSI 微星】Vigor GK20 防潑水電競鍵盤,MSI,2563405,85,1.4 品牌欄相符（品牌庫有重複，取業績最高）,2026-09-21 14:58:17,MSI 微星,品牌欄,msi微星,msi,微星,2563405,msi,,Hardware & 3C,auto,3,True
momo,Mobile & Gadgets,8519867,MSI 微星,【MSI 微星】VIGOR WR01 Wrist Rest 鍵盤手靠墊,MSI,2563405,85,1.4 品牌欄相符（品牌庫有重複，取業績最高）,2026-09-21 14:58:17,MSI 微星,品牌欄,msi微星,msi,微星,2563405,msi,,Hardware & 3C,auto,3,True
momo,Mother & Baby,10125492,BS 荷蘭,【BS 荷蘭】池塘抓青蛙(木製玩具 戶外玩具 荷葉踩踏板 平衡板 感統教具 露營玩具),BS,6353151,93,1.4 品牌欄相符（品牌庫有重複，取業績最高）,2026-09-21 14:57:51,BS 荷蘭,品牌欄,bs荷蘭,bs,荷蘭,6353151,bs,,Mother & Baby,auto,2,True
momo,Mother & Baby,10163371,惠氏 S-26,【惠氏 S-26】官方直營 金幼兒樂S-HMO配方1-3歲（850gx1罐）(免運/水沖即享/溫暖營養/兒童禮物/88),S-26,3157392,98,1.3 品牌欄完全相符,2026-09-21 14:57:51,惠氏 S-26,品牌欄,惠氏s26,s26,惠氏,3157392,s26,,Mother & Baby,auto,3,True
momo,Mother & Baby,10163372,惠氏 S-26,【惠氏 S-26】官方直營 金幼兒樂S-HMO配方1-3歲（850gx6罐）(免運/水沖即享/溫暖營養/兒童禮物/88),S-26,3157392,98,1.3 品牌欄完全相符,2026-09-21 14:57:51,惠氏 S-26,品牌欄,惠氏s26,s26,惠氏,3157392,s26,,Mother & Baby,auto,3,True
momo,Mother & Baby,10177743,惠氏 S-26,【惠氏 S-26】官方直營 金幼兒樂S-HMO配方1-3歲（400gx24罐）(免運/水沖即享/溫暖營養/兒童禮物),S-26,3157392,98,1.3 品牌欄完全相符,2026-09-21 14:57:51,惠氏 S-26,品牌欄,惠氏s26,s26,惠氏,3157392,s26,,Mother & Baby,auto,3,True
momo,Mother & Baby,10177948,惠氏 S-26,【惠氏 S-26】官方直營 金幼兒樂S-HMO配方1-3歲（400gx1罐）,S-26,3157392,98,1.3 品牌欄完全相符,2026-09-21 14:57:51,惠氏 S-26,品牌欄,惠氏s26,s26,惠氏,3157392,s26,,Mother & Baby,auto,3,True
momo,Mother & Baby,10220091,BS 荷蘭,【BS 荷蘭】誰是神槍手(射擊遊戲 競賽遊戲 射擊玩具 瞄準玩具),BS,6353151,93,1.4 品牌欄相符（品牌庫有重複，取業績最高）,2026-09-21 14:57:51,BS 荷蘭,品牌欄,bs荷蘭,bs,荷蘭,6353151,bs,,Mother & Baby,auto,2,True
momo,Mother & Baby,10340354,TS6 護一生,【TS6 護一生】私密緊彈水嫩凝膠 40gX3入(私密保養 緊緻私密肌膚),TS6,1136012,90,1.3 品牌欄完全相符,2026-09-21 14:57:51,TS6 護一生,品牌欄,ts6護一生,ts6,護一生,1136012,ts6,,Beauty,auto,3,True
momo,Mother & Baby,10340557,TS6 護一生,【TS6 護一生】私密粉嫩淡色凝膠30gx3入(私密保養 私密美白),TS6,1136012,90,1.3 品牌欄完全相符,2026-09-21 14:57:51,TS6 護一生,品牌欄,ts6護一生,ts6,護一生,1136012,ts6,,Beauty,auto,3,True
momo,Mother & Baby,10372632,BS 荷蘭,【BS 荷蘭】忍者向上飛(團康遊戲 草地遊戲 手眼協調 戶外遊戲),BS,6353151,93,1.4 品牌欄相符（品牌庫有重複，取業績最高）,2026-09-21 14:57:51,BS 荷蘭,品牌欄,bs荷蘭,bs,荷蘭,6353151,bs,,Mother & Baby,auto,2,True
momo,Mother & Baby,10423102,惠氏 S-26,【惠氏 S-26】官方直營 金學兒樂S-HMO配方3-7歲（1600gx2罐）,S-26,3157392,98,1.3 品牌欄完全相符,2026-09-21 14:57:51,惠氏 S-26,品牌欄,惠氏s26,s26,惠氏,3157392,s26,,Mother & Baby,auto,3,True
momo,Mother & Baby,10423103,惠氏 S-26,【惠氏 S-26】官方直營 金學兒樂S-HMO配方3-7歲（1600gx4罐）,S-26,3157392,98,1.3 品牌欄完全相符,2026-09-21 14:57:51,惠氏 S-26,品牌欄,惠氏s26,s26,惠氏,3157392,s26,,Mother & Baby,auto,3,True
momo,Mother & Baby,10539493,BS 荷蘭,【BS 荷蘭】誰的尾巴多(戶外玩具 抓尾巴遊戲 露營玩具 園遊會遊戲 團康遊戲 親子遊戲),BS,6353151,93,1.4 品牌欄相符（品牌庫有重複，取業績最高）,2026-09-21 14:57:51,BS 荷蘭,品牌欄,bs荷蘭,bs,荷蘭,6353151,bs,,Mother & Baby,auto,2,True
momo,Mother & Baby,10622074,LAC 利維喜,【LAC 利維喜】兒童益生菌果凍-蜜桃口味x1盒入(共30包/益生菌/乳酸菌/保護力/素食可),LAC,1288127,90,1.3 品牌欄完全相符,2026-09-21 14:57:51,LAC 利維喜,品牌欄,lac利維喜,lac,利維喜,1288127,lac,,Health,auto,3,True
momo,Mother & Baby,10693413,惠氏 S-26,【惠氏 S-26】金學兒樂S-HMO配方3-7歲（1600gx1罐）,S-26,3157392,98,1.3 品牌欄完全相符,2026-09-21 14:57:51,惠氏 S-26,品牌欄,惠氏s26,s26,惠氏,3157392,s26,,Mother & Baby,auto,3,True
momo,Mother & Baby,11041201,LAC 利維喜,【LAC 利維喜】兒童益生菌果凍-蜜桃口味x3盒組(共90包/益生菌/乳酸菌/保護力/素食可),LAC,1288127,90,1.3 品牌欄完全相符,2026-09-21 14:57:51,LAC 利維喜,品牌欄,lac利維喜,lac,利維喜,1288127,lac,,Health,auto,3,True
momo,Mother & Baby,11047338,TS6 護一生,【TS6 護一生】私密清潔 果萃沐浴晶露250gx3入(全身可用 私密清潔),TS6,1136012,90,1.3 品牌欄完全相符,2026-09-21 14:57:51,TS6 護一生,品牌欄,ts6護一生,ts6,護一生,1136012,ts6,,Beauty,auto,3,True
momo,Mother & Baby,11047339,TS6 護一生,【TS6 護一生】私密 淨白植感慕斯180gx3入(私密清潔 美白慕斯),TS6,1136012,90,1.3 品牌欄完全相符,2026-09-21 14:57:51,TS6 護一生,品牌欄,ts6護一生,ts6,護一生,1136012,ts6,,Beauty,auto,3,True
momo,Mother & Baby,11089659,Qbi 塊樂方程式,【Qbi 塊樂方程式】1歲｜快樂上學去：方塊堆疊組(兒童節禮物/STEAM玩具/磁吸積木/軌道車/線上題卡),Qbi,1380260,98,1.3 品牌欄完全相符,2026-09-21 14:57:51,Qbi 塊樂方程式,品牌欄,qbi塊樂方程式,qbi,塊樂方程式,1380260,qbi,,Mother & Baby,auto,3,True
momo,Mother & Baby,11101628,LAC 利維喜,【LAC 利維喜】升級版優鎂鈣粉Plus-檸檬口味x5盒組(共150包/檸檬酸鈣/強力鈣粉/完美鈣鎂比例2:1),LAC,1288127,90,1.3 品牌欄完全相符,2026-09-21 14:57:51,LAC 利維喜,品牌欄,lac利維喜,lac,利維喜,1288127,lac,,Health,auto,3,True
momo,Mother & Baby,11122315,惠氏 S-26,【惠氏 S-26】官方直營 金愛兒樂嬰兒配方（再升級版(400gx24罐),S-26,3157392,98,1.3 品牌欄完全相符,2026-09-21 14:57:51,惠氏 S-26,品牌欄,惠氏s26,s26,惠氏,3157392,s26,,Mother & Baby,auto,3,True
momo,Mother & Baby,11137902,iD 怡大,【iD 怡大】復健褲 夜用型10小時極乾爽L-10片x1包(歐洲原裝進口成人紙尿褲),id,3020919,90,1.3 品牌欄完全相符,2026-09-21 14:57:51,iD 怡大,品牌欄,id怡大,id,怡大,3020919,id,,Beauty,auto,2,True
momo,Mother & Baby,11138749,Qbi 塊樂方程式,【Qbi 塊樂方程式】0歲｜寶寶看世界：感官啟蒙組(Qbi),Qbi,1380260,98,1.3 品牌欄完全相符,2026-09-21 14:57:51,Qbi 塊樂方程式,品牌欄,qbi塊樂方程式,qbi,塊樂方程式,1380260,qbi,,Mother & Baby,auto,3,True
momo,Mother & Baby,11214639,TS6 護一生,【TS6 護一生】男士舒涼極淨私密沐浴露330g+男士極戰私密噴霧25g(私密清潔沐浴露 淨味噴霧),TS6,1136012,90,1.3 品牌欄完全相符,2026-09-21 14:57:51,TS6 護一生,品牌欄,ts6護一生,ts6,護一生,1136012,ts6,,Beauty,auto,3,True
momo,Mother & Baby,11253123,,【東京 Ito】電動全自動指甲修剪器(指甲刀 老人 兒童 快速 防飛濺 防夾 磨剪 便攜 嬰兒),ITO,1216067,85,2.2 由商品名稱【】比對到品牌,2026-09-21 14:57:51,東京 Ito,標題【】,東京ito,ito,東京,1216067,ito,,Beauty,,3,True
momo,Mother & Baby,11366092,TS6 護一生,【TS6 護一生】有益菌PLUS+ 60包x3盒+30包x2盒 共240包(專利益生菌 排便順暢),TS6,1136012,90,1.3 品牌欄完全相符,2026-09-21 14:57:51,TS6 護一生,品牌欄,ts6護一生,ts6,護一生,1136012,ts6,,Beauty,auto,3,True
momo,Mother & Baby,11405928,,【東京 Ito】開門撞福免打孔防撞貼4入(福字 防撞墊 衛生間 門把手 3M黏貼),ITO,1216067,85,2.2 由商品名稱【】比對到品牌,2026-09-21 14:57:51,東京 Ito,標題【】,東京ito,ito,東京,1216067,ito,,Beauty,,3,True
momo,Mother & Baby,11405948,BS 荷蘭,【BS 荷蘭】123紅綠燈(團康遊戲 草地遊戲 戶外遊戲 趣味競賽),BS,6353151,93,1.4 品牌欄相符（品牌庫有重複，取業績最高）,2026-09-21 14:57:51,BS 荷蘭,品牌欄,bs荷蘭,bs,荷蘭,6353151,bs,,Mother & Baby,auto,2,True
momo,Mother & Baby,11411008,,【東京 Ito】嬰兒新生兒童早教訓練卡片(黑白卡片 寶寶視覺激發 色卡 初生 親子 腦部發育發展),ITO,1216067,85,2.2 由商品名稱【】比對到品牌,2026-09-21 14:57:51,東京 Ito,標題【】,東京ito,ito,東京,1216067,ito,,Beauty,,3,True
momo,Mother & Baby,11688588,,【東京 Ito】通用款嬰兒推車掛包(多功能 外出媽咪包 防水母嬰收納包 童車包 推出配件),ITO,1216067,85,2.2 由商品名稱【】比對到品牌,2026-09-21 14:57:51,東京 Ito,標題【】,東京ito,ito,東京,1216067,ito,,Beauty,,3,True
momo,Mother & Baby,11700385,,【東京 Ito】繁體字baby ABC 注音圖形認知卡(兒童早教啟蒙卡片 識字識物益智卡片),ITO,1216067,85,2.2 由商品名稱【】比對到品牌,2026-09-21 14:57:51,東京 Ito,標題【】,東京ito,ito,東京,1216067,ito,,Beauty,,3,True
momo,Mother & Baby,11987173,BS 荷蘭,【BS 荷蘭】三色保齡球(兒童保齡球 / 幼兒投球遊戲 / 室內戶外放電 / 感統訓練 / 手眼協調 / 木球撞柱 ),BS,6353151,93,1.4 品牌欄相符（品牌庫有重複，取業績最高）,2026-09-21 14:57:51,BS 荷蘭,品牌欄,bs荷蘭,bs,荷蘭,6353151,bs,,Mother & Baby,auto,2,True
momo,Mother & Baby,11995515,惠氏 S-26,【惠氏 S-26】官方直營 金幼兒樂HMO成長配方1-3歲（400gx48罐）,S-26,3157392,98,1.3 品牌欄完全相符,2026-09-21 14:57:51,惠氏 S-26,品牌欄,惠氏s26,s26,惠氏,3157392,s26,,Mother & Baby,auto,3,True
momo,Mother & Baby,12168073,,【東京 Ito】100粒 加厚防撞貼(廁所板防撞膠粒 透明靜音防撞貼 避震防滑墊椅腳廁所板玻璃門手提電腦 安全),ITO,1216067,85,2.2 由商品名稱【】比對到品牌,2026-09-21 14:57:51,東京 Ito,標題【】,東京ito,ito,東京,1216067,ito,,Beauty,,3,True
momo,Mother & Baby,12168376,惠氏 S-26,【惠氏 S-26】官方直營 金學兒樂S-HMO成長配方3-7歲（1600gx5罐）,S-26,3157392,98,1.3 品牌欄完全相符,2026-09-21 14:57:51,惠氏 S-26,品牌欄,惠氏s26,s26,惠氏,3157392,s26,,Mother & Baby,auto,3,True
momo,Mother & Baby,12201476,TS6 護一生,【TS6】男士極淨私密沐浴露 330gX2(舒涼配方+一般配方),TS6,1136012,90,1.3 品牌欄完全相符,2026-09-21 14:57:51,TS6 護一生,品牌欄,ts6護一生,ts6,護一生,1136012,ts6,,Beauty,auto,3,True
momo,Mother & Baby,12558763,惠氏 S-26,【惠氏 S-26】官方直營 金幼兒樂S-HMO配方1-3歲1600gx6罐(免運/水沖即享/溫暖營養/兒童禮物/88),S-26,3157392,98,1.3 品牌欄完全相符,2026-09-21 14:57:51,惠氏 S-26,品牌欄,惠氏s26,s26,惠氏,3157392,s26,,Mother & Baby,auto,3,True
momo,Mother & Baby,12593984,惠氏 S-26,【惠氏 S-26】官方直營 金幼兒樂S-HMO(400gx4罐+1600gx6罐),S-26,3157392,98,1.3 品牌欄完全相符,2026-09-21 14:57:51,惠氏 S-26,品牌欄,惠氏s26,s26,惠氏,3157392,s26,,Mother & Baby,auto,3,True
momo,Mother & Baby,12640137,Qbi 塊樂方程式,【Qbi 塊樂方程式】彩虹樂園系列 - 創意無限軌道組(彩虹積木/磁力片/玩具車/軌道玩具/24pcs),Qbi,1380260,98,1.3 品牌欄完全相符,2026-09-21 14:57:51,Qbi 塊樂方程式,品牌欄,qbi塊樂方程式,qbi,塊樂方程式,1380260,qbi,,Mother & Baby,auto,3,True
momo,Mother & Baby,12740261,BS 荷蘭,【BS 荷蘭】你彈我接｜戶外玩具 戶外遊戲 球拍 露營遊戲 團康遊戲 野餐 單人 雙人,BS,6353151,93,1.4 品牌欄相符（品牌庫有重複，取業績最高）,2026-09-21 14:57:51,BS 荷蘭,品牌欄,bs荷蘭,bs,荷蘭,6353151,bs,,Mother & Baby,auto,2,True
momo,Mother & Baby,12746383,HH 草本新淨界,【HH 草本新淨界】私密積雪草淨森零毛霜+私密美白緊緻凝露(50g+30g),H&H,1120001,85,1.4 品牌欄相符（品牌庫有重複，取業績最高）,2026-09-21 14:57:51,HH 草本新淨界,品牌欄,hh草本新淨界,hh,草本新淨界,1120001,hh,,Home & Living,auto,2,True
momo,Mother & Baby,12835971,惠氏 S-26,【惠氏 S-26】官方直營 金幼兒樂S-HMO(400gx2罐+1600gx6罐),S-26,3157392,98,1.3 品牌欄完全相符,2026-09-21 14:57:51,惠氏 S-26,品牌欄,惠氏s26,s26,惠氏,3157392,s26,,Mother & Baby,auto,3,True
momo,Mother & Baby,12900079,惠氏 S-26,【惠氏 S-26】官方直營 金愛兒樂嬰兒配方（再升級版）400gx3罐,S-26,3157392,98,1.3 品牌欄完全相符,2026-09-21 14:57:51,惠氏 S-26,品牌欄,惠氏s26,s26,惠氏,3157392,s26,,Mother & Baby,auto,3,True
momo,Mother & Baby,12912491,惠氏 S-26,【惠氏 S-26】官方直營 金幼兒樂HMO成長配方1-3歲（400gx48罐）,S-26,3157392,98,1.3 品牌欄完全相符,2026-09-21 14:57:51,惠氏 S-26,品牌欄,惠氏s26,s26,惠氏,3157392,s26,,Mother & Baby,auto,3,True
momo,Mother & Baby,12925872,BS 荷蘭,【BS 荷蘭】兒童吹箭遊戲 | 戶外遊戲 戶外玩具 肺活量訓練 露營遊戲 手眼協調,BS,6353151,93,1.4 品牌欄相符（品牌庫有重複，取業績最高）,2026-09-21 14:57:51,BS 荷蘭,品牌欄,bs荷蘭,bs,荷蘭,6353151,bs,,Mother & Baby,auto,2,True
momo,Mother & Baby,12958251,BS 荷蘭,【BS 荷蘭】黏巴球(魔鬼氈球 黏靶球 傳接球 拋接球 露營 野餐),BS,6353151,93,1.4 品牌欄相符（品牌庫有重複，取業績最高）,2026-09-21 14:57:51,BS 荷蘭,品牌欄,bs荷蘭,bs,荷蘭,6353151,bs,,Mother & Baby,auto,2,True
momo,Mother & Baby,13167573,惠氏 S-26,【惠氏 S-26】官方直營 金愛兒樂嬰兒配方（再升級版）(400gx1罐+850gx1罐),S-26,3157392,98,1.3 品牌欄完全相符,2026-09-21 14:57:51,惠氏 S-26,品牌欄,惠氏s26,s26,惠氏,3157392,s26,,Mother & Baby,auto,3,True
momo,Mother & Baby,13194365,,【東京 Ito】毛絨兒童卡通可愛髮圈(扎頭繩高彈性橡皮筋女髮飾品 庫洛米 布丁玉桂狗),ITO,1216067,85,2.2 由商品名稱【】比對到品牌,2026-09-21 14:57:51,東京 Ito,標題【】,東京ito,ito,東京,1216067,ito,,Beauty,,3,True
momo,Mother & Baby,13645269,BS 荷蘭,【BS 荷蘭】雙面磁性標靶(夜市遊戲 飛鏢遊戲 安全飛鏢 派對遊戲 競賽遊戲),BS,6353151,93,1.4 品牌欄相符（品牌庫有重複，取業績最高）,2026-09-21 14:57:51,BS 荷蘭,品牌欄,bs荷蘭,bs,荷蘭,6353151,bs,,Mother & Baby,auto,2,True
momo,Mother & Baby,13858091,GNC 健安喜,即期品【GNC 健安喜】益酵菌30B 30包/盒(13隻專利益生菌/雙重益生質/19種消化酵素/300億菌數/順暢有感),GNC,3495165,90,1.3 品牌欄完全相符,2026-09-21 14:57:51,GNC 健安喜,品牌欄,gnc健安喜,gnc,健安喜,3495165,gnc,,Health,auto,3,True
momo,Mother & Baby,13927884,LAC 利維喜,【LAC 利維喜】益菌群100B膠囊x2入組(共60顆/1000億益生菌/順暢有感/果寡糖/醫生推薦),LAC,1288127,90,1.3 品牌欄完全相符,2026-09-21 14:57:51,LAC 利維喜,品牌欄,lac利維喜,lac,利維喜,1288127,lac,,Health,auto,3,True
momo,Mother & Baby,14156823,HH 草本新淨界,【HH 草本新淨界】私密積雪草淨森零毛霜 50gx6入(私密淨毛 無痛理毛 自然植萃),H&H,1120001,85,1.4 品牌欄相符（品牌庫有重複，取業績最高）,2026-09-21 14:57:51,HH 草本新淨界,品牌欄,hh草本新淨界,hh,草本新淨界,1120001,hh,,Home & Living,auto,2,True
momo,Mother & Baby,14165710,HH 草本新淨界,【HH 草本新淨界】私密積雪草淨森零毛霜 50gx3入(私密淨毛 無痛理毛 自然植萃),H&H,1120001,85,1.4 品牌欄相符（品牌庫有重複，取業績最高）,2026-09-21 14:57:51,HH 草本新淨界,品牌欄,hh草本新淨界,hh,草本新淨界,1120001,hh,,Home & Living,auto,2,True
momo,Mother & Baby,14206417,惠氏 S-26,【惠氏 S-26】官方直營 金幼兒樂S-HMO配方1-3歲(1600gx12罐),S-26,3157392,98,1.3 品牌欄完全相符,2026-09-21 14:57:51,惠氏 S-26,品牌欄,惠氏s26,s26,惠氏,3157392,s26,,Mother & Baby,auto,3,True
momo,Mother & Baby,14233363,LAC 利維喜,【LAC 利維喜】升級版優鎂鈣粉Plus-檸檬口味x10盒組(共300包/強力鈣/高鈣/維他命D/膠原/鈣片),LAC,1288127,90,1.3 品牌欄完全相符,2026-09-21 14:57:51,LAC 利維喜,品牌欄,lac利維喜,lac,利維喜,1288127,lac,,Health,auto,3,True
momo,Mother & Baby,14271494,HH 草本新淨界,【HH 草本新淨界】私密玫瑰純露潔淨慕斯170mlx4入(私密清潔 私密保養 私密護理),H&H,1120001,85,1.4 品牌欄相符（品牌庫有重複，取業績最高）,2026-09-21 14:57:51,HH 草本新淨界,品牌欄,hh草本新淨界,hh,草本新淨界,1120001,hh,,Home & Living,auto,2,True
momo,Mother & Baby,14387659,HH 草本新淨界,【HH 草本新淨界】私密植萃抗菌潔淨露/私密玫瑰純露潔淨慕斯,H&H,1120001,85,1.4 品牌欄相符（品牌庫有重複，取業績最高）,2026-09-21 14:57:51,HH 草本新淨界,品牌欄,hh草本新淨界,hh,草本新淨界,1120001,hh,,Home & Living,auto,2,True
momo,Mother & Baby,14876035,TS6 護一生,【TS6 護一生】美莓優菌C PLUS+60入X2+私舒衣物手洗精300g+手洗精45g 甘露糖 私密保健 口嚼錠,TS6,1136012,90,1.3 品牌欄完全相符,2026-09-21 14:57:51,TS6 護一生,品牌欄,ts6護一生,ts6,護一生,1136012,ts6,,Beauty,auto,3,True
momo,Mother & Baby,15064143,惠氏 S-26,【惠氏 S-26】官方直營 金幼兒樂S-HMO配方1-3歲 850gx2罐 (水沖即享/溫暖營養),S-26,3157392,98,1.3 品牌欄完全相符,2026-09-21 14:57:51,惠氏 S-26,品牌欄,惠氏s26,s26,惠氏,3157392,s26,,Mother & Baby,auto,3,True
momo,Mother & Baby,15064494,惠氏 S-26,【惠氏 S-26】官方直營 金幼兒樂S-HMO配方1-3歲 850gx4罐 (水沖即享/溫暖營養),S-26,3157392,98,1.3 品牌欄完全相符,2026-09-21 14:57:51,惠氏 S-26,品牌欄,惠氏s26,s26,惠氏,3157392,s26,,Mother & Baby,auto,3,True
momo,Mother & Baby,15175381,TOi 圖益,【TOi 圖益】天官賜福漫畫 明燈三千 立體盲盒拼圖提燈 自帶氣氛燈 花城謝憐 動漫周邊桌搭擺件禮物,TOI,1802711,90,1.3 品牌欄完全相符,2026-09-21 14:57:51,TOi 圖益,品牌欄,toi圖益,toi,圖益,1802711,toi,,Life & Entertainment,auto,3,True
momo,Mother & Baby,3351300,TS6 護一生,【TS6 護一生】私密美白-超美白香氛誘霜(120gX2瓶),TS6,1136012,90,1.3 品牌欄完全相符,2026-09-21 14:57:51,TS6 護一生,品牌欄,ts6護一生,ts6,護一生,1136012,ts6,,Beauty,auto,3,True
momo,Mother & Baby,4585209,TS6 護一生,【TS6護一生】極淨白私密潔膚露250g(私密美白 私密清潔),TS6,1136012,90,1.3 品牌欄完全相符,2026-09-21 14:57:51,TS6 護一生,品牌欄,ts6護一生,ts6,護一生,1136012,ts6,,Beauty,auto,3,True
momo,Mother & Baby,5255936,GB 綠鐘,【GB 綠鐘】GREEN BELL日本綠鐘不銹鋼多用途安全嬰兒剪(NO-69),gb,4405709,93,1.4 品牌欄相符（品牌庫有重複，取業績最高）,2026-09-21 14:57:51,GB 綠鐘,品牌欄,gb綠鐘,gb,綠鐘,4405709,gb,,Mother & Baby,auto,2,True
momo,Mother & Baby,5409425,HH 草本新淨界,【HH 草本新淨界】私密植萃抗菌潔淨露200ml(私密清潔 私密保養 私密護理),H&H,1120001,85,1.4 品牌欄相符（品牌庫有重複，取業績最高）,2026-09-21 14:57:51,HH 草本新淨界,品牌欄,hh草本新淨界,hh,草本新淨界,1120001,hh,,Home & Living,auto,2,True
momo,Mother & Baby,5410585,HH 草本新淨界,【HH 草本新淨界】私密潔淨舒緩噴霧50ml(私密保養 私密噴霧 私密香水),H&H,1120001,85,1.4 品牌欄相符（品牌庫有重複，取業績最高）,2026-09-21 14:57:51,HH 草本新淨界,品牌欄,hh草本新淨界,hh,草本新淨界,1120001,hh,,Home & Living,auto,2,True
momo,Mother & Baby,5410753,HH 草本新淨界,【HH 草本新淨界】私密植萃美白緊緻凝露30ml(私密美白 保濕緊緻 私密緊實),H&H,1120001,85,1.4 品牌欄相符（品牌庫有重複，取業績最高）,2026-09-21 14:57:51,HH 草本新淨界,品牌欄,hh草本新淨界,hh,草本新淨界,1120001,hh,,Home & Living,auto,2,True
momo,Mother & Baby,5460735,HH 草本新淨界,【HH 草本新淨界】私密潔淨舒緩噴霧50mlx2入(私密噴霧 私密香水),H&H,1120001,85,1.4 品牌欄相符（品牌庫有重複，取業績最高）,2026-09-21 14:57:51,HH 草本新淨界,品牌欄,hh草本新淨界,hh,草本新淨界,1120001,hh,,Home & Living,auto,2,True
momo,Mother & Baby,5460779,HH 草本新淨界,【HH 草本新淨界】私密植萃抗菌潔淨露+私密潔淨舒緩噴霧(200ml+50ml),H&H,1120001,85,1.4 品牌欄相符（品牌庫有重複，取業績最高）,2026-09-21 14:57:51,HH 草本新淨界,品牌欄,hh草本新淨界,hh,草本新淨界,1120001,hh,,Home & Living,auto,2,True
momo,Mother & Baby,5707691,GB 綠鐘,【GB 綠鐘】GREEN BELL日本綠鐘嬰幼兒專用安全聶子夾(BA-101),gb,4405709,93,1.4 品牌欄相符（品牌庫有重複，取業績最高）,2026-09-21 14:57:51,GB 綠鐘,品牌欄,gb綠鐘,gb,綠鐘,4405709,gb,,Mother & Baby,auto,2,True
momo,Mother & Baby,5789647,nip 德國,【nip】德國嬰幼兒餐具組-9入組(餐盤+學習短湯匙),nip,1097167,98,1.3 品牌欄完全相符,2026-09-21 14:57:51,nip 德國,品牌欄,nip德國,nip,德國,1097167,nip,,Mother & Baby,,3,True
momo,Mother & Baby,5789701,nip 德國,【nip】嬰幼兒餐具組-13入組(餐盤+學習短湯匙+圍兜4件組),nip,1097167,98,1.3 品牌欄完全相符,2026-09-21 14:57:51,nip 德國,品牌欄,nip德國,nip,德國,1097167,nip,,Mother & Baby,,3,True
momo,Mother & Baby,6112373,TS6 護一生,【TS6】乳鐵益菌-專屬兒童(2gx30包),TS6,1136012,90,1.3 品牌欄完全相符,2026-09-21 14:57:51,TS6 護一生,品牌欄,ts6護一生,ts6,護一生,1136012,ts6,,Beauty,auto,3,True
momo,Mother & Baby,6135153,HH 草本新淨界,【HH 草本新淨界】寶貝燕麥植物油身體乳霜300g(寶寶乳液 身體乳液 滋潤保濕),H&H,1120001,85,1.4 品牌欄相符（品牌庫有重複，取業績最高）,2026-09-21 14:57:51,HH 草本新淨界,品牌欄,hh草本新淨界,hh,草本新淨界,1120001,hh,,Home & Living,auto,2,True
momo,Mother & Baby,6135155,HH 草本新淨界,【HH草本新淨界】寶貝燕麥敏弱護臀膏100g(屁屁膏 寶寶肌膚修護 寶寶保養),H&H,1120001,85,1.4 品牌欄相符（品牌庫有重複，取業績最高）,2026-09-21 14:57:51,HH 草本新淨界,品牌欄,hh草本新淨界,hh,草本新淨界,1120001,hh,,Home & Living,auto,2,True
momo,Mother & Baby,6135230,HH 草本新淨界,【HH草本新淨界】寶貝2合一燕麥敏弱沐浴乳500g(寶寶清潔 寶寶沐浴乳 兒童沐浴乳),H&H,1120001,85,1.4 品牌欄相符（品牌庫有重複，取業績最高）,2026-09-21 14:57:51,HH 草本新淨界,品牌欄,hh草本新淨界,hh,草本新淨界,1120001,hh,,Home & Living,auto,2,True
momo,Mother & Baby,6135231,HH 草本新淨界,【HH 草本新淨界】寶貝燕麥皂素泡泡浴露500g(寶寶清潔 寶寶保養 兒童沐浴乳),H&H,1120001,85,1.4 品牌欄相符（品牌庫有重複，取業績最高）,2026-09-21 14:57:51,HH 草本新淨界,品牌欄,hh草本新淨界,hh,草本新淨界,1120001,hh,,Home & Living,auto,2,True
momo,Mother & Baby,6135232,HH 草本新淨界,【HH 草本新淨界】H寶貝燕麥奇異修復霜40g(寶寶肌膚修護 寶寶保養),H&H,1120001,85,1.4 品牌欄相符（品牌庫有重複，取業績最高）,2026-09-21 14:57:51,HH 草本新淨界,品牌欄,hh草本新淨界,hh,草本新淨界,1120001,hh,,Home & Living,auto,2,True
momo,Mother & Baby,6265520,LAC 利維喜,【LAC 利維喜】升級版優鎂鈣粉Plus-檸檬口味x1盒組(共30包/D3/檸檬酸鈣/強力鈣粉/完美鈣鎂比例2:1),LAC,1288127,90,1.3 品牌欄完全相符,2026-09-21 14:57:51,LAC 利維喜,品牌欄,lac利維喜,lac,利維喜,1288127,lac,,Health,auto,3,True
momo,Mother & Baby,6288628,LAC 利維喜,【LAC 利維喜】升級版優鎂鈣粉Plus-檸檬口味x1盒組(共60包/檸檬酸鈣/膠原/鈣+D3),LAC,1288127,90,1.3 品牌欄完全相符,2026-09-21 14:57:51,LAC 利維喜,品牌欄,lac利維喜,lac,利維喜,1288127,lac,,Health,auto,3,True
momo,Mother & Baby,6626713,BS 荷蘭,【荷蘭BS】你丟我躲四人(合作競賽 丟球遊戲 軟球玩具),BS,6353151,93,1.4 品牌欄相符（品牌庫有重複，取業績最高）,2026-09-21 14:57:51,BS 荷蘭,品牌欄,bs荷蘭,bs,荷蘭,6353151,bs,,Mother & Baby,auto,2,True
momo,Mother & Baby,6673893,HH 草本新淨界,【HH 草本新淨界】私密玫瑰純露潔淨慕斯170ml(私密清潔 私密保養 私密護理),H&H,1120001,85,1.4 品牌欄相符（品牌庫有重複，取業績最高）,2026-09-21 14:57:51,HH 草本新淨界,品牌欄,hh草本新淨界,hh,草本新淨界,1120001,hh,,Home & Living,auto,2,True
momo,Mother & Baby,6677897,HH 草本新淨界,【HH 草本新淨界】寶貝燕麥皂素泡泡浴露(500gX2),H&H,1120001,85,1.4 品牌欄相符（品牌庫有重複，取業績最高）,2026-09-21 14:57:51,HH 草本新淨界,品牌欄,hh草本新淨界,hh,草本新淨界,1120001,hh,,Home & Living,auto,2,True
momo,Mother & Baby,6685867,HH 草本新淨界,【HH 草本新淨界】寶貝燕麥奇異修復霜(40gX2),H&H,1120001,85,1.4 品牌欄相符（品牌庫有重複，取業績最高）,2026-09-21 14:57:51,HH 草本新淨界,品牌欄,hh草本新淨界,hh,草本新淨界,1120001,hh,,Home & Living,auto,2,True
momo,Mother & Baby,6724309,HH 草本新淨界,【HH 草本新淨界】寶貝燕麥液態爽身粉(100gX2),H&H,1120001,85,1.4 品牌欄相符（品牌庫有重複，取業績最高）,2026-09-21 14:57:51,HH 草本新淨界,品牌欄,hh草本新淨界,hh,草本新淨界,1120001,hh,,Home & Living,auto,2,True
momo,Mother & Baby,6786517,BS 荷蘭,【BS 荷蘭】射擊123(射擊遊戲 夜市遊戲 闖關遊戲 派對遊戲 競賽遊戲),BS,6353151,93,1.4 品牌欄相符（品牌庫有重複，取業績最高）,2026-09-21 14:57:51,BS 荷蘭,品牌欄,bs荷蘭,bs,荷蘭,6353151,bs,,Mother & Baby,auto,2,True
momo,Mother & Baby,7857211,BS 荷蘭,【BS 荷蘭】圈圈標靶(夜市遊戲 套圈遊戲 競賽遊戲 派對遊戲),BS,6353151,93,1.4 品牌欄相符（品牌庫有重複，取業績最高）,2026-09-21 14:57:51,BS 荷蘭,品牌欄,bs荷蘭,bs,荷蘭,6353151,bs,,Mother & Baby,auto,2,True
momo,Mother & Baby,7913452,LAC 利維喜,【LAC 利維喜】兒童鈣高高果凍-葡萄口味x1盒組(共30包/維他命C+D/乳酸鈣/不含糖/紅藻鈣),LAC,1288127,90,1.3 品牌欄完全相符,2026-09-21 14:57:51,LAC 利維喜,品牌欄,lac利維喜,lac,利維喜,1288127,lac,,Health,auto,3,True
momo,Mother & Baby,7913456,LAC 利維喜,【LAC 利維喜】兒童益護力果凍-荔枝口味x1盒組(共30包/乳酸菌/葡萄籽/維生素C+E),LAC,1288127,90,1.3 品牌欄完全相符,2026-09-21 14:57:51,LAC 利維喜,品牌欄,lac利維喜,lac,利維喜,1288127,lac,,Health,auto,3,True
momo,Mother & Baby,7987390,BS 荷蘭,【荷蘭BS】丟罐子-動物(夜市遊戲 園遊會遊戲 丟罐子遊戲),BS,6353151,93,1.4 品牌欄相符（品牌庫有重複，取業績最高）,2026-09-21 14:57:51,BS 荷蘭,品牌欄,bs荷蘭,bs,荷蘭,6353151,bs,,Mother & Baby,auto,2,True
momo,Mother & Baby,8111764,LAC 利維喜,【LAC 利維喜】兒童鈣高高果凍-葡萄口味x3盒組(共90包/維他命C+D/乳酸鈣/紅藻鈣),LAC,1288127,90,1.3 品牌欄完全相符,2026-09-21 14:57:51,LAC 利維喜,品牌欄,lac利維喜,lac,利維喜,1288127,lac,,Health,auto,3,True
momo,Mother & Baby,8111766,LAC 利維喜,【LAC 利維喜】兒童益護力果凍-荔枝口味x3盒組(共90包/乳酸菌/維生素C+E),LAC,1288127,90,1.3 品牌欄完全相符,2026-09-21 14:57:51,LAC 利維喜,品牌欄,lac利維喜,lac,利維喜,1288127,lac,,Health,auto,3,True
momo,Mother & Baby,8420919,HH 草本新淨界,【HH草本新淨界】私密植萃抗菌潔淨露200mlx2入(私密清潔 私密保養),H&H,1120001,85,1.4 品牌欄相符（品牌庫有重複，取業績最高）,2026-09-21 14:57:51,HH 草本新淨界,品牌欄,hh草本新淨界,hh,草本新淨界,1120001,hh,,Home & Living,auto,2,True
momo,Mother & Baby,8454501,HH 草本新淨界,【HH 草本新淨界】寶貝燕麥植物油身體乳霜(300gX2),H&H,1120001,85,1.4 品牌欄相符（品牌庫有重複，取業績最高）,2026-09-21 14:57:51,HH 草本新淨界,品牌欄,hh草本新淨界,hh,草本新淨界,1120001,hh,,Home & Living,auto,2,True
momo,Mother & Baby,8454526,HH 草本新淨界,【HH 草本新淨界】HH寶貝燕麥奇異修復霜40gX2(寶寶清潔 寶寶保養),H&H,1120001,85,1.4 品牌欄相符（品牌庫有重複，取業績最高）,2026-09-21 14:57:51,HH 草本新淨界,品牌欄,hh草本新淨界,hh,草本新淨界,1120001,hh,,Home & Living,auto,2,True
momo,Mother & Baby,8750946,TS6 護一生,【TS6 護一生】極淨白私密潔膚露250g+蜜桃煥白凝膠45g(私密清潔 私密美白保養),TS6,1136012,90,1.3 品牌欄完全相符,2026-09-21 14:57:51,TS6 護一生,品牌欄,ts6護一生,ts6,護一生,1136012,ts6,,Beauty,auto,3,True
momo,Mother & Baby,8790159,TS6 護一生,【TS6 護一生】極淨白私密潔膚露250gx3入(私密美白 私密清潔),TS6,1136012,90,1.3 品牌欄完全相符,2026-09-21 14:57:51,TS6 護一生,品牌欄,ts6護一生,ts6,護一生,1136012,ts6,,Beauty,auto,3,True
momo,Mother & Baby,8790160,TS6 護一生,【TS6 護一生】蜜愛潤滑液(100gx3入),TS6,1136012,90,1.3 品牌欄完全相符,2026-09-21 14:57:51,TS6 護一生,品牌欄,ts6護一生,ts6,護一生,1136012,ts6,,Beauty,auto,3,True
momo,Mother & Baby,8924582,TS6 護一生,【TS6 護一生】私密清潔沁涼潔淨凝露(250gx3入),TS6,1136012,90,1.3 品牌欄完全相符,2026-09-21 14:57:51,TS6 護一生,品牌欄,ts6護一生,ts6,護一生,1136012,ts6,,Beauty,auto,3,True
momo,Mother & Baby,9108363,TS6 護一生,【TS6 護一生】男士極淨私密沐浴露(330gX1),TS6,1136012,90,1.3 品牌欄完全相符,2026-09-21 14:57:51,TS6 護一生,品牌欄,ts6護一生,ts6,護一生,1136012,ts6,,Beauty,auto,3,True
momo,Mother & Baby,9133453,GB 綠鐘,【GB 綠鐘】GREEN BELL日本綠鐘附套嬰幼兒專用安全修容剪刀(BA-001),gb,4405709,93,1.4 品牌欄相符（品牌庫有重複，取業績最高）,2026-09-21 14:57:51,GB 綠鐘,品牌欄,gb綠鐘,gb,綠鐘,4405709,gb,,Mother & Baby,auto,2,True
momo,Mother & Baby,9133454,GB 綠鐘,【GB 綠鐘】GREEN BELL日本綠鐘嬰幼兒鼻用雙頭安全夾(BA-002),gb,4405709,93,1.4 品牌欄相符（品牌庫有重複，取業績最高）,2026-09-21 14:57:51,GB 綠鐘,品牌欄,gb綠鐘,gb,綠鐘,4405709,gb,,Mother & Baby,auto,2,True
momo,Mother & Baby,9207172,HH 草本新淨界,【HH 草本新淨界】私密經期抗菌舒緩噴霧PLUS30mlx2入(私密噴霧 經期噴霧),H&H,1120001,85,1.4 品牌欄相符（品牌庫有重複，取業績最高）,2026-09-21 14:57:51,HH 草本新淨界,品牌欄,hh草本新淨界,hh,草本新淨界,1120001,hh,,Home & Living,auto,2,True
momo,Mother & Baby,9242682,HH 草本新淨界,【HH 草本新淨界】私密潔淨舒緩噴霧50mlx3入(私密噴霧 私密香水),H&H,1120001,85,1.4 品牌欄相符（品牌庫有重複，取業績最高）,2026-09-21 14:57:51,HH 草本新淨界,品牌欄,hh草本新淨界,hh,草本新淨界,1120001,hh,,Home & Living,auto,2,True
momo,Mother & Baby,9251199,HH 草本新淨界,【HH 草本新淨界】私密玫瑰慕斯+潔淨舒緩噴霧+美白緊緻凝露+衣物抗菌手洗精(170ml+50ml+30ml+200ml),H&H,1120001,85,1.4 品牌欄相符（品牌庫有重複，取業績最高）,2026-09-21 14:57:51,HH 草本新淨界,品牌欄,hh草本新淨界,hh,草本新淨界,1120001,hh,,Home & Living,auto,2,True
momo,Mother & Baby,9280597,HH 草本新淨界,【HH 草本新淨界】私密植萃美白緊緻凝露30mlx2入(私密美白 私密保養),H&H,1120001,85,1.4 品牌欄相符（品牌庫有重複，取業績最高）,2026-09-21 14:57:51,HH 草本新淨界,品牌欄,hh草本新淨界,hh,草本新淨界,1120001,hh,,Home & Living,auto,2,True
momo,Mother & Baby,9298699,BS 荷蘭,【荷蘭BS】眼高手低洞洞拍(體能遊戲 肢體協調 專注力),BS,6353151,93,1.4 品牌欄相符（品牌庫有重複，取業績最高）,2026-09-21 14:57:51,BS 荷蘭,品牌欄,bs荷蘭,bs,荷蘭,6353151,bs,,Mother & Baby,auto,2,True
momo,Mother & Baby,9298701,BS 荷蘭,【荷蘭BS】旋轉跳繩(體能遊戲 肢體協調 平衡感 肌肉發展),BS,6353151,93,1.4 品牌欄相符（品牌庫有重複，取業績最高）,2026-09-21 14:57:51,BS 荷蘭,品牌欄,bs荷蘭,bs,荷蘭,6353151,bs,,Mother & Baby,auto,2,True
momo,Mother & Baby,9686996,BS 荷蘭,【荷蘭BS】兔子的枕頭大戰(投擲遊戲 室內遊戲 戶外遊戲),BS,6353151,93,1.4 品牌欄相符（品牌庫有重複，取業績最高）,2026-09-21 14:57:51,BS 荷蘭,品牌欄,bs荷蘭,bs,荷蘭,6353151,bs,,Mother & Baby,auto,2,True
momo,Mother & Baby,9854856,HH 草本新淨界,【HH草本新淨界】私密植萃美白緊緻凝露30mlx3入(私密美白 私密保養),H&H,1120001,85,1.4 品牌欄相符（品牌庫有重複，取業績最高）,2026-09-21 14:57:51,HH 草本新淨界,品牌欄,hh草本新淨界,hh,草本新淨界,1120001,hh,,Home & Living,auto,2,True
momo,Mother & Baby,9880170,TS6 護一生,【TS6】男士極淨私密沐浴露330gX2(男士 私密清潔),TS6,1136012,90,1.3 品牌欄完全相符,2026-09-21 14:57:51,TS6 護一生,品牌欄,ts6護一生,ts6,護一生,1136012,ts6,,Beauty,auto,3,True
momo,Motors,10210851,KYK 古河,【KYK 古河】22-022 玻璃除菌油膜清潔劑E+,KYK,1095269,98,1.3 品牌欄完全相符,2026-09-21 15:01:38,KYK 古河,品牌欄,kyk古河,kyk,古河,1095269,kyk,,Motors,auto,3,True
momo,Motors,10210852,KYK 古河,【KYK 古河】22-031 鋁圈泡沫清潔劑 500ml(鋁圈清潔 胎框清潔),KYK,1095269,98,1.3 品牌欄完全相符,2026-09-21 15:01:38,KYK 古河,品牌欄,kyk古河,kyk,古河,1095269,kyk,,Motors,auto,3,True
momo,Motors,10210854,KYK 古河,【KYK】22-068 超強效蟲屍去除劑500ml,KYK,1095269,98,1.3 品牌欄完全相符,2026-09-21 15:01:38,KYK 古河,品牌欄,kyk古河,kyk,古河,1095269,kyk,,Motors,auto,3,True
momo,Motors,10211006,KYK 古河,【KYK 古河】17-032 強力除蟲屍雨刷精2L,KYK,1095269,98,1.3 品牌欄完全相符,2026-09-21 15:01:38,KYK 古河,品牌欄,kyk古河,kyk,古河,1095269,kyk,,Motors,auto,3,True
momo,Motors,10211008,KYK 古河,【KYK 古河】21-029 鍍膜蠟洗車精 2公升(全車色對應),KYK,1095269,98,1.3 品牌欄完全相符,2026-09-21 15:01:38,KYK 古河,品牌欄,kyk古河,kyk,古河,1095269,kyk,,Motors,auto,3,True
momo,Motors,10211015,KYK 古河,【KYK 古河】17-026 強力除油膜雨刷精2L 日本原裝進口,KYK,1095269,98,1.3 品牌欄完全相符,2026-09-21 15:01:38,KYK 古河,品牌欄,kyk古河,kyk,古河,1095269,kyk,,Motors,auto,3,True
momo,Motors,11392582,KYK 古河,【KYK 古河】22-052 汽車輪胎亮光蠟 500ml,KYK,1095269,98,1.3 品牌欄完全相符,2026-09-21 15:01:38,KYK 古河,品牌欄,kyk古河,kyk,古河,1095269,kyk,,Motors,auto,3,True
momo,Motors,11394618,KYK 古河,【KYK 古河】01-001 電瓶補充液-透明 1L,KYK,1095269,98,1.3 品牌欄完全相符,2026-09-21 15:01:38,KYK 古河,品牌欄,kyk古河,kyk,古河,1095269,kyk,,Motors,auto,3,True
momo,Motors,11483317,BNN 斌瀛,【BNN 斌瀛】冰酷防曬涼感袖套 高彈性透氣(UPF50+ 黑/麻灰),BNN,1214754,90,1.3 品牌欄完全相符,2026-09-21 15:01:38,BNN 斌瀛,品牌欄,bnn斌瀛,bnn,斌瀛,1214754,bnn,,Books,auto,3,True
momo,Motors,11751454,KYK 古河,【KYK 古河】12-108 超彈雨撥水濃縮雨刷精2L 日本原裝進口,KYK,1095269,98,1.3 品牌欄完全相符,2026-09-21 15:01:38,KYK 古河,品牌欄,kyk古河,kyk,古河,1095269,kyk,,Motors,auto,3,True
momo,Motors,11751456,KYK 古河,【KYK 古河】22-150 輪胎光澤養護鍍膜-大 1L 日本製,KYK,1095269,98,1.3 品牌欄完全相符,2026-09-21 15:01:38,KYK 古河,品牌欄,kyk古河,kyk,古河,1095269,kyk,,Motors,auto,3,True
momo,Motors,11751508,KYK 古河,【KYK 古河】12-007 EX除油膜2倍濃縮雨刷精2L 日本原裝進口,KYK,1095269,98,1.3 品牌欄完全相符,2026-09-21 15:01:38,KYK 古河,品牌欄,kyk古河,kyk,古河,1095269,kyk,,Motors,auto,3,True
momo,Motors,11751509,KYK 古河,【KYK 古河】10-301 超濃縮除油膜雨刷精300ml(日本原裝進口),KYK,1095269,98,1.3 品牌欄完全相符,2026-09-21 15:01:38,KYK 古河,品牌欄,kyk古河,kyk,古河,1095269,kyk,,Motors,auto,3,True
momo,Motors,11751511,KYK 古河,【KYK 古河】22-970 Raku Raku 超撥水封體鍍膜 500ml,KYK,1095269,98,1.3 品牌欄完全相符,2026-09-21 15:01:38,KYK 古河,品牌欄,kyk古河,kyk,古河,1095269,kyk,,Motors,auto,3,True
momo,Motors,12588013,BNN 斌瀛,【BNN 斌瀛】圓堡包多功能防水安全帽收納袋 全罩式安全帽袋 購物袋(台灣防水尼龍布料),BNN,1214754,90,1.3 品牌欄完全相符,2026-09-21 15:01:38,BNN 斌瀛,品牌欄,bnn斌瀛,bnn,斌瀛,1214754,bnn,,Books,auto,3,True
momo,Motors,13488452,KYK 古河,【KYK 古河】長效型水箱精2L LLC93%(汽/柴油車適用),KYK,1095269,98,1.3 品牌欄完全相符,2026-09-21 15:01:38,KYK 古河,品牌欄,kyk古河,kyk,古河,1095269,kyk,,Motors,auto,3,True
momo,Motors,13588083,BNN 斌瀛,【BNN 斌瀛】HA7哈奇安全帽透氣網套 可水洗 重複使用(二入),BNN,1214754,90,1.3 品牌欄完全相符,2026-09-21 15:01:38,BNN 斌瀛,品牌欄,bnn斌瀛,bnn,斌瀛,1214754,bnn,,Books,auto,3,True
momo,Motors,13690887,PQI 勁永,【PQI 勁永】磁吸無線充電車載支架 MagSafe 15W快充 WCS15W-A1(球形轉軸設計 360°多向可調),pqi,1107508,90,1.3 品牌欄完全相符,2026-09-21 15:01:38,PQI 勁永,品牌欄,pqi勁永,pqi,勁永,1107508,pqi,,Mobile & Gadgets,auto,3,True
momo,Motors,14043205,KYK 古河,【KYK】21-047 極綿密泡沫！中性濃縮洗車精2L(全車色適用 50倍超濃縮),KYK,1095269,98,1.3 品牌欄完全相符,2026-09-21 15:01:38,KYK 古河,品牌欄,kyk古河,kyk,古河,1095269,kyk,,Motors,auto,3,True
momo,Motors,7859799,BNN 斌瀛,【BNN 斌瀛】六爪造型透氣安全帽襯墊 竹炭 纖維 除臭 防止禿頭(二入組),BNN,1214754,90,1.3 品牌欄完全相符,2026-09-21 15:01:38,BNN 斌瀛,品牌欄,bnn斌瀛,bnn,斌瀛,1214754,bnn,,Books,auto,3,True
momo,Motors,9071290,KYK 古河,【KYK】01-151 超強化電瓶補充液1L(日本原裝進口電瓶水 電瓶強化補充液),KYK,1095269,98,1.3 品牌欄完全相符,2026-09-21 15:01:38,KYK 古河,品牌欄,kyk古河,kyk,古河,1095269,kyk,,Motors,auto,3,True
momo,Motors,9071291,KYK 古河,【KYK 古河】12-091 VAC超純水雨刷精2L 撥水玻璃適用 -30℃抗寒防凍,KYK,1095269,98,1.3 品牌欄完全相符,2026-09-21 15:01:38,KYK 古河,品牌欄,kyk古河,kyk,古河,1095269,kyk,,Motors,auto,3,True
momo,Motors,9071292,KYK 古河,【KYK 古河】12-106 前擋玻璃撥水雨刷精2L,KYK,1095269,98,1.3 品牌欄完全相符,2026-09-21 15:01:38,KYK 古河,品牌欄,kyk古河,kyk,古河,1095269,kyk,,Motors,auto,3,True
momo,Motors,9076180,KYK 古河,【KYK 古河】16-405 強力除油膜濃縮雨刷精400ml 日本原裝進口,KYK,1095269,98,1.3 品牌欄完全相符,2026-09-21 15:01:38,KYK 古河,品牌欄,kyk古河,kyk,古河,1095269,kyk,,Motors,auto,3,True
momo,Motors,9078889,KYK 古河,【KYK 古河】20-621 超濃縮200倍中性洗車精 600ml(濃縮洗車精),KYK,1095269,98,1.3 品牌欄完全相符,2026-09-21 15:01:38,KYK 古河,品牌欄,kyk古河,kyk,古河,1095269,kyk,,Motors,auto,3,True
momo,Motors,9078890,KYK 古河,【KYK 古河】20-622 中性40倍濃縮洗車精 600ml(濃縮洗車精),KYK,1095269,98,1.3 品牌欄完全相符,2026-09-21 15:01:38,KYK 古河,品牌欄,kyk古河,kyk,古河,1095269,kyk,,Motors,auto,3,True
momo,Motors,9079165,KYK 古河,【KYK】21-022 強效泡沫洗車精2L(全車色適用),KYK,1095269,98,1.3 品牌欄完全相符,2026-09-21 15:01:38,KYK 古河,品牌欄,kyk古河,kyk,古河,1095269,kyk,,Motors,auto,3,True
momo,Motors,9080330,KYK 古河,【KYK】21-028 除蠟去垢洗車精 2L(全車色適用),KYK,1095269,98,1.3 品牌欄完全相符,2026-09-21 15:01:38,KYK 古河,品牌欄,kyk古河,kyk,古河,1095269,kyk,,Motors,auto,3,True
momo,Motors,9080331,KYK 古河,【KYK】21-034鍍膜車專用洗車精 2L(全車色適用),KYK,1095269,98,1.3 品牌欄完全相符,2026-09-21 15:01:38,KYK 古河,品牌欄,kyk古河,kyk,古河,1095269,kyk,,Motors,auto,3,True
momo,Motors,9081604,KYK 古河,【KYK】21-069 撥水鍍膜增豔劑洗車精 2L(全車色適用),KYK,1095269,98,1.3 品牌欄完全相符,2026-09-21 15:01:38,KYK 古河,品牌欄,kyk古河,kyk,古河,1095269,kyk,,Motors,auto,3,True
momo,Motors,9091090,KYK 古河,【KYK 古河】22-050 輪胎亮光增豔蠟 500ml(輪胎蠟),KYK,1095269,98,1.3 品牌欄完全相符,2026-09-21 15:01:38,KYK 古河,品牌欄,kyk古河,kyk,古河,1095269,kyk,,Motors,auto,3,True
momo,Motors,9091091,KYK 古河,【KYK 古河】22-089 鏡面增豔鍍膜 500ml(鍍膜蠟 鏡面蠟 棕櫚蠟 噴蠟 車蠟 汽車鍍膜),KYK,1095269,98,1.3 品牌欄完全相符,2026-09-21 15:01:38,KYK 古河,品牌欄,kyk古河,kyk,古河,1095269,kyk,,Motors,auto,3,True
momo,Motors,9091092,KYK 古河,【KYK 古河】30-381 全效能水箱性能提升保護劑300ml(日本製水箱精 高效散熱 防鏽抗凍 水箱保護劑),KYK,1095269,98,1.3 品牌欄完全相符,2026-09-21 15:01:38,KYK 古河,品牌欄,kyk古河,kyk,古河,1095269,kyk,,Motors,auto,3,True
momo,Motors,9091093,KYK 古河,【KYK 古河】30-401 免稀釋水箱精補充液400ml(紅),KYK,1095269,98,1.3 品牌欄完全相符,2026-09-21 15:01:38,KYK 古河,品牌欄,kyk古河,kyk,古河,1095269,kyk,,Motors,auto,3,True
momo,Motors,9091094,KYK 古河,【KYK 古河】30-402 免稀釋水箱精補充液400ml(綠),KYK,1095269,98,1.3 品牌欄完全相符,2026-09-21 15:01:38,KYK 古河,品牌欄,kyk古河,kyk,古河,1095269,kyk,,Motors,auto,3,True
momo,Motors,9098028,KYK 古河,【KYK 古河】58-102 DOT-4競技煞車油1L(日本原裝進口 BF-4),KYK,1095269,98,1.3 品牌欄完全相符,2026-09-21 15:01:38,KYK 古河,品牌欄,kyk古河,kyk,古河,1095269,kyk,,Motors,auto,3,True
momo,Motors,9098029,KYK 古河,【KYK】60-214 鮮烈汽油用水拔劑200ml(汽油精 水份去除劑),KYK,1095269,98,1.3 品牌欄完全相符,2026-09-21 15:01:38,KYK 古河,品牌欄,kyk古河,kyk,古河,1095269,kyk,,Motors,auto,3,True
momo,Motors,9098030,KYK 古河,【KYK 古河】61-210 鮮烈柴油用水拔劑 200m(水分去除劑),KYK,1095269,98,1.3 品牌欄完全相符,2026-09-21 15:01:38,KYK 古河,品牌欄,kyk古河,kyk,古河,1095269,kyk,,Motors,auto,3,True
momo,Motors,9098031,KYK 古河,【KYK 古河】63-001 汽油燃油系統清淨劑G 180ml(汽油精),KYK,1095269,98,1.3 品牌欄完全相符,2026-09-21 15:01:38,KYK 古河,品牌欄,kyk古河,kyk,古河,1095269,kyk,,Motors,auto,3,True
momo,Motors,9099972,KYK 古河,【KYK 古河】63-009 燃油系統清潔及油箱除水劑 300ml(水份去除劑),KYK,1095269,98,1.3 品牌欄完全相符,2026-09-21 15:01:38,KYK 古河,品牌欄,kyk古河,kyk,古河,1095269,kyk,,Motors,auto,3,True
momo,Motors,9110433,KYK 古河,【KYK 古河】63-017 燃油系統強效清淨劑G300ml(汽油精 汽油添加劑 燃油添加劑 噴油嘴清潔劑 燃油清潔劑),KYK,1095269,98,1.3 品牌欄完全相符,2026-09-21 15:01:38,KYK 古河,品牌欄,kyk古河,kyk,古河,1095269,kyk,,Motors,auto,3,True
momo,Motors,9110436,KYK 古河,【KYK 古河】63-090 專業全效保養組(汽油添加劑+水箱保護劑 日本原裝進口),KYK,1095269,98,1.3 品牌欄完全相符,2026-09-21 15:01:38,KYK 古河,品牌欄,kyk古河,kyk,古河,1095269,kyk,,Motors,auto,3,True
momo,Motors,9110439,KYK 古河,【KYK 古河】63-101 柴油噴射系統清淨劑D 180ml(柴油精),KYK,1095269,98,1.3 品牌欄完全相符,2026-09-21 15:01:38,KYK 古河,品牌欄,kyk古河,kyk,古河,1095269,kyk,,Motors,auto,3,True
momo,Motors,9113926,KYK 古河,【KYK 古河】52-039 長效水箱精 LLC52%-紅 2L(水箱精),KYK,1095269,98,1.3 品牌欄完全相符,2026-09-21 15:01:38,KYK 古河,品牌欄,kyk古河,kyk,古河,1095269,kyk,,Motors,auto,3,True
momo,Motors,9113927,KYK 古河,【KYK 古河】52-040 長效水箱精 LLC52%-綠 2L(水箱精),KYK,1095269,98,1.3 品牌欄完全相符,2026-09-21 15:01:38,KYK 古河,品牌欄,kyk古河,kyk,古河,1095269,kyk,,Motors,auto,3,True
momo,Motors,9262644,KYK 古河,【KYK 古河】30-424 LLC50%水箱防鏽冷卻液補充瓶-藍色 400ml(水箱精),KYK,1095269,98,1.3 品牌欄完全相符,2026-09-21 15:01:38,KYK 古河,品牌欄,kyk古河,kyk,古河,1095269,kyk,,Motors,auto,3,True
momo,Motors,9262653,KYK 古河,【KYK 古河】30-423 LLC50%水箱防鏽冷卻液補充瓶-紅色 400ml(水箱精),KYK,1095269,98,1.3 品牌欄完全相符,2026-09-21 15:01:38,KYK 古河,品牌欄,kyk古河,kyk,古河,1095269,kyk,,Motors,auto,3,True
momo,Pets,10236937,YU 東方森草,【YU 東方森草】輕奢淡香沐浴露250ml(沐浴乳/犬貓沐浴乳/沐浴露/洗毛精),yu',1114633,93,1.4 品牌欄相符（品牌庫有重複，取業績最高）,2026-09-21 15:00:38,YU 東方森草,品牌欄,yu東方森草,yu,東方森草,1114633,yu,,Pets,auto,2,True
momo,Pets,10284684,B.P 愛美力,【愛美力】全齡貓飼料7kg(兩入組 口味任選),bp,1097853,90,1.3 品牌欄完全相符,2026-09-21 15:00:38,B.P 愛美力,品牌欄,bp愛美力,bp,愛美力,1097853,bp,,Motors,auto,2,True
momo,Pets,10361198,T.N.A. 悠遊,【T.N.A. 悠遊】悠遊鮮食餐包150g/24入組-犬貓適用(寵物鮮食/即食餐包),T.N.A.,1114615,93,1.4 品牌欄相符（品牌庫有重複，取業績最高）,2026-09-21 15:00:38,T.N.A. 悠遊,品牌欄,tna悠遊,tna,悠遊,1114615,tna,,Pets,auto,3,True
momo,Pets,10534243,T.N.A. 悠遊,【T.N.A. 悠遊】Palette半封閉式單層貓砂盆-三色可選(附贈貓砂鏟),T.N.A.,1114615,93,1.4 品牌欄相符（品牌庫有重複，取業績最高）,2026-09-21 15:00:38,T.N.A. 悠遊,品牌欄,tna悠遊,tna,悠遊,1114615,tna,,Pets,auto,3,True
momo,Pets,10838890,T.N.A. 悠遊,【T.N.A. 悠遊】狗狗說Tasty犬用主食罐165g/單罐入-成犬適用(狗罐頭/狗主食罐),T.N.A.,1114615,93,1.4 品牌欄相符（品牌庫有重複，取業績最高）,2026-09-21 15:00:38,T.N.A. 悠遊,品牌欄,tna悠遊,tna,悠遊,1114615,tna,,Pets,auto,3,True
momo,Pets,10838892,T.N.A. 悠遊,【T.N.A. 悠遊】狗狗說Tasty犬用主食罐165g/12入組-成犬適用(狗罐頭/狗主食罐),T.N.A.,1114615,93,1.4 品牌欄相符（品牌庫有重複，取業績最高）,2026-09-21 15:00:38,T.N.A. 悠遊,品牌欄,tna悠遊,tna,悠遊,1114615,tna,,Pets,auto,3,True
momo,Pets,11500744,T.N.A. 悠遊,【T.N.A. 悠遊】加大尺寸肉泥餵食器-附攪拌棒,T.N.A.,1114615,93,1.4 品牌欄相符（品牌庫有重複，取業績最高）,2026-09-21 15:00:38,T.N.A. 悠遊,品牌欄,tna悠遊,tna,悠遊,1114615,tna,,Pets,auto,3,True
momo,Pets,11504804,T.N.A. 悠遊,【T.N.A. 悠遊】自嗨小玩具-你的鞋帶掉了(逗貓棒/貓玩具),T.N.A.,1114615,93,1.4 品牌欄相符（品牌庫有重複，取業績最高）,2026-09-21 15:00:38,T.N.A. 悠遊,品牌欄,tna悠遊,tna,悠遊,1114615,tna,,Pets,auto,3,True
momo,Pets,11592233,OＭO 歐姆貓,【OＭO 歐姆貓】機能補水罐80g*24入(貓罐、貓補水罐、全齡貓),OMO,3203129,85,1.4 品牌欄相符（品牌庫有重複，取業績最高）,2026-09-21 15:00:38,OMO 歐姆貓,品牌欄,omo歐姆貓,omo,歐姆貓,3203129,omo,,Home & Living,,3,True
momo,Pets,11836107,T.N.A. 悠遊,【T.N.A. 悠遊】鮮點系列-天然原肉零食3包組(犬貓零食/寵物肉乾),T.N.A.,1114615,93,1.4 品牌欄相符（品牌庫有重複，取業績最高）,2026-09-21 15:00:38,T.N.A. 悠遊,品牌欄,tna悠遊,tna,悠遊,1114615,tna,,Pets,auto,3,True
momo,Pets,11836109,T.N.A. 悠遊,【T.N.A. 悠遊】保健系列-保健營養錠80錠/4包組-關節/維生素/皮毛/腸胃-全齡犬貓(寵物保健食品/保健零食),T.N.A.,1114615,93,1.4 品牌欄相符（品牌庫有重複，取業績最高）,2026-09-21 15:00:38,T.N.A. 悠遊,品牌欄,tna悠遊,tna,悠遊,1114615,tna,,Pets,auto,3,True
momo,Pets,12007550,GB 綠鐘,【GB 綠鐘】日本綠鐘寵物用不銹鋼毛髮修飾剪刀(PE-002),gb,4405709,85,1.4 品牌欄相符（品牌庫有重複，取業績最高）,2026-09-21 15:00:38,GB 綠鐘,品牌欄,gb綠鐘,gb,綠鐘,4405709,gb,,Mother & Baby,auto,2,True
momo,Pets,12007551,GB 綠鐘,【GB 綠鐘】GREEN BELL日本綠鐘寵物用不銹鋼凹凸雙面彎弧型指甲銼刀(PE-003),gb,4405709,85,1.4 品牌欄相符（品牌庫有重複，取業績最高）,2026-09-21 15:00:38,GB 綠鐘,品牌欄,gb綠鐘,gb,綠鐘,4405709,gb,,Mother & Baby,auto,2,True
momo,Pets,12608416,T.N.A. 悠遊,【T.N.A. 悠遊】厚肉肉Hoorooroo營養主食貓罐/有料湯肉貓罐80g/12罐組-全齡貓(貓主食罐/貓副食罐),T.N.A.,1114615,93,1.4 品牌欄相符（品牌庫有重複，取業績最高）,2026-09-21 15:00:38,T.N.A. 悠遊,品牌欄,tna悠遊,tna,悠遊,1114615,tna,,Pets,auto,3,True
momo,Pets,12608417,T.N.A. 悠遊,【T.N.A. 悠遊】厚肉肉Hoorooroo營養主食貓罐/有料湯肉貓罐80g/48罐組-全齡貓(貓主食罐/貓副食罐),T.N.A.,1114615,93,1.4 品牌欄相符（品牌庫有重複，取業績最高）,2026-09-21 15:00:38,T.N.A. 悠遊,品牌欄,tna悠遊,tna,悠遊,1114615,tna,,Pets,auto,3,True
momo,Pets,13566397,OＭO 歐姆貓,【OＭO 歐姆貓】蜂王乳綿密主食餐包60g*20入(貓主食、貓餐包、主食餐包、蜂王乳貓餐包),OMO,3203129,85,1.4 品牌欄相符（品牌庫有重複，取業績最高）,2026-09-21 15:00:38,OMO 歐姆貓,品牌欄,omo歐姆貓,omo,歐姆貓,3203129,omo,,Home & Living,,3,True
momo,Pets,13600665,T.N.A. 悠遊,【T.N.A. 悠遊】厚肉肉Hoorooroo早點貓肉泥15g*4入/包-全齡貓(貓零食/貓點心),T.N.A.,1114615,93,1.4 品牌欄相符（品牌庫有重複，取業績最高）,2026-09-21 15:00:38,T.N.A. 悠遊,品牌欄,tna悠遊,tna,悠遊,1114615,tna,,Pets,auto,3,True
momo,Pets,13833502,,【東京 Ito】百變貓隧道玩具(絨毛氈 逗貓玩具 芝士樹洞貓窩 自由組合貓玩具 cat tunnel),ITO,1216067,85,2.2 由商品名稱【】比對到品牌,2026-09-21 15:00:38,東京 Ito,標題【】,東京ito,ito,東京,1216067,ito,,Beauty,,3,True
momo,Pets,14230807,GHR 健康主義,即期品【GHR 健康主義】無穀貓糧_鮭魚配方3lbs(美國貓飼料 貓糧 貓飼料),GHR,1083601,98,1.3 品牌欄完全相符,2026-09-21 15:00:38,GHR 健康主義,品牌欄,ghr健康主義,ghr,健康主義,1083601,ghr,,Pets,auto,3,True
momo,Pets,14230808,GHR 健康主義,即期品【GHR 健康主義】無殼犬糧-雞肉配方3lbs(美國狗飼料 狗糧 犬飼料),GHR,1083601,98,1.3 品牌欄完全相符,2026-09-21 15:00:38,GHR 健康主義,品牌欄,ghr健康主義,ghr,健康主義,1083601,ghr,,Pets,auto,3,True
momo,Pets,14372533,T.N.A. 悠遊,【T.N.A. 悠遊】狗狗說Tasty早點蛋條15g*4入/包X12包組-全齡犬(狗蛋條/狗零食/狗點心),T.N.A.,1114615,93,1.4 品牌欄相符（品牌庫有重複，取業績最高）,2026-09-21 15:00:38,T.N.A. 悠遊,品牌欄,tna悠遊,tna,悠遊,1114615,tna,,Pets,auto,3,True
momo,Pets,14378466,T.N.A. 悠遊,【T.N.A. 悠遊】厚肉肉Hoorooroo早點貓肉泥15g*4入/包X12包組-全齡貓(貓零食/貓點心),T.N.A.,1114615,93,1.4 品牌欄相符（品牌庫有重複，取業績最高）,2026-09-21 15:00:38,T.N.A. 悠遊,品牌欄,tna悠遊,tna,悠遊,1114615,tna,,Pets,auto,3,True
momo,Pets,14378490,T.N.A. 悠遊,【T.N.A. 悠遊】食補系列-喵喵待補手工零食30g/6包組(貓零食/寵物肉乾),T.N.A.,1114615,93,1.4 品牌欄相符（品牌庫有重複，取業績最高）,2026-09-21 15:00:38,T.N.A. 悠遊,品牌欄,tna悠遊,tna,悠遊,1114615,tna,,Pets,auto,3,True
momo,Pets,14378492,T.N.A. 悠遊,【T.N.A. 悠遊】食補系列-嗷嗷待補手工零食60g/6包組-全齡犬(狗零食/寵物肉乾),T.N.A.,1114615,93,1.4 品牌欄相符（品牌庫有重複，取業績最高）,2026-09-21 15:00:38,T.N.A. 悠遊,品牌欄,tna悠遊,tna,悠遊,1114615,tna,,Pets,auto,3,True
momo,Pets,14805817,GHR 健康主義,即期品【GHR 健康主義】無穀貓糧_雞肉配方3lbs(美國貓飼料 貓糧 貓飼料),GHR,1083601,98,1.3 品牌欄完全相符,2026-09-21 15:00:38,GHR 健康主義,品牌欄,ghr健康主義,ghr,健康主義,1083601,ghr,,Pets,auto,3,True
momo,Pets,14805818,GHR 健康主義,即期品【GHR 健康主義】無殼犬糧-鮭魚配方3lbs(美國狗飼料 狗糧 犬飼料),GHR,1083601,98,1.3 品牌欄完全相符,2026-09-21 15:00:38,GHR 健康主義,品牌欄,ghr健康主義,ghr,健康主義,1083601,ghr,,Pets,auto,3,True
momo,Pets,15400349,T.N.A. 悠遊,【T.N.A. 悠遊】厚肉肉Hoorooroo海陸精華主食貓罐80g/6罐組-全齡貓(貓罐頭/機能主食罐),T.N.A.,1114615,93,1.4 品牌欄相符（品牌庫有重複，取業績最高）,2026-09-21 15:00:38,T.N.A. 悠遊,品牌欄,tna悠遊,tna,悠遊,1114615,tna,,Pets,auto,3,True
momo,Pets,15400350,T.N.A. 悠遊,【T.N.A. 悠遊】厚肉肉Hoorooroo海陸精華主食貓罐80g/24罐組-全齡貓(機能主食罐/貓主食罐),T.N.A.,1114615,93,1.4 品牌欄相符（品牌庫有重複，取業績最高）,2026-09-21 15:00:38,T.N.A. 悠遊,品牌欄,tna悠遊,tna,悠遊,1114615,tna,,Pets,auto,3,True
momo,Pets,15406308,T.N.A. 悠遊,【T.N.A. 悠遊】毛守醫研科學保健-鼠兔毛菌優(兔子保健/兔子排毛/兔子益生菌/天竺鼠保健/鼠兔保健),T.N.A.,1114615,93,1.4 品牌欄相符（品牌庫有重複，取業績最高）,2026-09-21 15:00:38,T.N.A. 悠遊,品牌欄,tna悠遊,tna,悠遊,1114615,tna,,Pets,auto,3,True
momo,Pets,15406309,T.N.A. 悠遊,【T.N.A. 悠遊】毛守醫研科學保健-護膚肝/樂呼心/安泌舒/肌關好(犬貓保健/寵物保健/犬貓營養),T.N.A.,1114615,93,1.4 品牌欄相符（品牌庫有重複，取業績最高）,2026-09-21 15:00:38,T.N.A. 悠遊,品牌欄,tna悠遊,tna,悠遊,1114615,tna,,Pets,auto,3,True
momo,Pets,2362799,B.P 愛美力,【愛美力】全齡貓糧-多種口味7kg(貓乾糧/貓飼料),bp,1097853,90,1.3 品牌欄完全相符,2026-09-21 15:00:38,B.P 愛美力,品牌欄,bp愛美力,bp,愛美力,1097853,bp,,Motors,auto,2,True
momo,Pets,4954621,YU 東方森草,【YU 東方森草】櫻花亮瑩乾洗潔淨噴霧2件組(洗毛精/寵物洗毛精/狗洗毛精),yu',1114633,93,1.4 品牌欄相符（品牌庫有重複，取業績最高）,2026-09-21 15:00:38,YU 東方森草,品牌欄,yu東方森草,yu,東方森草,1114633,yu,,Pets,auto,2,True
momo,Pets,5887687,T.N.A. 悠遊,【T.N.A. 悠遊】悠遊鮮食餐包-雙享系列150g/9入組-犬貓適用(寵物鮮食/即食餐包),T.N.A.,1114615,93,1.4 品牌欄相符（品牌庫有重複，取業績最高）,2026-09-21 15:00:38,T.N.A. 悠遊,品牌欄,tna悠遊,tna,悠遊,1114615,tna,,Pets,auto,3,True
momo,Pets,6436367,API 魚博士,【魚博士】去毒淨水生物濾材 283g,API,1088305,98,1.3 品牌欄完全相符,2026-09-21 15:00:38,API 魚博士,品牌欄,api魚博士,api,魚博士,1088305,api,,Pets,auto,3,True
momo,Pets,6436368,API 魚博士,【魚博士】硝酸鹽測試-NO3,API,1088305,98,1.3 品牌欄完全相符,2026-09-21 15:00:38,API 魚博士,品牌欄,api魚博士,api,魚博士,1088305,api,,Pets,auto,3,True
momo,Pets,6446993,API 魚博士,【魚博士】KH碳酸鹽硬度測試劑,API,1088305,98,1.3 品牌欄完全相符,2026-09-21 15:00:38,API 魚博士,品牌欄,api魚博士,api,魚博士,1088305,api,,Pets,auto,3,True
momo,Pets,6635505,API 魚博士,【魚博士】淡水硝酸鹽濾材210g,API,1088305,98,1.3 品牌欄完全相符,2026-09-21 15:00:38,API 魚博士,品牌欄,api魚博士,api,魚博士,1088305,api,,Pets,auto,3,True
momo,Pets,6635510,API 魚博士,【魚博士】超強效活性碳素 260g,API,1088305,98,1.3 品牌欄完全相符,2026-09-21 15:00:38,API 魚博士,品牌欄,api魚博士,api,魚博士,1088305,api,,Pets,auto,3,True
momo,Pets,7000211,NOW 娜奧,【NOW 娜奧】寵物Omega-3魚油軟膠囊180顆-Now Foods(提供Omega-3脂肪酸營養),NOW,2387626,85,1.4 品牌欄相符（品牌庫有重複，取業績最高）,2026-09-21 15:00:38,NOW 娜奧,品牌欄,now娜奧,now,娜奧,2387626,now,,Health,auto,3,True
momo,Pets,7000212,NOW 娜奧,【NOW 娜奧】貓用L-離胺酸粉226.8g-Now Foods(L-Lysine/配方不含麩質/貓離胺酸/寵物),NOW,2387626,85,1.4 品牌欄相符（品牌庫有重複，取業績最高）,2026-09-21 15:00:38,NOW 娜奧,品牌欄,now娜奧,now,娜奧,2387626,now,,Health,auto,3,True
momo,Pets,7544276,YU 東方森草,【YU 東方森草】紫雲肌膚修護寵物沐浴乳400ml(寵物洗毛精/狗洗毛精),yu',1114633,93,1.4 品牌欄相符（品牌庫有重複，取業績最高）,2026-09-21 15:00:38,YU 東方森草,品牌欄,yu東方森草,yu,東方森草,1114633,yu,,Pets,auto,2,True
momo,Pets,7544281,YU 東方森草,【YU 東方森草】何首烏活髮寵物沐浴乳400ml(洗毛精/寵物洗毛精/狗洗毛精),yu',1114633,93,1.4 品牌欄相符（品牌庫有重複，取業績最高）,2026-09-21 15:00:38,YU 東方森草,品牌欄,yu東方森草,yu,東方森草,1114633,yu,,Pets,auto,2,True
momo,Pets,7544282,YU 東方森草,【YU 東方森草】荔枝彈力寵物沐浴乳400ml(洗毛精/寵物洗毛精/狗洗毛精),yu',1114633,93,1.4 品牌欄相符（品牌庫有重複，取業績最高）,2026-09-21 15:00:38,YU 東方森草,品牌欄,yu東方森草,yu,東方森草,1114633,yu,,Pets,auto,2,True
momo,Pets,7544283,YU 東方森草,【YU 東方森草】櫻花亮瑩寵物沐浴乳400ml(洗毛精/寵物洗毛精/狗洗毛精),yu',1114633,93,1.4 品牌欄相符（品牌庫有重複，取業績最高）,2026-09-21 15:00:38,YU 東方森草,品牌欄,yu東方森草,yu,東方森草,1114633,yu,,Pets,auto,2,True
momo,Pets,7544284,YU 東方森草,【YU 東方森草】蘭花凍齡抗老寵物沐浴乳400ml(寵物洗毛精/狗洗毛精),yu',1114633,93,1.4 品牌欄相符（品牌庫有重複，取業績最高）,2026-09-21 15:00:38,YU 東方森草,品牌欄,yu東方森草,yu,東方森草,1114633,yu,,Pets,auto,2,True
momo,Pets,7544286,YU 東方森草,【YU 東方森草】蓮花舒敏寵物沐浴乳400ml(洗毛精/寵物洗毛精/狗洗毛精),yu',1114633,93,1.4 品牌欄相符（品牌庫有重複，取業績最高）,2026-09-21 15:00:38,YU 東方森草,品牌欄,yu東方森草,yu,東方森草,1114633,yu,,Pets,auto,2,True
momo,Pets,7544287,YU 東方森草,【YU 東方森草】牡丹制菌寵物沐浴乳400ml(洗毛精/寵物洗毛精/狗洗毛精),yu',1114633,93,1.4 品牌欄相符（品牌庫有重複，取業績最高）,2026-09-21 15:00:38,YU 東方森草,品牌欄,yu東方森草,yu,東方森草,1114633,yu,,Pets,auto,2,True
momo,Pets,7544288,YU 東方森草,【YU 東方森草】山茶花修護寵物沐浴乳400ml(洗毛精/寵物洗毛精/狗洗毛精),yu',1114633,93,1.4 品牌欄相符（品牌庫有重複，取業績最高）,2026-09-21 15:00:38,YU 東方森草,品牌欄,yu東方森草,yu,東方森草,1114633,yu,,Pets,auto,2,True
momo,Pets,7908801,T.N.A. 悠遊,【T.N.A. 悠遊】食補系列-喵喵待補手工零食30g(貓零食/寵物肉乾),T.N.A.,1114615,93,1.4 品牌欄相符（品牌庫有重複，取業績最高）,2026-09-21 15:00:38,T.N.A. 悠遊,品牌欄,tna悠遊,tna,悠遊,1114615,tna,,Pets,auto,3,True
momo,Pets,7934849,T.N.A. 悠遊,【T.N.A. 悠遊】悠遊鮮食餐包150g/12入組-犬貓適用(寵物鮮食/即食餐包),T.N.A.,1114615,93,1.4 品牌欄相符（品牌庫有重複，取業績最高）,2026-09-21 15:00:38,T.N.A. 悠遊,品牌欄,tna悠遊,tna,悠遊,1114615,tna,,Pets,auto,3,True
momo,Pets,7934850,T.N.A. 悠遊,【T.N.A. 悠遊】鮮點系列-天然原肉零食(犬貓零食/寵物肉乾),T.N.A.,1114615,93,1.4 品牌欄相符（品牌庫有重複，取業績最高）,2026-09-21 15:00:38,T.N.A. 悠遊,品牌欄,tna悠遊,tna,悠遊,1114615,tna,,Pets,auto,3,True
momo,Pets,8813345,T.N.A. 悠遊,【T.N.A. 悠遊】厚肉肉Hoorooroo營養主食貓罐80g/6罐組-全齡貓(貓罐頭/機能主食罐),T.N.A.,1114615,93,1.4 品牌欄相符（品牌庫有重複，取業績最高）,2026-09-21 15:00:38,T.N.A. 悠遊,品牌欄,tna悠遊,tna,悠遊,1114615,tna,,Pets,auto,3,True
momo,Pets,8817315,T.N.A. 悠遊,【T.N.A. 悠遊】厚肉肉Hoorooroo營養主食貓罐80g/24罐組-全齡貓(機能主食罐/貓主食罐),T.N.A.,1114615,93,1.4 品牌欄相符（品牌庫有重複，取業績最高）,2026-09-21 15:00:38,T.N.A. 悠遊,品牌欄,tna悠遊,tna,悠遊,1114615,tna,,Pets,auto,3,True
momo,Pets,8851487,NEO 天淨,【NEO 天淨】天然豆腐貓砂6L-3入組(貓砂/原味/綠茶),neo,1096846,98,1.3 品牌欄完全相符,2026-09-21 15:00:38,NEO 天淨,品牌欄,neo天淨,neo,天淨,1096846,neo,,Pets,,3,True
momo,Pets,9186031,NHV 藥草獸醫,【NHV 藥草獸醫】PLANTAERIS 腸道不拉照護營養飲100ml(寵物保健/腸胃道/消化道),NHV,1303949,98,1.3 品牌欄完全相符,2026-09-21 15:00:38,NHV 藥草獸醫,品牌欄,nhv藥草獸醫,nhv,藥草獸醫,1303949,nhv,,Pets,auto,3,True
momo,Pets,9186033,NHV 藥草獸醫,【NHV 藥草獸醫】TRIPSY 腎臟膀胱泌尿照護營養飲100mlx1(寵物保健/狗泌尿/貓泌尿),NHV,1303949,98,1.3 品牌欄完全相符,2026-09-21 15:00:38,NHV 藥草獸醫,品牌欄,nhv藥草獸醫,nhv,藥草獸醫,1303949,nhv,,Pets,auto,3,True
momo,Pets,9186034,NHV 藥草獸醫,【NHV 藥草獸醫】RESP-AID 支氣管照護營養飲100ml(寵物保健/氣管/支氣管/狗/貓),NHV,1303949,98,1.3 品牌欄完全相符,2026-09-21 15:00:38,NHV 藥草獸醫,品牌欄,nhv藥草獸醫,nhv,藥草獸醫,1303949,nhv,,Pets,auto,3,True
momo,Pets,9186036,NHV 藥草獸醫,【NHV 藥草獸醫】STIMMUNE 全方位免疫照護營養飲(寵物保健/狗/貓/免疫力),NHV,1303949,98,1.3 品牌欄完全相符,2026-09-21 15:00:38,NHV 藥草獸醫,品牌欄,nhv藥草獸醫,nhv,藥草獸醫,1303949,nhv,,Pets,auto,3,True
momo,Pets,9337606,GHR 健康主義,即期品【GHR 健康主義】貓用無穀主食罐(175G X24罐 全齡貓 紐西蘭貓罐頭 紐罐 貓主食罐 刷尾負鼠 雞肉),GHR,1083601,98,1.3 品牌欄完全相符,2026-09-21 15:00:38,GHR 健康主義,品牌欄,ghr健康主義,ghr,健康主義,1083601,ghr,,Pets,auto,3,True
momo,Pets,9790206,T.N.A. 悠遊,【T.N.A. 悠遊】悠遊鮮食餐包-經典系列150g/9入組-犬貓適用(寵物鮮食/即食餐包),T.N.A.,1114615,93,1.4 品牌欄相符（品牌庫有重複，取業績最高）,2026-09-21 15:00:38,T.N.A. 悠遊,品牌欄,tna悠遊,tna,悠遊,1114615,tna,,Pets,auto,3,True
momo,Pets,9831787,YU 東方森草,【YU 東方森草】寵物沐浴乳400mlx1(洗毛精/寵物洗毛精/狗洗毛精),yu',1114633,93,1.4 品牌欄相符（品牌庫有重複，取業績最高）,2026-09-21 15:00:38,YU 東方森草,品牌欄,yu東方森草,yu,東方森草,1114633,yu,,Pets,auto,2,True
momo,Pets,9839392,A-mi 阿咪,【A-mi阿咪】天然環保豆腐砂6L原味/綠茶(3包組),ami,1098253,85,1.4 品牌欄相符（品牌庫有重複，取業績最高）,2026-09-21 15:00:38,A-mi 阿咪,品牌欄,ami阿咪,ami,阿咪,1098253,ami,,Men's Apparel,,3,True
momo,Shoes,13812719,,【東京 Ito】不濕鞋神器防水鞋貼(不髒鞋 鞋子下雨天 運動鞋防磨防滑貼 防髒防水磨腳貼 shoes wet),ITO,1216067,85,2.2 由商品名稱【】比對到品牌,2026-09-21 15:02:26,東京 Ito,標題【】,東京ito,ito,東京,1216067,ito,,Beauty,,3,True
momo,Sports & Outdoors,10209718,TAS 極限運動,【TAS 極限運動】負重款 無繩+有繩 兩用式 電子計數跳繩(負重跳繩 計數跳繩 無繩跳繩 健身跳繩),TAS,1100263,90,1.3 品牌欄完全相符,2026-09-21 14:59:59,TAS 極限運動,品牌欄,tas極限運動,tas,極限運動,1100263,tas,,Shoes,auto,3,True
momo,Sports & Outdoors,10237006,TAS 極限運動,【TAS 極限運動】乳膠絲 超高120磅 臀部拉力帶(阻力帶/瑜伽帶/提臀帶/健力帶/阻力訓練帶),TAS,1100263,90,1.3 品牌欄完全相符,2026-09-21 14:59:59,TAS 極限運動,品牌欄,tas極限運動,tas,極限運動,1100263,tas,,Shoes,auto,3,True
momo,Sports & Outdoors,10464234,BSN 畢斯恩,【BSN 畢斯恩】Syntha-6 Edge 尖端綜合乳清蛋白 4.23磅(巧克力奶昔),BSN,1142696,98,1.3 品牌欄完全相符,2026-09-21 14:59:59,BSN 畢斯恩,品牌欄,bsn畢斯恩,bsn,畢斯恩,1142696,bsn,,Sports & Outdoors,auto,3,True
momo,Sports & Outdoors,10465726,BSN 畢斯恩,【BSN 畢斯恩】Syntha-6 Edge 尖端綜合乳清蛋白 4.02磅(草莓奶昔),BSN,1142696,98,1.3 品牌欄完全相符,2026-09-21 14:59:59,BSN 畢斯恩,品牌欄,bsn畢斯恩,bsn,畢斯恩,1142696,bsn,,Sports & Outdoors,auto,3,True
momo,Sports & Outdoors,10465727,BSN 畢斯恩,【BSN 畢斯恩】Syntha-6 Edge 尖端綜合乳清蛋白 4.23磅(奶油餅乾),BSN,1142696,98,1.3 品牌欄完全相符,2026-09-21 14:59:59,BSN 畢斯恩,品牌欄,bsn畢斯恩,bsn,畢斯恩,1142696,bsn,,Sports & Outdoors,auto,3,True
momo,Sports & Outdoors,10465731,BSN 畢斯恩,【BSN 畢斯恩】Syntha-6 Edge 尖端綜合乳清蛋白 2.47磅(巧克力奶昔),BSN,1142696,98,1.3 品牌欄完全相符,2026-09-21 14:59:59,BSN 畢斯恩,品牌欄,bsn畢斯恩,bsn,畢斯恩,1142696,bsn,,Sports & Outdoors,auto,3,True
momo,Sports & Outdoors,10465734,BSN 畢斯恩,【BSN 畢斯恩】Syntha-6 Isolate 綜合分離乳清蛋白 4.02磅(草莓奶昔),BSN,1142696,98,1.3 品牌欄完全相符,2026-09-21 14:59:59,BSN 畢斯恩,品牌欄,bsn畢斯恩,bsn,畢斯恩,1142696,bsn,,Sports & Outdoors,auto,3,True
momo,Sports & Outdoors,10465747,BSN 畢斯恩,【BSN 畢斯恩】Syntha-6 Isolate 綜合分離乳清蛋白 4.02磅(花生醬餅乾),BSN,1142696,98,1.3 品牌欄完全相符,2026-09-21 14:59:59,BSN 畢斯恩,品牌欄,bsn畢斯恩,bsn,畢斯恩,1142696,bsn,,Sports & Outdoors,auto,3,True
momo,Sports & Outdoors,10465749,BSN 畢斯恩,【BSN 畢斯恩】Syntha-6 Isolate 綜合分離乳清蛋白 4.02磅(巧克力花生醬),BSN,1142696,98,1.3 品牌欄完全相符,2026-09-21 14:59:59,BSN 畢斯恩,品牌欄,bsn畢斯恩,bsn,畢斯恩,1142696,bsn,,Sports & Outdoors,auto,3,True
momo,Sports & Outdoors,11207089,CS 嚴選,【CS 嚴選】歐美風格機能性輕薄貼身運動腰包/旅行隱形腰帶/登山自行車路跑萬用腰包(跑步/旅遊/隨身收納),C&S,2838752,84,1.3 品牌欄完全相符,2026-09-21 14:59:59,CS 嚴選,品牌欄,cs嚴選,cs,嚴選,2838752,cs,,Home & Living,,2,True
momo,Sports & Outdoors,11254496,,【東京 Ito】一次性便攜式雨衣球 淺藍球+透明雨衣(壓縮球形 兒童 成人 便利 緊急 登山 旅行 遠行 郊遊),ITO,1216067,85,2.2 由商品名稱【】比對到品牌,2026-09-21 14:59:59,東京 Ito,標題【】,東京ito,ito,東京,1216067,ito,,Beauty,,3,True
momo,Sports & Outdoors,11262924,,【東京 Ito】1入左右通用簡易型運動護膝(跑步 籃球 舞蹈 跪地 排球 透氣護具 保暖護膝蓋),ITO,1216067,85,2.2 由商品名稱【】比對到品牌,2026-09-21 14:59:59,東京 Ito,標題【】,東京ito,ito,東京,1216067,ito,,Beauty,,3,True
momo,Sports & Outdoors,11262925,,【東京 Ito】5入尼龍高彈性護指支撐套(籃球 排球 登山 騎腳踏車 運動護具 護手指 關節),ITO,1216067,85,2.2 由商品名稱【】比對到品牌,2026-09-21 14:59:59,東京 Ito,標題【】,東京ito,ito,東京,1216067,ito,,Beauty,,3,True
momo,Sports & Outdoors,11262932,,【東京 Ito】左右通用簡易型運動手套(健身手套 鍛煉 保護 重訓 護腕 護掌 護手 運動器材),ITO,1216067,85,2.2 由商品名稱【】比對到品牌,2026-09-21 14:59:59,東京 Ito,標題【】,東京ito,ito,東京,1216067,ito,,Beauty,,3,True
momo,Sports & Outdoors,11262933,,【東京 Ito】1入通用款運動康復護踝套(保暖 保健 扭傷 登山 爬山 足球 籃球 騎行 跑步 棉),ITO,1216067,85,2.2 由商品名稱【】比對到品牌,2026-09-21 14:59:59,東京 Ito,標題【】,東京ito,ito,東京,1216067,ito,,Beauty,,3,True
momo,Sports & Outdoors,11262934,,【東京 Ito】2入 護腳踝跑步保護套(保暖 運動 脖護腳腕 腳後跟 中年 老人 膝痛 血液循環 均碼),ITO,1216067,85,2.2 由商品名稱【】比對到品牌,2026-09-21 14:59:59,東京 Ito,標題【】,東京ito,ito,東京,1216067,ito,,Beauty,,3,True
momo,Sports & Outdoors,11262935,,【東京 Ito】防扭傷鬆緊運動固定腳腕護踝套(康復 籃球 透氣 加壓 護腳踝 可調節X固定 舒服 男女通用),ITO,1216067,85,2.2 由商品名稱【】比對到品牌,2026-09-21 14:59:59,東京 Ito,標題【】,東京ito,ito,東京,1216067,ito,,Beauty,,3,True
momo,Sports & Outdoors,11295790,,【東京 Ito】女士冰絲全包圍護眼角防曬面罩(春夏季 戶外 騎行 遮陽 開口透氣 布口罩 紫外線 UPF50+),ITO,1216067,85,2.2 由商品名稱【】比對到品牌,2026-09-21 14:59:59,東京 Ito,標題【】,東京ito,ito,東京,1216067,ito,,Beauty,,3,True
momo,Sports & Outdoors,11347927,BNN 斌瀛,【BNN 斌瀛】冰酷瞬涼多功能手腕巾I 運動/健身(單入 H),BNN,1214754,90,1.3 品牌欄完全相符,2026-09-21 14:59:59,BNN 斌瀛,品牌欄,bnn斌瀛,bnn,斌瀛,1214754,bnn,,Books,auto,3,True
momo,Sports & Outdoors,11405893,,【東京 Ito】漸變色冰絲防曬面罩(戶外 騎行 遮陽 開口 透氣 護眼角 布口罩 紫外線 UPF50+),ITO,1216067,85,2.2 由商品名稱【】比對到品牌,2026-09-21 14:59:59,東京 Ito,標題【】,東京ito,ito,東京,1216067,ito,,Beauty,,3,True
momo,Sports & Outdoors,11429696,BSN 畢斯恩,【BSN 畢斯恩】Syntha-6 頂級綜合乳清蛋白 10磅(巧克力奶昔),BSN,1142696,98,1.3 品牌欄完全相符,2026-09-21 14:59:59,BSN 畢斯恩,品牌欄,bsn畢斯恩,bsn,畢斯恩,1142696,bsn,,Sports & Outdoors,auto,3,True
momo,Sports & Outdoors,11429697,BSN 畢斯恩,【BSN 畢斯恩】Syntha-6 頂級綜合乳清蛋白 10磅(香草冰淇淋),BSN,1142696,98,1.3 品牌欄完全相符,2026-09-21 14:59:59,BSN 畢斯恩,品牌欄,bsn畢斯恩,bsn,畢斯恩,1142696,bsn,,Sports & Outdoors,auto,3,True
momo,Sports & Outdoors,11586228,,【東京 Ito】28寸 行李箱保護套(透明 加厚 耐磨 防水 拉桿箱套 旅行皮箱套),ITO,1216067,85,2.2 由商品名稱【】比對到品牌,2026-09-21 14:59:59,東京 Ito,標題【】,東京ito,ito,東京,1216067,ito,,Beauty,,3,True
momo,Sports & Outdoors,11586229,,【東京 Ito】30寸 行李箱保護套(透明 加厚 耐磨 防水 拉桿箱套 旅行皮箱套 luggage cover),ITO,1216067,85,2.2 由商品名稱【】比對到品牌,2026-09-21 14:59:59,東京 Ito,標題【】,東京ito,ito,東京,1216067,ito,,Beauty,,3,True
momo,Sports & Outdoors,11691000,,【東京 Ito】實用款針織運動護腕 8X11cm(護具 護手腕 吸汗),ITO,1216067,85,2.2 由商品名稱【】比對到品牌,2026-09-21 14:59:59,東京 Ito,標題【】,東京ito,ito,東京,1216067,ito,,Beauty,,3,True
momo,Sports & Outdoors,11732673,,【東京 Ito】一次性點斷式CPE鞋套 100只(便攜鞋套 室內加厚防水 防塵腳套 防滑 居家 機房 廠房 會展廳),ITO,1216067,85,2.2 由商品名稱【】比對到品牌,2026-09-21 14:59:59,東京 Ito,標題【】,東京ito,ito,東京,1216067,ito,,Beauty,,3,True
momo,Sports & Outdoors,11756921,BSN 畢斯恩,【BSN 畢斯恩】肌酸309克(原味),BSN,1142696,98,1.3 品牌欄完全相符,2026-09-21 14:59:59,BSN 畢斯恩,品牌欄,bsn畢斯恩,bsn,畢斯恩,1142696,bsn,,Sports & Outdoors,auto,3,True
momo,Sports & Outdoors,11817292,,【東京 Ito】紫色 鋁合金行李牌(行李箱吊牌 拉絲箱包配件 行李牌 旅行用品 行李登機牌飛機),ITO,1216067,85,2.2 由商品名稱【】比對到品牌,2026-09-21 14:59:59,東京 Ito,標題【】,東京ito,ito,東京,1216067,ito,,Beauty,,3,True
momo,Sports & Outdoors,11847187,,【東京 Ito】黑色運動膠布 5cm × 500cm(彈性肌肉膠帶 運動繃帶拉傷膠布 治療運動傷害 姿勢矯正),ITO,1216067,85,2.2 由商品名稱【】比對到品牌,2026-09-21 14:59:59,東京 Ito,標題【】,東京ito,ito,東京,1216067,ito,,Beauty,,3,True
momo,Sports & Outdoors,12775138,BNN 斌瀛,【BNN 斌瀛】W雙拉鍊 專利防滲漏風雨衣 內斜+外斜設計 快速穿脫,BNN,1214754,90,1.3 品牌欄完全相符,2026-09-21 14:59:59,BNN 斌瀛,品牌欄,bnn斌瀛,bnn,斌瀛,1214754,bnn,,Books,auto,3,True
momo,Sports & Outdoors,12934731,,【東京 Ito】滾輪磁珠按摩器(美容院專用按摩棒 助吸收 肩頸舒緩痛症 醫療棒 緊致護膚 生髮),ITO,1216067,85,2.2 由商品名稱【】比對到品牌,2026-09-21 14:59:59,東京 Ito,標題【】,東京ito,ito,東京,1216067,ito,,Beauty,,3,True
momo,Sports & Outdoors,13195251,,【東京 Ito】簡易足底穴位按摩器(家庭男女腳部按摩足部指壓腳底按摩儀 foot massage),ITO,1216067,85,2.2 由商品名稱【】比對到品牌,2026-09-21 14:59:59,東京 Ito,標題【】,東京ito,ito,東京,1216067,ito,,Beauty,,3,True
momo,Sports & Outdoors,13477341,GNC 健安喜,【GNC 健安喜】Pro Performance AMP黃金系列高級乳清蛋白粉 2.05lb/罐(巧克力口味),GNC,3495165,90,1.3 品牌欄完全相符,2026-09-21 14:59:59,GNC 健安喜,品牌欄,gnc健安喜,gnc,健安喜,3495165,gnc,,Health,auto,3,True
momo,Sports & Outdoors,13705244,GNC 健安喜,【GNC 健安喜】支鏈胺基酸 1800 240 膠囊食品 240粒/瓶(續航最佳幫手/人體必需胺基酸),GNC,3495165,90,1.3 品牌欄完全相符,2026-09-21 14:59:59,GNC 健安喜,品牌欄,gnc健安喜,gnc,健安喜,3495165,gnc,,Health,auto,3,True
momo,Sports & Outdoors,13749784,BNN 斌瀛,【BNN 斌瀛】JUMPＸBNN 達克 背包款雙側開套裝二件式風雨衣(布面材質 高耐水壓防水布料 限定色),BNN,1214754,90,1.3 品牌欄完全相符,2026-09-21 14:59:59,BNN 斌瀛,品牌欄,bnn斌瀛,bnn,斌瀛,1214754,bnn,,Books,auto,3,True
momo,Sports & Outdoors,13749785,BNN 斌瀛,【BNN 斌瀛】BNNxJUMP 貝塔BETA背包款專利雙側開風雨衣(寬版反光 內檔片加寬),BNN,1214754,90,1.3 品牌欄完全相符,2026-09-21 14:59:59,BNN 斌瀛,品牌欄,bnn斌瀛,bnn,斌瀛,1214754,bnn,,Books,auto,3,True
momo,Sports & Outdoors,13977355,,【東京 Ito】親子戶外運動匹克球套裝(pickleball),ITO,1216067,85,2.2 由商品名稱【】比對到品牌,2026-09-21 14:59:59,東京 Ito,標題【】,東京ito,ito,東京,1216067,ito,,Beauty,,3,True
momo,Sports & Outdoors,13980325,,【東京 Ito】得分手提網球拍記分器(Portable tennis racket marker 對打比賽),ITO,1216067,85,2.2 由商品名稱【】比對到品牌,2026-09-21 14:59:59,東京 Ito,標題【】,東京ito,ito,東京,1216067,ito,,Beauty,,3,True
momo,Sports & Outdoors,14362940,NOW 娜奧,【NOW】美國 摺疊肩背托特保冷袋 蜜蜂花語 / 保溫袋 保冰袋 保冷便當袋,NOW,2387626,85,1.4 品牌欄相符（品牌庫有重複，取業績最高）,2026-09-21 14:59:59,NOW 娜奧,品牌欄,now娜奧,now,娜奧,2387626,now,,Health,auto,3,True
momo,Sports & Outdoors,14362941,NOW 娜奧,【NOW】美國 摺疊肩背托特保冷袋 復古單車 / 保溫袋 保冰袋 保冷便當袋,NOW,2387626,85,1.4 品牌欄相符（品牌庫有重複，取業績最高）,2026-09-21 14:59:59,NOW 娜奧,品牌欄,now娜奧,now,娜奧,2387626,now,,Health,auto,3,True
momo,Sports & Outdoors,14362942,NOW 娜奧,【NOW】美國 摺疊肩背托特保冷袋 桔黃條紋 / 保溫袋 保冰袋 保冷便當袋,NOW,2387626,85,1.4 品牌欄相符（品牌庫有重複，取業績最高）,2026-09-21 14:59:59,NOW 娜奧,品牌欄,now娜奧,now,娜奧,2387626,now,,Health,auto,3,True
momo,Sports & Outdoors,15098491,GNC 健安喜,【GNC 健安喜】量能肌酸粉-原味 255g/罐(純素/幫助運動表現/持久爆發力/幫助能量生成),GNC,3495165,90,1.3 品牌欄完全相符,2026-09-21 14:59:59,GNC 健安喜,品牌欄,gnc健安喜,gnc,健安喜,3495165,gnc,,Health,auto,3,True
momo,Sports & Outdoors,15290095,GNC 健安喜,即期品【GNC 健安喜】Pro Performance乳清蛋白粉-巧克力口味 蛋白質增量版(濃縮乳清/分離乳清/BCAA),GNC,3495165,90,1.3 品牌欄完全相符,2026-09-21 14:59:59,GNC 健安喜,品牌欄,gnc健安喜,gnc,健安喜,3495165,gnc,,Health,auto,3,True
momo,Sports & Outdoors,15460524,GNC 健安喜,【GNC 健安喜】真勁Pro Performance雙效乳清蛋白-草莓風味 372g (濃縮乳清/分離乳清/粉末細緻水溶性佳),GNC,3495165,90,1.3 品牌欄完全相符,2026-09-21 14:59:59,GNC 健安喜,品牌欄,gnc健安喜,gnc,健安喜,3495165,gnc,,Health,auto,3,True
momo,Sports & Outdoors,15460526,GNC 健安喜,【GNC 健安喜】真勁Pro Performance雙效綜合乳清蛋白-花生風味805g (濃縮乳清/分離乳清/粉末細緻水溶性佳),GNC,3495165,90,1.3 品牌欄完全相符,2026-09-21 14:59:59,GNC 健安喜,品牌欄,gnc健安喜,gnc,健安喜,3495165,gnc,,Health,auto,3,True
momo,Sports & Outdoors,15460527,GNC 健安喜,【GNC 健安喜】真勁Pro Performance高熱量乳清蛋白-可可風味 927g (濃縮乳清/分離乳清/粉末細緻水溶性佳),GNC,3495165,90,1.3 品牌欄完全相符,2026-09-21 14:59:59,GNC 健安喜,品牌欄,gnc健安喜,gnc,健安喜,3495165,gnc,,Health,auto,3,True
momo,Sports & Outdoors,15630928,NOW 娜奧,【NOW 娜奧】美國 摺疊肩背托特保冷袋 漿果花園 / 保溫袋 保冰袋 野餐袋 保冷便當袋,NOW,2387626,85,1.4 品牌欄相符（品牌庫有重複，取業績最高）,2026-09-21 14:59:59,NOW 娜奧,品牌欄,now娜奧,now,娜奧,2387626,now,,Health,auto,3,True
momo,Sports & Outdoors,7302567,CS 嚴選,【CS 嚴選】多功能防潑水輕量夜光戶外登山旅遊自行車路跑步萬用水壺運動腰包(多色可選CS08502),C&S,2838752,84,1.3 品牌欄完全相符,2026-09-21 14:59:59,CS 嚴選,品牌欄,cs嚴選,cs,嚴選,2838752,cs,,Home & Living,,2,True
momo,Sports & Outdoors,7534187,,【斌瀛BNN】奧柏專利內斜開風雨衣(褲襠不漏水),BNN,1214754,85,2.2 由商品名稱【】比對到品牌,2026-09-21 14:59:59,斌瀛BNN,標題【】,斌瀛bnn,bnn,斌瀛,1214754,bnn,,Books,auto,3,True
momo,Sports & Outdoors,7980983,TAS 極限運動,【TAS 極限運動】二合一 防駝背 護腰帶(防駝背 護腰帶 束腹 鋁板 駝背 防駝背 護腰 塑腹帶),TAS,1100263,90,1.3 品牌欄完全相符,2026-09-21 14:59:59,TAS 極限運動,品牌欄,tas極限運動,tas,極限運動,1100263,tas,,Shoes,auto,3,True
momo,Sports & Outdoors,7981049,TAS 極限運動,【TAS 極限運動】強力支撐鋼板多功能護腰帶(多功能 鋼板 護腰帶 磁石 護腰 支撐 束腰 收腹),TAS,1100263,90,1.3 品牌欄完全相符,2026-09-21 14:59:59,TAS 極限運動,品牌欄,tas極限運動,tas,極限運動,1100263,tas,,Shoes,auto,3,True
momo,Sports & Outdoors,8486491,BSN 畢斯恩,【BSN 畢斯恩】Syntha-6 頂級綜合乳清蛋白 4.56磅/5磅(多口味可選),BSN,1142696,98,1.3 品牌欄完全相符,2026-09-21 14:59:59,BSN 畢斯恩,品牌欄,bsn畢斯恩,bsn,畢斯恩,1142696,bsn,,Sports & Outdoors,auto,3,True
momo,Sports & Outdoors,8536927,BSN 畢斯恩,【BSN 畢斯恩】高熱量乳清蛋白10.38磅(草莓),BSN,1142696,98,1.3 品牌欄完全相符,2026-09-21 14:59:59,BSN 畢斯恩,品牌欄,bsn畢斯恩,bsn,畢斯恩,1142696,bsn,,Sports & Outdoors,auto,3,True
momo,Sports & Outdoors,8536928,BSN 畢斯恩,【BSN 畢斯恩】高熱量乳清蛋白10.38磅(巧克力),BSN,1142696,98,1.3 品牌欄完全相符,2026-09-21 14:59:59,BSN 畢斯恩,品牌欄,bsn畢斯恩,bsn,畢斯恩,1142696,bsn,,Sports & Outdoors,auto,3,True
momo,Sports & Outdoors,8937394,BS 荷蘭,【BS 荷蘭】行動桌球網(桌球桌 無場地限制 室內遊戲),BS,6353151,85,1.4 品牌欄相符（品牌庫有重複，取業績最高）,2026-09-21 14:59:59,BS 荷蘭,品牌欄,bs荷蘭,bs,荷蘭,6353151,bs,,Mother & Baby,auto,2,True
momo,Sports & Outdoors,9486899,BSN 畢斯恩,【BSN 畢斯恩】Syntha-6 頂級綜合乳清蛋白 2.91磅/2.59磅(多口味可選),BSN,1142696,98,1.3 品牌欄完全相符,2026-09-21 14:59:59,BSN 畢斯恩,品牌欄,bsn畢斯恩,bsn,畢斯恩,1142696,bsn,,Sports & Outdoors,auto,3,True
momo,Sports & Outdoors,9486904,BSN 畢斯恩,【BSN 畢斯恩】Syntha-6 頂級綜合乳清蛋白 2.59磅(德式巧克力),BSN,1142696,98,1.3 品牌欄完全相符,2026-09-21 14:59:59,BSN 畢斯恩,品牌欄,bsn畢斯恩,bsn,畢斯恩,1142696,bsn,,Sports & Outdoors,auto,3,True
momo,Sports & Outdoors,9735817,LAC 利維喜,【LAC 利維喜】Cellucor C4運前肌酸粉末x1罐組(精胺酸/重訓黑魔法/C4),LAC,1288127,90,1.3 品牌欄完全相符,2026-09-21 14:59:59,LAC 利維喜,品牌欄,lac利維喜,lac,利維喜,1288127,lac,,Health,auto,3,True
momo,Women Accessories,11252960,,【東京 Ito】矽膠護腳跟防乾裂保濕保護襪套(襪子 腳後跟 摩腳 吸汗 高跟鞋 龜裂 美腿),ITO,1216067,85,2.2 由商品名稱【】比對到品牌,2026-09-21 15:01:13,東京 Ito,標題【】,東京ito,ito,東京,1216067,ito,,Beauty,,3,True
momo,Women Accessories,13971634,,【東京 Ito】七芯傘繩編織五合一手環(指南針求生手繩戶外登山露營緊急救`生手鍊),ITO,1216067,85,2.2 由商品名稱【】比對到品牌,2026-09-21 15:01:13,東京 Ito,標題【】,東京ito,ito,東京,1216067,ito,,Beauty,,3,True
momo,Women Accessories,5435044,Y-3 山本耀司,【Y-3山本耀司】Yohji Yamamoto 時尚前衛方框光學眼鏡(銀-YY3003-914),Y-3,1802937,90,1.3 品牌欄完全相符,2026-09-21 15:01:13,Y-3 山本耀司,品牌欄,y3山本耀司,y3,山本耀司,1802937,y3,,Men's Apparel,auto,2,True
momo,Women Bags,10032950,CS 嚴選,【CS 嚴選】真皮包包 商務首選真牛皮防水耐用14吋筆電包菁英大容量手提包公事包斜背包CSho,C&S,2838752,84,1.3 品牌欄完全相符,2026-09-21 15:01:47,CS 嚴選,品牌欄,cs嚴選,cs,嚴選,2838752,cs,,Home & Living,,2,True
momo,Women Bags,10317459,NOW 娜奧,【NOW 娜奧】美國 編織肩背包 薄荷灰 / 側背包 斜背包 背帶包 年末送禮,NOW,2387626,85,1.4 品牌欄相符（品牌庫有重複，取業績最高）,2026-09-21 15:01:47,NOW 娜奧,品牌欄,now娜奧,now,娜奧,2387626,now,,Health,auto,3,True
momo,Women Bags,12157160,CS 嚴選,【CS 嚴選】超人氣日韓百搭休閒旅行出差商務筆電大容量書包雙肩包後背包(多款選),C&S,2838752,84,1.3 品牌欄完全相符,2026-09-21 15:01:47,CS 嚴選,品牌欄,cs嚴選,cs,嚴選,2838752,cs,,Home & Living,,2,True
momo,Women Bags,14353774,NOW 娜奧,【NOW】美國 純棉托特包 自行車 / 側背包 年末送禮,NOW,2387626,85,1.4 品牌欄相符（品牌庫有重複，取業績最高）,2026-09-21 15:01:47,NOW 娜奧,品牌欄,now娜奧,now,娜奧,2387626,now,,Health,auto,3,True
momo,Women Bags,14353775,NOW 娜奧,【NOW】父親節送禮精選 美國 純棉托特包 巴黎街景 / 側背包 年末送禮,NOW,2387626,85,1.4 品牌欄相符（品牌庫有重複，取業績最高）,2026-09-21 15:01:47,NOW 娜奧,品牌欄,now娜奧,now,娜奧,2387626,now,,Health,auto,3,True
momo,Women Bags,14353776,NOW 娜奧,【NOW】美國 純棉托特包 夢想小店 / 側背包 年末送禮,NOW,2387626,85,1.4 品牌欄相符（品牌庫有重複，取業績最高）,2026-09-21 15:01:47,NOW 娜奧,品牌欄,now娜奧,now,娜奧,2387626,now,,Health,auto,3,True
momo,Women Bags,15298196,CS 嚴選,【CS 嚴選】時尚USB輕量化商務休閒旅行筆電雙肩包後背包CSN111104,C&S,2838752,84,1.3 品牌欄完全相符,2026-09-21 15:01:47,CS 嚴選,品牌欄,cs嚴選,cs,嚴選,2838752,cs,,Home & Living,,2,True
momo,Women Bags,15298197,CS 嚴選,【CS 嚴選】日韓百搭風休閒筆電防潑水大容量創意雙肩包後背包CSN110106 防水包 送禮,C&S,2838752,84,1.3 品牌欄完全相符,2026-09-21 15:01:47,CS 嚴選,品牌欄,cs嚴選,cs,嚴選,2838752,cs,,Home & Living,,2,True
momo,Women Bags,15298198,CS 嚴選,【CS 嚴選】百搭文青後背包雙肩包登山包筆電包大容量收納CSN113103 送禮,C&S,2838752,84,1.3 品牌欄完全相符,2026-09-21 15:01:47,CS 嚴選,品牌欄,cs嚴選,cs,嚴選,2838752,cs,,Home & Living,,2,True
momo,Women Bags,15298214,CS 嚴選,【CS 嚴選】文青風百搭款 休閒旅行商務15.6吋筆電雙肩包 後背包CSN113105 送禮,C&S,2838752,84,1.3 品牌欄完全相符,2026-09-21 15:01:47,CS 嚴選,品牌欄,cs嚴選,cs,嚴選,2838752,cs,,Home & Living,,2,True
momo,Women Bags,15319672,CS 嚴選,【CS 嚴選】商務輕旅防潑水15.6吋筆電後背包 上班旅行雙肩包 防水包 CSN113113,C&S,2838752,84,1.3 品牌欄完全相符,2026-09-21 15:01:47,CS 嚴選,品牌欄,cs嚴選,cs,嚴選,2838752,cs,,Home & Living,,2,True
momo,Women Bags,15319674,CS 嚴選,【CS 嚴選】輕旅商務防潑水USB筆電包後背包出差上班旅行休閒雙肩包 防水包CSN113117,C&S,2838752,84,1.3 品牌欄完全相符,2026-09-21 15:01:47,CS 嚴選,品牌欄,cs嚴選,cs,嚴選,2838752,cs,,Home & Living,,2,True
momo,Women Bags,15319675,CS 嚴選,【CS 嚴選】俐落美學可充電設計商務休閒旅行15.6吋筆電包雙肩包後背包CSHN08105,C&S,2838752,84,1.3 品牌欄完全相符,2026-09-21 15:01:47,CS 嚴選,品牌欄,cs嚴選,cs,嚴選,2838752,cs,,Home & Living,,2,True
momo,Women Bags,15319677,CS 嚴選,【CS 嚴選】真皮包包 商務牛皮防水14吋筆電包菁英大容量手提包公事包斜背包 送禮自用CSHN11,C&S,2838752,84,1.3 品牌欄完全相符,2026-09-21 15:01:47,CS 嚴選,品牌欄,cs嚴選,cs,嚴選,2838752,cs,,Home & Living,,2,True
momo,Women Bags,15319678,CS 嚴選,【CS 嚴選】真皮包包 商務進口牛皮防水耐用14吋筆電包大容量手提包公事包斜背包 送禮自用CS,C&S,2838752,84,1.3 品牌欄完全相符,2026-09-21 15:01:47,CS 嚴選,品牌欄,cs嚴選,cs,嚴選,2838752,cs,,Home & Living,,2,True
momo,Women Bags,15319681,CS 嚴選,【CS 嚴選】真皮包包 商務進口牛皮多層隔防水14吋筆電包上班族大容量手提公事包斜背包 送禮,C&S,2838752,84,1.3 品牌欄完全相符,2026-09-21 15:01:47,CS 嚴選,品牌欄,cs嚴選,cs,嚴選,2838752,cs,,Home & Living,,2,True
momo,Women Bags,15319682,CS 嚴選,【CS 嚴選】機能防潑水可充電15.6吋筆電商務休閒旅行雙肩包後背包 防水包 送禮自用CSN09101,C&S,2838752,84,1.3 品牌欄完全相符,2026-09-21 15:01:47,CS 嚴選,品牌欄,cs嚴選,cs,嚴選,2838752,cs,,Home & Living,,2,True
momo,Women Bags,15319683,CS 嚴選,【CS 嚴選】防潑水可充電14吋筆電包休閒旅行雙肩包後背包情侶包 防水包 送禮自用CSN09102,C&S,2838752,84,1.3 品牌欄完全相符,2026-09-21 15:01:47,CS 嚴選,品牌欄,cs嚴選,cs,嚴選,2838752,cs,,Home & Living,,2,True
momo,Women Bags,15330956,CS 嚴選,【CS 嚴選】機能防潑水可充電筆電拉桿帶商務休閒旅行雙肩包後背包防水包 送禮自用 CSN09116,C&S,2838752,84,1.3 品牌欄完全相符,2026-09-21 15:01:47,CS 嚴選,品牌欄,cs嚴選,cs,嚴選,2838752,cs,,Home & Living,,2,True
momo,Women Bags,15330957,CS 嚴選,【CS 嚴選】都會時尚透氣減壓防潑水筆電後背包 出差旅行雙肩包 防水包 送禮自用CSN113110,C&S,2838752,84,1.3 品牌欄完全相符,2026-09-21 15:01:47,CS 嚴選,品牌欄,cs嚴選,cs,嚴選,2838752,cs,,Home & Living,,2,True
momo,Women Bags,15364428,CS 嚴選,【CS 嚴選】多功能商務變換包 旅行出差15.6吋筆電雙肩包 後背包 密碼鎖公事包 手提包 送禮,C&S,2838752,84,1.3 品牌欄完全相符,2026-09-21 15:01:47,CS 嚴選,品牌欄,cs嚴選,cs,嚴選,2838752,cs,,Home & Living,,2,True
momo,Women Bags,15364429,CS 嚴選,【CS 嚴選】輕量商務旅行15.6吋筆電包雙肩包後背包拉桿帶 送禮自用CSN08109,C&S,2838752,84,1.3 品牌欄完全相符,2026-09-21 15:01:47,CS 嚴選,品牌欄,cs嚴選,cs,嚴選,2838752,cs,,Home & Living,,2,True
momo,Women Bags,15550958,CS 嚴選,【CS 嚴選】英倫雅痞風俐落大容量收納百搭運動風 胸背包 斜背包 單肩包 休閒包CSN08404,C&S,2838752,84,1.3 品牌欄完全相符,2026-09-21 15:01:47,CS 嚴選,品牌欄,cs嚴選,cs,嚴選,2838752,cs,,Home & Living,,2,True
momo,Women Bags,6238004,CS 嚴選,【CS嚴選】日韓風紳士商務時尚休閒防潑水斜肩10吋平板包 斜背包 側背包 肩背包CS07201 防水,C&S,2838752,84,1.3 品牌欄完全相符,2026-09-21 15:01:47,CS 嚴選,品牌欄,cs嚴選,cs,嚴選,2838752,cs,,Home & Living,,2,True
momo,Women Bags,6257728,CS 嚴選,【CS嚴選】英倫百搭學院風休閒旅行出差14吋筆電學院書包雙肩包後背包CS07104,C&S,2838752,84,1.3 品牌欄完全相符,2026-09-21 15:01:47,CS 嚴選,品牌欄,cs嚴選,cs,嚴選,2838752,cs,,Home & Living,,2,True
momo,Women Bags,6367548,CS 嚴選,【CS嚴選】經典都會商務休閒多隔層收納平板休閒斜背包肩背包側背包CS08202,C&S,2838752,84,1.3 品牌欄完全相符,2026-09-21 15:01:47,CS 嚴選,品牌欄,cs嚴選,cs,嚴選,2838752,cs,,Home & Living,,2,True
momo,Women Bags,7067089,CS 嚴選,【CS 嚴選】日韓風輕量休閒旅行15.6吋筆電包雙肩包後背包商務拉桿帶CS08109,C&S,2838752,84,1.3 品牌欄完全相符,2026-09-21 15:01:47,CS 嚴選,品牌欄,cs嚴選,cs,嚴選,2838752,cs,,Home & Living,,2,True
momo,Women Bags,7398976,CS 嚴選,【CS 嚴選】巴黎風立體大容量休閒百搭運動胸背包斜背包單肩包休閒包CS09401,C&S,2838752,84,1.3 品牌欄完全相符,2026-09-21 15:01:47,CS 嚴選,品牌欄,cs嚴選,cs,嚴選,2838752,cs,,Home & Living,,2,True
momo,Women Bags,7559743,CS 嚴選,【CS 嚴選】真皮包包 商務頭層牛皮防水耐用14吋筆電包大容量手提包公事包斜背包(CShonor093,C&S,2838752,84,1.3 品牌欄完全相符,2026-09-21 15:01:47,CS 嚴選,品牌欄,cs嚴選,cs,嚴選,2838752,cs,,Home & Living,,2,True
momo,Women Bags,7924258,CS 嚴選,【CS 嚴選】日本風USB 拉桿帶設計商務休閒旅行15.6吋筆電大容量雙肩後背包 手提包CS09107,C&S,2838752,84,1.3 品牌欄完全相符,2026-09-21 15:01:47,CS 嚴選,品牌欄,cs嚴選,cs,嚴選,2838752,cs,,Home & Living,,2,True
momo,Women Bags,9303349,NOW 娜奧,【NOW 娜奧】美國 編織肩背包 海藍 / 側背包 斜背包 背帶包 年末送禮,NOW,2387626,85,1.4 品牌欄相符（品牌庫有重複，取業績最高）,2026-09-21 15:01:47,NOW 娜奧,品牌欄,now娜奧,now,娜奧,2387626,now,,Health,auto,3,True
momo,Women Bags,9303350,NOW 娜奧,【NOW 娜奧】美國 編織肩背包 碧綠 / 側背包 斜背包 背帶包 年末送禮,NOW,2387626,85,1.4 品牌欄相符（品牌庫有重複，取業績最高）,2026-09-21 15:01:47,NOW 娜奧,品牌欄,now娜奧,now,娜奧,2387626,now,,Health,auto,3,True
momo,Women Bags,13302732,CS 嚴選,【CS 嚴選】流線造型輕量防潑水直立斜背包 側肩包 單肩包 休閒包CS113204 防水包,C&S,2838752,84,1.3 品牌欄完全相符,2026-09-21 15:01:47,CS 嚴選,品牌欄,cs嚴選,cs,嚴選,2838752,cs,,Home & Living,,2,True
momo,Women Bags,13862325,CS 嚴選,【CS 嚴選】日系防潑水半月形斜背包 牛角包 單肩包 月牙包 側背包 古著穿搭CS114203,C&S,2838752,84,1.3 品牌欄完全相符,2026-09-21 15:01:47,CS 嚴選,品牌欄,cs嚴選,cs,嚴選,2838752,cs,,Home & Living,,2,True
momo,Women Bags,15554219,CS 嚴選,【CS 嚴選】韓版防潑水休閒旅行出差15.6吋筆電大容量雙肩包後背包 防水包 CSN114101,C&S,2838752,84,1.3 品牌欄完全相符,2026-09-21 15:01:47,CS 嚴選,品牌欄,cs嚴選,cs,嚴選,2838752,cs,,Home & Living,,2,True
momo,Women Bags,15554220,CS 嚴選,【CS 嚴選】韓版可充電拉桿帶反光警示設計 商務休閒旅行15.6吋筆電包雙肩包後背包CSN09103,C&S,2838752,84,1.3 品牌欄完全相符,2026-09-21 15:01:47,CS 嚴選,品牌欄,cs嚴選,cs,嚴選,2838752,cs,,Home & Living,,2,True
momo,Women Bags,15569427,CS 嚴選,【CS 嚴選】夜間反光 健行運動後背包 旅行登山包 15.6吋筆電包 雙肩背包 防水包 CSN114102,C&S,2838752,84,1.3 品牌欄完全相符,2026-09-21 15:01:47,CS 嚴選,品牌欄,cs嚴選,cs,嚴選,2838752,cs,,Home & Living,,2,True
momo,Women Bags,15569428,CS 嚴選,【CS 嚴選】真皮包包 紳士牛皮胸背包 運動休閒胸包 斜背包 單肩包 防水包 CSHN112401,C&S,2838752,84,1.3 品牌欄完全相符,2026-09-21 15:01:47,CS 嚴選,品牌欄,cs嚴選,cs,嚴選,2838752,cs,,Home & Living,,2,True
momo,Women Bags,15569431,CS 嚴選,【CS 嚴選】質感防水包 可充電拉桿帶 15.6吋筆電商務休閒旅行雙肩包後背包CSN110105,C&S,2838752,84,1.3 品牌欄完全相符,2026-09-21 15:01:47,CS 嚴選,品牌欄,cs嚴選,cs,嚴選,2838752,cs,,Home & Living,,2,True
momo,Women Bags,15569433,CS 嚴選,【CS 嚴選】人體工學商務休閒旅行出差大容量USB充電14吋筆電雙肩包後背包CSN07103,C&S,2838752,84,1.3 品牌欄完全相符,2026-09-21 15:01:47,CS 嚴選,品牌欄,cs嚴選,cs,嚴選,2838752,cs,,Home & Living,,2,True
momo,Women Bags,7223623,CS 嚴選,【CS 嚴選】歐美風大容量設計防潑水外出旅行袋 運動包 購物袋 旅行包 行李袋 單肩包CS08601 防水包,C&S,2838752,84,1.3 品牌欄完全相符,2026-09-21 15:01:47,CS 嚴選,品牌欄,cs嚴選,cs,嚴選,2838752,cs,,Home & Living,,2,True
momo,Women Bags,8078753,CS 嚴選,【CS 嚴選】日韓風紳士防潑水大容量USB充電胸背包 運動休閒胸包 斜背包 單肩包CS09407 防水,C&S,2838752,84,1.3 品牌欄完全相符,2026-09-21 15:01:47,CS 嚴選,品牌欄,cs嚴選,cs,嚴選,2838752,cs,,Home & Living,,2,True
momo,Women's Apparel,11297470,,【東京 Ito】矽膠鞋貼14件套裝(透明 前腳掌套 保護墊 防磨 防滑 高跟鞋 後跟貼 鞋墊 水泡 足部痛 上班),ITO,1216067,85,2.2 由商品名稱【】比對到品牌,2026-09-21 15:00:53,東京 Ito,標題【】,東京ito,ito,東京,1216067,ito,,Beauty,,3,True
momo,Women's Apparel,11818607,,【東京 Ito】無肩帶無痕隱形內衣胸罩(露背文胸 bra 天生小胸也不怕！讓-A罩杯也能變強神器！),ITO,1216067,85,2.2 由商品名稱【】比對到品牌,2026-09-21 15:00:53,東京 Ito,標題【】,東京ito,ito,東京,1216067,ito,,Beauty,,3,True
momo,Women's Apparel,14781448,AOK 飛速,【AOK 飛速】女性棉質免洗內褲 3入x5包(舒適全棉 免洗內褲 一次性內褲 拋棄式內褲 旅行內褲),AOK,1126232,85,1.4 品牌欄相符（品牌庫有重複，取業績最高）,2026-09-21 15:00:53,AOK 飛速,品牌欄,aok飛速,aok,飛速,1126232,aok,,Home & Living,,3,True
momo,Women's Apparel,14781449,AOK 飛速,【AOK 飛速】女性棉質免洗內褲 3入x3包(舒適全棉 免洗內褲 一次性內褲 拋棄式內褲 旅行內褲),AOK,1126232,85,1.4 品牌欄相符（品牌庫有重複，取業績最高）,2026-09-21 15:00:53,AOK 飛速,品牌欄,aok飛速,aok,飛速,1126232,aok,,Home & Living,,3,True
momo,Women's Apparel,14956903,K’s 凱恩絲,【K’s 凱恩絲】開運大紅內褲-超值5件組 (款式隨機出貨),K&S,1111289,79,1.4 品牌欄相符（品牌庫有重複，取業績最高）,2026-09-21 15:00:53,K’s 凱恩絲,品牌欄,ks凱恩絲,ks,凱恩絲,1111289,ks,,Motors,,2,True
momo,Women's Apparel,3897132,JS 嚴選,【JS嚴選】*買一送一*可調式超彈力束腹挺背美體護腰帶,JS,5712923,79,1.4 品牌欄相符（品牌庫有重複，取業績最高）,2026-09-21 15:00:53,JS 嚴選,品牌欄,js嚴選,js,嚴選,5712923,js,,Home & Living,,2,True
